Geografia i Turystyka;Afryka - Geografia i Przyroda;bardzo trudne;Jak nazywa się endemiczne drzewo Madagaskaru o charakterystycznym grubym pniu, zwane "drzewem życia"?;Baobab;Akacja;Eukaliptus;Puchowiec
Geografia i Turystyka;Afryka - Geografia i Przyroda;bardzo trudne;W którym państwie znajduje się Park Narodowy Krugera, jeden z największych rezerwatów w Afryce?;RPA;Kenia;Tanzania;Zimbabwe
Geografia i Turystyka;Afryka - Geografia i Przyroda;trudne;Jak nazywa się wielki rów tektoniczny ciągnący się przez wschodnią Afrykę?;Wielki Rów Afrykański;Rów Mariański;Dolina Śmierci;Rów Abisyński
Geografia i Turystyka;Afryka - Geografia i Przyroda;trudne;W którym państwie znajduje się Delta Okawango, największa na świecie delta śródlądowa?;Botswana;Namibia;RPA;Angola
Geografia i Turystyka;Afryka - Geografia i Przyroda;łatwe;Jak nazywa się największe zwierzę lądowe Afryki?;Słoń afrykański;Nosorożec;Hipopotam;Żyrafa
Geografia i Turystyka;Kontynenty i Regiony Świata;bardzo trudne;Jak nazywa się najbardziej na południe wysunięty przylądek Ameryki Południowej?;Horn;Froward;Branco;Parinas
Geografia i Turystyka;Kontynenty i Regiony Świata;bardzo trudne;Która rzeka w Ameryce Południowej ma największy przepływ wody na świecie?;Amazonka;Orinoko;Parana;Magdalena
Geografia i Turystyka;Kontynenty i Regiony Świata;trudne;Jak nazywa się najwyżej położone jezioro żeglowne świata, leżące w Andach?;Titicaca;Maracaibo;Poopó;Buenos Aires
Geografia i Turystyka;Kontynenty i Regiony Świata;trudne;W którym państwie znajduje się Salar de Uyuni – największe solnisko na świecie?;Boliwia;Chile;Argentyna;Paragwaj
Geografia i Turystyka;Kontynenty i Regiony Świata;łatwe;Jaki język jest urzędowy w Brazylii?;Portugalski;Hiszpański;Angielski;Francuski
Geografia i Turystyka;Architektura i Cuda Świata;bardzo trudne;Jak nazywa się monumentalny grobowiec w Agrze, wzniesiony przez Szahdżahana dla żony Mumtaz Mahal?;Taj Mahal;Hawa Mahal;Czerwony Fort;Lotusa
Geografia i Turystyka;Architektura i Cuda Świata;bardzo trudne;W którym państwie znajduje się kompleks zamkowy Himeji, zwany "Zamkiem Białej Czapli"?;Japonia;Korea Południowa;Chiny;Wietnam
Geografia i Turystyka;Architektura i Cuda Świata;trudne;Jak nazywa się słynna opera w Sydney, znana z dachu przypominającego żagle?;Sydney Opera House;Harbour Bridge;Royal Opera;The Shell
Geografia i Turystyka;Architektura i Cuda Świata;trudne;W którym mieście znajduje się Sagrada Família – niedokończone dzieło Antoniego Gaudíego?;Barcelona;Madryt;Sewilla;Walencja
Geografia i Turystyka;Architektura i Cuda Świata;łatwe;W którym kraju znajduje się słynna Krzywa Wieża w Pizie?;Włochy;Francja;Hiszpania;Grecja
Geografia i Turystyka;Metropolie i Miasta Świata;bardzo trudne;Jak nazywa się słynne muzeum figur woskowych w Londynie?;Madame Tussauds;British Museum;National Gallery;Tate Modern
Geografia i Turystyka;Metropolie i Miasta Świata;bardzo trudne;Która ulica w Londynie jest znana jako centrum brytyjskiego dziennikarstwa?;Fleet Street;Oxford Street;Downing Street;Abbey Road
Geografia i Turystyka;Metropolie i Miasta Świata;trudne;Jak nazywa się twierdza nad Tamizą, w której przechowywane są klejnoty koronne?;Tower of London;Windsor;Hampton Court;Greenwich
Geografia i Turystyka;Metropolie i Miasta Świata;trudne;W którym pałacu urzęduje brytyjski monarcha w Londynie?;Buckingham;Westminster;Kensington;St. James's
Geografia i Turystyka;Metropolie i Miasta Świata;łatwe;Jak nazywa się słynny zegar w wieży parlamentu w Londynie?;Big Ben;London Eye;Tower Bridge;The Shard
Geografia i Turystyka;Architektura i Cuda Świata;bardzo trudne;Jak nazywa się największy zamek na świecie pod względem powierzchni, znajdujący się w Czechach?;Zamek na Hradczanach;Karlstejn;Konopiste;Lednice
Geografia i Turystyka;Architektura i Cuda Świata;bardzo trudne;Jaki zamek w Transylwanii, będący atrakcją turystyczną Rumunii, przypisuje się hrabiemu Drakuli?;Zamek w Bran;Zamek w Hunedoarze;Pałac Peles;Twierdza Poenari
Geografia i Turystyka;Architektura i Cuda Świata;bardzo trudne;W jakim portugalskim mieście znajduje się słynny Most Ludwika I wybudowany przez ucznia Eiffla?;W Porto;W Lizbonie;W Coimbrze;W Bradze
Geografia i Turystyka;Architektura i Cuda Świata;bardzo trudne;W którym londyńskim muzeum przechowywane są kontrowersyjne, słynne starożytne Marmury Elgina?;W British Museum;W Muzeum Historii Naturalnej;W Tate Modern;W National Gallery
Geografia i Turystyka;Architektura i Cuda Świata;bardzo trudne;W którym norweskim fiordzie znajduje się słynna półka skalna Preikestolen?;Lysefjord;Geirangerfjord;Sognefjord;Hardangerfjord
Geografia i Turystyka;Architektura i Cuda Świata;bardzo trudne;Jak nazywa się neogotycki zamek w Bawarii, który był inspiracją dla zamku w logo Disneya?;Neuschwanstein;Hohenzollern;Linderhof;Wartburg
Geografia i Turystyka;Architektura i Cuda Świata;bardzo trudne;Jak nazywa się położony w Rumunii zamek, który stał się pierwowzorem zamku Drakuli w powieści Brama Stokera?;Bran;Peles;Hunedoara;Rasnov
Geografia i Turystyka;Architektura i Cuda Świata;bardzo trudne;W którym mieście znajduje się Atomium – monumentalny model kryształu żelaza powiększony 165 miliardów razy?;Bruksela;Antwerpia;Luksemburg;Rotterdam
Geografia i Turystyka;Architektura i Cuda Świata;bardzo trudne;W którym mieście znajduje się Bazylika św. Jana na Latranie, posiadająca status "Matki i Głowy wszystkich kościołów Miasta i Świata"?;Rzym;Watykan;Mediolan;Florencja
Geografia i Turystyka;Architektura i Cuda Świata;trudne;Jak nazywa się monumentalny, megalityczny grobowiec korytarzowy w Irlandii, będący starszym niż piramidy i Stonehenge?;Newgrange;Skara Brae;Carnac;Maeshowe
Geografia i Turystyka;Architektura i Cuda Świata;trudne;Jak nazywa się potężny, zabytkowy pałac dawnych muzułmańskich kalifów górujący nad Grenadą?;Alhambra;Alcázar;Escorial;Mosquita
Geografia i Turystyka;Architektura i Cuda Świata;trudne;Jak nazywa się prehistoryczny grobowiec korytarzowy w Irlandii, starszy od piramid w Gizie?;Newgrange;Stonehenge;Skara Brae;Carnac
Geografia i Turystyka;Architektura i Cuda Świata;trudne;Jak nazywa się słynna galeria sztuki we Florencji, w której przechowywany jest m.in. obraz 'Narodziny Wenus' Sandro Botticellego?;Galeria Uffizi;Galeria Borghese;Muzeum Watykańskie;Luwr
Geografia i Turystyka;Architektura i Cuda Świata;trudne;Jak nazywa się zabytkowa dzielnica Lizbony, znana z żółtych tramwajów i muzyki fado?;Alfama;Belem;Baixa;Bairro Alto
Geografia i Turystyka;Architektura i Cuda Świata;trudne;Jaki XIX-wieczny zamek w Bawarii posłużył jako bezpośrednia inspiracja dla zamku Śpiącej Królewny z bajek Disneya?;Neuschwanstein;Hohenzollern;Eltz;Schwerin
Geografia i Turystyka;Architektura i Cuda Świata;trudne;Jaki zamek w Bawarii stał się inspiracją dla logo wytwórni Disney?;Neuschwanstein;Hohenzollern;Eltz;Wartburg
Geografia i Turystyka;Architektura i Cuda Świata;trudne;Jakie imię nosił bawarski król, który zlecił budowę baśniowego zamku Neuschwanstein w Alpach?;Ludwik II;Maksymilian I;Wilhelm II;Karol V
Geografia i Turystyka;Architektura i Cuda Świata;trudne;Na terenie jakiego najmniejszego niepodległego państwa na świecie położona jest Kaplica Sykstyńska?;Watykanu;Monako;San Marino;Liechtensteinu
Geografia i Turystyka;Architektura i Cuda Świata;trudne;W jakim hiszpańskim mieście można podziwiać arabski zespół pałacowy Alhambra?;W Grenadzie;W Sewilli;W Madrycie;W Barcelonie
Geografia i Turystyka;Architektura i Cuda Świata;trudne;W jakim hiszpańskim mieście znajduje się niedokończona bazylika Sagrada Familia?;Barcelona;Madryt;Walencja;Sewilla
Geografia i Turystyka;Architektura i Cuda Świata;trudne;W jakim hiszpańskim mieście znajduje się wspaniały, zabytkowy arabski zespół pałacowy Alhambra?;Grenada;Sewilla;Kordoba;Malaga
Geografia i Turystyka;Architektura i Cuda Świata;trudne;W którym kraju znajduje się malowniczy region Cinque Terre?;Włochy;Grecja;Hiszpania;Francja
Geografia i Turystyka;Architektura i Cuda Świata;trudne;W którym mieście znajduje się Sagrada Familia – niedokończona bazylika zaprojektowana przez Antoniego Gaudiego?;Barcelonie;Madrycie;Lizbonie;Walencji
Geografia i Turystyka;Architektura i Cuda Świata;trudne;Jak nazywa się słynna rzymska fontanna, do której turyści wrzucają monety, by zapewnić sobie powrót do miasta?;Fontanna di Trevi;Fontanna Czterech Rzek;Fontanna del Tritone;Fontanna Barcaccia
Geografia i Turystyka;Architektura i Cuda Świata;trudne;Która z rzymskich fontann jest największą i najbardziej znaną barokową fontanną w tym mieście?;Fontanna di Trevi;Fontanna Czterech Rzek;Fontanna del Tritone;Fontanna Barcaccia
Geografia i Turystyka;Architektura i Cuda Świata;trudne;W którym państwie można zwiedzić monumentalny pałac Alhambra, będący arcydziełem architektury mauretańskiej?;Hiszpania;Portugalia;Włochy;Grecja
Geografia i Turystyka;Architektura i Cuda Świata;trudne;W którym państwie znajduje się monumentalny pałac Alhambra?;Hiszpania;Portugalia;Włochy;Grecja
Geografia i Turystyka;Architektura i Cuda Świata;łatwe;Gdzie turyści udają się, aby podziwiać ruiny starożytnego Koloseum?;Do Rzymu;Do Aten;Do Stambułu;Do Neapolu
Geografia i Turystyka;Architektura i Cuda Świata;łatwe;Jak nazywa się słynny rzymski amfiteatr, będący symbolem Włoch?;Koloseum;Partenon;Panteon;Forum Romanum
Geografia i Turystyka;Architektura i Cuda Świata;łatwe;Jak potocznie nazywa się wielki dzwon na wieży Pałacu Westminsterskiego w Londynie?;Big Ben;London Eye;Tower Bridge;Dzwon Królowej
Geografia i Turystyka;Architektura i Cuda Świata;łatwe;W jakiej europejskiej stolicy można wejść na Wieżę Eiffla?;W Paryżu;W Londynie;W Rzymie;W Madrycie
Geografia i Turystyka;Architektura i Cuda Świata;łatwe;W jakiej stolicy państwa nordyckiego znajduje się słynny pomnik Małej Syrenki?;W Kopenhadze;W Oslo;W Sztokholmie;W Helsinkach
Geografia i Turystyka;Architektura i Cuda Świata;łatwe;W jakim europejskim mieście znajduje się słynna Wieża Eiffla?;Paryż;Londyn;Rzym;Madryt
Geografia i Turystyka;Architektura i Cuda Świata;łatwe;W jakim mieście głównym środkiem transportu turystów po kanałach są gondole?;W Wenecji;W Amsterdamie;W Kopenhadze;W Petersburgu
Geografia i Turystyka;Architektura i Cuda Świata;łatwe;W jakim mieście znajduje się słynna Wieża Eiffla?;W Paryżu;W Londynie;W Berlinie;W Madrycie
Geografia i Turystyka;Architektura i Cuda Świata;łatwe;W jakim państwie położony jest słynny 'Zamek Draculi' (Zamek w Bran)?;W Rumunii;Na Węgrzech;W Bułgarii;W Czechach
Geografia i Turystyka;Architektura i Cuda Świata;łatwe;W jakim południowoeuropejskim kraju można zwiedzać słynną niedokończoną świątynię Sagrada Familia?;W Hiszpanii;W Portugalii;We Włoszech;W Grecji
Geografia i Turystyka;Architektura i Cuda Świata;łatwe;W którym mieście znajduje się słynna Wieża Eiffla?;Paryż;Londyn;Rzym;Berlin
Geografia i Turystyka;Architektura i Cuda Świata;łatwe;W którym mieście znajduje się słynna Wieża Eiffla?;Paryż;Londyn;Rzym;Berlin
Geografia i Turystyka;Architektura i Cuda Świata;łatwe;W którym mieście znajduje się słynna wieża Eiffla?;Paryż;Londyn;Rzym;Berlin
Geografia i Turystyka;Polska - Przyroda i Atrakcje;bardzo trudne;Jak nazywa się malowniczy przełom rzeki w Pieninach, będący wielką atrakcją flisacką?;Przełom Dunajca;Przełom Wisły;Przełom Sanu;Przełom Popradu
Geografia i Turystyka;Polska - Przyroda i Atrakcje;bardzo trudne;W którym parku narodowym znajdują się słynne ruchome wydmy?;Słowińskim;Wolińskim;Kampinoskim;Biebrzańskim
Geografia i Turystyka;Polska - Przyroda i Atrakcje;bardzo trudne;Która z polskich jaskiń słynie z najbogatszej szaty naciekowej i znajduje się w Górach Świętokrzyskich?;Jaskinia Raj;Jaskinia Niedźwiedzia;Jaskinia Mroźna;Jaskinia Łokietka
Geografia i Turystyka;Polska - Przyroda i Atrakcje;bardzo trudne;Która z polskich jaskiń, położona w Górach Świętokrzyskich, słynie z wyjątkowo bogatej i dobrze zachowanej szaty naciekowej?;Raj;Niedźwiedzia;Mroźna;Łokietka
Geografia i Turystyka;Polska - Przyroda i Atrakcje;bardzo trudne;W której miejscowości znajduje się "Polska Sahara", czyli największy w Europie obszar lotnych piasków w głębi lądu?;Pustynia Błędowska;Słowiński Park Narodowy;Łeba;Cierpice
Geografia i Turystyka;Polska - Przyroda i Atrakcje;bardzo trudne;W którym mieście znajduje się najstarszy w Polsce i jeden z najstarszych w Europie mostów żelaznych (Most Wiszący)?;Ozdimek;Wrocław;Opole;Brzeg
Geografia i Turystyka;Polska - Przyroda i Atrakcje;trudne;Jak nazywa się najwyższy szczyt Karkonoszy?;Śnieżka;Szrenica;Śnieżne Kotły;Wielki Szyszak
Geografia i Turystyka;Polska - Przyroda i Atrakcje;trudne;W którym polskim mieście znajduje się największy na świecie zamek zbudowany z cegły?;Malbork;Kraków;Toruń;Gniew
Geografia i Turystyka;Polska - Przyroda i Atrakcje;trudne;Jak nazywa się największa w Europie twierdza górska, znajdująca się na Dolnym Śląsku?;Srebrna Góra;Kłodzko;Chojnik;Bolczów
Geografia i Turystyka;Polska - Przyroda i Atrakcje;trudne;Jak nazywa się największy w Polsce (pod względem powierzchni zamku) zamek krzyżacki, wpisany na listę UNESCO?;Malbork;Kwidzyn;Gniew;Radzyń Chełmiński
Geografia i Turystyka;Polska - Przyroda i Atrakcje;trudne;W której miejscowości znajduje się jedyna w Polsce Kaplica Czaszek?;Kudowa-Zdrój;Kłodzko;Lądek-Zdrój;Złoty Stok
Geografia i Turystyka;Polska - Przyroda i Atrakcje;trudne;W której miejscowości znajduje się jedyna w Polsce i jedna z nielicznych w Europie Kaplica Czaszek?;Kudowa-Zdrój;Kłodzko;Lądek-Zdrój;Polanica-Zdrój
Geografia i Turystyka;Polska - Przyroda i Atrakcje;łatwe;Jak nazywa się najstarsza kopalnia soli w Polsce, wpisana na listę UNESCO?;Wieliczka;Bochnia;Kłodawa;Inowrocław
Geografia i Turystyka;Polska - Przyroda i Atrakcje;łatwe;W którym mieście znajduje się Zamek Królewski na Wawelu?;Kraków;Warszawa;Poznań;Wrocław
Geografia i Turystyka;Polska - Przyroda i Atrakcje;łatwe;W którym polskim mieście znajduje się Zamek Królewski na Wawelu?;Kraków;Warszawa;Poznań;Wrocław
Geografia i Turystyka;Metropolie i Miasta Świata;bardzo trudne;Która metropolia jest stolicą Indonezji (do czasu planowanej przeprowadzki do Nusantara)?;Dżakarta;Surabaja;Medan;Bandung
Geografia i Turystyka;Metropolie i Miasta Świata;bardzo trudne;W którym mieście znajduje się "Zakazane Miasto"?;Pekin;Szanghaj;Xi'an;Kanton
Geografia i Turystyka;Metropolie i Miasta Świata;trudne;Jak nazywa się miasto w Indiach, znane jako centrum technologii, nazywane "indyjską Doliną Krzemową"?;Bangalore;Mumbaj;Delhi;Kalkuta
Geografia i Turystyka;Metropolie i Miasta Świata;trudne;W którym mieście znajduje się słynny hotel Marina Bay Sands z basenem na dachu?;Singapur;Kuala Lumpur;Hongkong;Szanghaj
Geografia i Turystyka;Metropolie i Miasta Świata;łatwe;Które miasto jest stolicą Japonii?;Tokio;Seul;Pekin;Bangkok
Geografia i Turystyka;Wody Świata - Rzeki, Jeziora, Morza;bardzo trudne;Jak nazywa się najszersza cieśnina świata, łącząca Atlantyk z Oceanem Spokojnym?;Drake'a;Magellana;Bassa;Cooka
Geografia i Turystyka;Wody Świata - Rzeki, Jeziora, Morza;bardzo trudne;Która cieśnina oddziela wyspę Tasmanie od kontynentalnej Australii?;Bassa;Torresa;Cooka;Foveaux
Geografia i Turystyka;Wody Świata - Rzeki, Jeziora, Morza;trudne;Jak nazywa się cieśnina oddzielająca Wielką Brytanię od Francji?;Pas-de-Calais;Mesyńska;Sund;Ormuz
Geografia i Turystyka;Wody Świata - Rzeki, Jeziora, Morza;trudne;Która cieśnina jest kluczowa dla transportu ropy naftowej z Zatoki Perskiej?;Ormuz;Malakka;Bab al-Mandab;Dardanele
Geografia i Turystyka;Wody Świata - Rzeki, Jeziora, Morza;łatwe;Która cieśnina oddziela Europę od Afryki przy Gibraltarze?;Gibraltarska;Bosfor;Magellana;Beringa
Geografia i Turystyka;Architektura i Cuda Świata;bardzo trudne;Jak nazywa się najwyższy wodospad świata, położony w Wenezueli?;Salto Angel;Tugela;Victoria;Niagara
Geografia i Turystyka;Architektura i Cuda Świata;bardzo trudne;W którym kraju można podziwiać "Czekoladowe Wzgórza" – ponad 1200 symetrycznych stożków?;Filipiny;Indonezja;Wietnam;Tajlandia
Geografia i Turystyka;Architektura i Cuda Świata;trudne;Jak nazywa się największa na świecie rafa koralowa?;Wielka Rafa Koralowa;Rafa Belize;Rafa Apo;Rafa koralowa Morza Czerwonego
Geografia i Turystyka;Architektura i Cuda Świata;trudne;Na granicy których dwóch państw znajdują się wodospady Iguazú?;Brazylia i Argentyna;USA i Kanada;Zambia i Zimbabwe;Wenezuela i Kolumbia
Geografia i Turystyka;Architektura i Cuda Świata;łatwe;W którym kraju znajduje się Wielki Kanion Kolorado?;USA;Kanada;Meksyk;Brazylia
Geografia i Turystyka;Architektura i Cuda Świata;bardzo trudne;Co zostało przypadkowo odkryte w 1974 roku przez rolników w okolicach chińskiego miasta Xi'an?;Terakotowa Armia;Grobowiec Czyngis-chana;Pałac Letni;Wielki Mur
Geografia i Turystyka;Architektura i Cuda Świata;bardzo trudne;Jak nazywa się największa świątynia buddyjska na świecie, znajdująca się na Jawie?;Borobudur;Angkor Wat;Bagan;Pramban
Geografia i Turystyka;Architektura i Cuda Świata;bardzo trudne;Jak nazywa się prehistoryczne sanktuarium w Turcji, uznawane za najstarsze znane miejsce kultu?;Göbekli Tepe;Catalhöyük;Troja;Efez
Geografia i Turystyka;Architektura i Cuda Świata;bardzo trudne;Jak nazywała się wykuta w jordańskich skałach dawna, spektakularna stolica starożytnych Nabatejczyków?;Petra;Baalbek;Palmyra;Persepolis
Geografia i Turystyka;Architektura i Cuda Świata;bardzo trudne;W którym afrykańskim kraju znajduje się Lalibela, znana z kościołów wykutych w skale?;Etiopia;Egipt;Sudan;Mali
Geografia i Turystyka;Architektura i Cuda Świata;bardzo trudne;W którym azjatyckim kraju położony jest rozległy, dawny kompleks tysięcy khmerskich świątyń Angkor Wat?;W Kambodży;W Wietnamie;W Tajlandii;W Mjanmie
Geografia i Turystyka;Architektura i Cuda Świata;bardzo trudne;W którym kraju znajduje się Park Narodowy Iguazú z potężnymi wodospadami?;Argentyna i Brazylia;Peru i Chile;Kolumbia;Wenezuela
Geografia i Turystyka;Architektura i Cuda Świata;bardzo trudne;Jak nazywa się największy na świecie kompleks świątynny w Kambodży, wpisany na listę UNESCO?;Angkor Wat;Borobudur;Bagan;Hampi
Geografia i Turystyka;Architektura i Cuda Świata;bardzo trudne;Jak nazywa się prehistoryczny krąg kamienny w Anglii, którego najstarsze elementy datuje się na 3000 lat p.n.e.?;Stonehenge;Avebury;Carnac;Skara Brae
Geografia i Turystyka;Architektura i Cuda Świata;bardzo trudne;W którym afrykańskim państwie znajduje się Lalibela, znana z monolitycznych kościołów wykutych w wulkanicznym tufie?;Etiopia;Egipt;Sudan;Mali
Geografia i Turystyka;Architektura i Cuda Świata;bardzo trudne;W którym kraju znajduje się kompleks świątynny Angkor Wat, będący największym zabytkiem religijnym na świecie?;Kambodża;Laos;Wietnam;Tajlandia
Geografia i Turystyka;Architektura i Cuda Świata;trudne;Jak nazywa się dawne opactwo na wyspie u wybrzeży Normandii, wpisane na listę UNESCO?;Mont Saint-Michel;Saint-Denis;Cluny;Citeaux
Geografia i Turystyka;Architektura i Cuda Świata;trudne;Jak nazywa się największa budowla sakralna na świecie, znajdująca się w Kambodży?;Angkor Wat;Borobudur;Bagan;Prambanan
Geografia i Turystyka;Architektura i Cuda Świata;trudne;Jak nazywa się ogromny kambodżański kompleks, uważany powszechnie za największy zabytek religijny na świecie?;Angkor Wat;Borobudur;Bagan;Prambanan
Geografia i Turystyka;Architektura i Cuda Świata;trudne;Jak nazywa się skalne miasto w Jordanii, słynące z budowli wykutych w piaskowcu?;Petra;Palmyra;Efez;Jerash
Geografia i Turystyka;Architektura i Cuda Świata;trudne;Jak nazywa się starożytne miasto wykute w różowej skale, wpisane na Listę Dziedzictwa UNESCO, będące ongiś stolicą państwa Nabatejczyków, a dziś główną atrakcją turystyczną Jordanii?;Petra;Jerash;Palmyra;Wadi Rum
Geografia i Turystyka;Architektura i Cuda Świata;trudne;Jakie starożytne plemię wybudowało ukryte głęboko, wysoko w peruwiańskich Andach miasto Machu Picchu?;Inkowie;Aztekowie;Majowie;Olmekowie
Geografia i Turystyka;Architektura i Cuda Świata;trudne;W jakim państwie Ameryki Południowej znajduje się starożytne miasto Inków, Machu Picchu?;Peru;Meksyk;Kolumbia;Chile
Geografia i Turystyka;Architektura i Cuda Świata;trudne;W jakim państwie można zobaczyć potężne, zagadkowe geoglify na pustyni Nazca?;W Peru;W Chile;W Boliwii;W Argentynie
Geografia i Turystyka;Architektura i Cuda Świata;trudne;W jakim państwie znajduje się skalne miasto Petra, wykute w różowym piaskowcu?;W Jordanii;W Egipcie;W Syrii;W Iraku
Geografia i Turystyka;Architektura i Cuda Świata;trudne;W jakim rozległym kraju zbudowano gigantyczny system murów obronnych znany jako Wielki Mur?;W Chinach;W Japonii;W Mongolii;W Rosji
Geografia i Turystyka;Architektura i Cuda Świata;trudne;W jakim współczesnym kraju arabskim znajduje się starożytne, wykute w różowej skale miasto Nabatejczyków, Petra?;W Jordanii;W Syrii;W Egipcie;W Libanie
Geografia i Turystyka;Architektura i Cuda Świata;trudne;W którym kraju Ameryki Południowej leży starożytne miasto Inków - Machu Picchu?;Peru;Boliwia;Chile;Ekwador
Geografia i Turystyka;Architektura i Cuda Świata;trudne;W którym państwie leży Park Narodowy Serengeti, słynący z wielkiej migracji zwierząt?;Tanzania;Kenia;RPA;Etiopia
Geografia i Turystyka;Architektura i Cuda Świata;trudne;W którym roku Wielki Mur Chiński został wpisany na Listę Światowego Dziedzictwa UNESCO?;1987;1972;2000;1994
Geografia i Turystyka;Architektura i Cuda Świata;trudne;Z jakiej cywilizacji wywodzi się miasto Chichén Itzá na półwyspie Jukatan?;Majów;Azteków;Inków;Olmeków
Geografia i Turystyka;Architektura i Cuda Świata;trudne;Z jakiej potężnej kultury wywodzi się wielkie zrujnowane miasto Chichén Itzá, zlokalizowane na półwyspie Jukatan?;Z kultury Majów;Z kultury Azteków;Z kultury Inków;Z kultury Olmeków
Geografia i Turystyka;Architektura i Cuda Świata;trudne;Jak nazywa się starożytne miasto w Jordanii, wykute w skałach, znane m.in. z budowli Al-Khazneh (Skarbiec)?;Petra;Palmyra;Efez;Jerasz
Geografia i Turystyka;Architektura i Cuda Świata;trudne;Jak nazywa się wykute w skale miasto w Jordanii, będące jednym z nowych siedmiu cudów świata?;Petra;Palmyra;Baalbek;Efez
Geografia i Turystyka;Architektura i Cuda Świata;trudne;W którym państwie Ameryki Południowej znajdują się ruiny inkaskiego miasta Machu Picchu?;Peru;Boliwia;Chile;Ekwador
Geografia i Turystyka;Architektura i Cuda Świata;trudne;W którym państwie leżą ruiny inkaskiego miasta Machu Picchu?;Peru;Boliwia;Ekwador;Chile
Geografia i Turystyka;Architektura i Cuda Świata;łatwe;Jak nazywa się prehistoryczna kopalnia krzemienia pasiastego w Polsce?;Krzemionki Opatowskie;Kopalnia w Wieliczce;Biskupin;Jaskinia Raj
Geografia i Turystyka;Architektura i Cuda Świata;łatwe;Jak nazywa się zaginione miasto Inków położone w peruwiańskich Andach?;Machu Picchu;Chichén Itzá;Petra;Tikal
Geografia i Turystyka;Architektura i Cuda Świata;łatwe;Jaki jedyny zachowany do dzisiaj z klasycznej Listy Siedmiu Cudów starożytny zabytek znajduje się w Egipcie?;Piramida Cheopsa;Latarnia z Faros;Kolos Rodyjski;Wiszące ogrody
Geografia i Turystyka;Architektura i Cuda Świata;łatwe;Jaki starożytny cud świata można do dziś podziwiać w Egipcie?;Piramidy w Gizie;Wiszące Ogrody;Kolos Rodyjski;Latarnia z Faros
Geografia i Turystyka;Architektura i Cuda Świata;łatwe;Jaki słynny indyjski grobowiec z białego marmuru jest na liście UNESCO?;Tadż Mahal;Angkor Wat;Machu Picchu;Petra
Geografia i Turystyka;Architektura i Cuda Świata;łatwe;Który las na granicy polsko-białoruskiej jest dziedzictwem UNESCO?;Puszcza Białowieska;Puszcza Kampinoska;Bory Tucholskie;Puszcza Niepołomicka
Geografia i Turystyka;Architektura i Cuda Świata;łatwe;Który zamek z cegły w Polsce jest na liście UNESCO?;Zamek w Malborku;Wawel;Zamek Książ;Zamek Królewski w Warszawie
Geografia i Turystyka;Architektura i Cuda Świata;łatwe;Na terenie którego państwa znajduje się Wielki Mur Chiński?;Chiny;Japonia;Indie;Mongolia
Geografia i Turystyka;Architektura i Cuda Świata;łatwe;W jakim azjatyckim państwie leży przepiękne, zbudowane z białego marmuru mauzoleum Tadż Mahal?;W Indiach;W Pakistanie;W Nepalu;W Bangladeszu
Geografia i Turystyka;Architektura i Cuda Świata;łatwe;W jakim kraju znajduje się starożytne miasto Inków, Machu Picchu?;W Peru;W Meksyku;W Boliwii;W Kolumbii
Geografia i Turystyka;Architektura i Cuda Świata;łatwe;W jakim państwie znajduje się Wielki Mur, widoczny nawet z niskiej orbity okołoziemskiej?;W Chinach;W Indiach;W Egipcie;W Japonii
Geografia i Turystyka;Architektura i Cuda Świata;łatwe;W którym kraju znajduje się rzymskie Koloseum?;Włochy;Grecja;Francja;Hiszpania
Geografia i Turystyka;Architektura i Cuda Świata;łatwe;Na którym kontynencie znajduje się Wielki Mur Chiński?;Azja;Afryka;Europa;Ameryka Północna
Geografia i Turystyka;Architektura i Cuda Świata;łatwe;W którym kraju znajduje się Wielki Mur Chiński?;Chiny;Indie;Japonia;Mongolia
Geografia i Turystyka;Stolice, Państwa i Flagi;bardzo trudne;Jak nazywa się symbol znajdujący się w centrum flagi Korei Południowej?;Taegeuk;Yin-yang;Mandala;Trigram
Geografia i Turystyka;Stolice, Państwa i Flagi;bardzo trudne;Który kraj ma flagę z wizerunkiem świątyni Angkor Wat?;Kambodża;Laos;Tajlandia;Birma
Geografia i Turystyka;Stolice, Państwa i Flagi;trudne;Ile gwiazdek znajduje się na fladze Chin?;5;1;3;12
Geografia i Turystyka;Stolice, Państwa i Flagi;trudne;Który kraj ma na fladze wizerunek smoka (Druk)?;Bhutan;Wietnam;Kambodża;Laos
Geografia i Turystyka;Stolice, Państwa i Flagi;łatwe;Który kraj ma na fladze czerwone koło na białym tle?;Japonia;Korea Południowa;Chiny;Wietnam
Geografia i Turystyka;Stolice, Państwa i Flagi;bardzo trudne;Flaga którego państwa afrykańskiego zawiera wizerunek karabinu AK-47?;Mozambik;Angola;Zimbabwe;Etiopia
Geografia i Turystyka;Stolice, Państwa i Flagi;bardzo trudne;Hymn państwowy którego ciepłego europejskiego kraju posiada wyłącznie oficjalną melodię bez zatwierdzonych słów?;Hiszpanii;San Marino;Grecji;Portugalii
Geografia i Turystyka;Stolice, Państwa i Flagi;bardzo trudne;Ile ramion ma gwiazda na fladze Izraela?;6;5;7;8
Geografia i Turystyka;Stolice, Państwa i Flagi;bardzo trudne;Ile ramion ma najjaśniejsza gwiazda na oficjalnej fladze Australii, symbolizująca stanowe i terytorialne jedności kraju?;Siedem;Pięć;Sześć;Osiem
Geografia i Turystyka;Stolice, Państwa i Flagi;bardzo trudne;Ile ramion ma słońce znajdujące się na fladze Argentyny?;32;16;24;8
Geografia i Turystyka;Stolice, Państwa i Flagi;bardzo trudne;Która europejska flaga jest uważana za najstarszą w użyciu (tzw. Dannebrog spadł rzekomo z nieba w 1219 r.)?;Flaga Danii;Flaga Szwecji;Flaga Wielkiej Brytanii;Flaga Norwegii
Geografia i Turystyka;Stolice, Państwa i Flagi;bardzo trudne;Który kraj ma na swojej fladze wizerunek liścia klonu?;Kanada;Liban;Cypr;Grenada
Geografia i Turystyka;Stolice, Państwa i Flagi;bardzo trudne;Flaga którego państwa przedstawia słońce z 32 promieniami na błękitnym tle i złotego orła stepowego?;Kazachstan;Kirgistan;Mongolia;Argentyna
Geografia i Turystyka;Stolice, Państwa i Flagi;bardzo trudne;Jaki utwór muzyczny pełni rolę hymnu Unii Europejskiej?;Oda do Radości;Marsylianka;Hymn do Wolności;God Save the King
Geografia i Turystyka;Stolice, Państwa i Flagi;bardzo trudne;Które państwo ma na swojej fladze wizerunek liścia marihuany, a dokładniej pięcioramiennego liścia klonu (częsta pomyłka)?;Kanada;Jamajka;Holandia;Urugwaj
Geografia i Turystyka;Stolice, Państwa i Flagi;bardzo trudne;Który utwór muzyczny jest oficjalnym hymnem Unii Europejskiej?;Oda do radości;Marsylianka;Hymn do wolności;God Save the King
Geografia i Turystyka;Stolice, Państwa i Flagi;trudne;Flaga jakiego azjatyckiego państwa, leżącego w Himalajach, jako jedyna na świecie oficjalnie nie jest czworokątna?;Nepalu;Bhutanu;Sri Lanki;Malediwów
Geografia i Turystyka;Stolice, Państwa i Flagi;trudne;Flaga jakiego górzystego azjatyckiego kraju jest jedyną na świecie, która nie ma kształtu czworokąta?;Nepalu;Bhutanu;Sri Lanki;Brunei
Geografia i Turystyka;Stolice, Państwa i Flagi;trudne;Flaga jakiego państwa jest jedyną na świecie, która nie ma kształtu prostokąta ani kwadratu, lecz składa się z dwóch trójkątów tworzących nieregularny czworobok?;Nepalu;Szwajcarii;Watykanu;Bangladeszu
Geografia i Turystyka;Stolice, Państwa i Flagi;trudne;Flaga którego państwa jako jedyna na świecie nie jest prostokątem ani kwadratem?;Nepalu;Szwajcarii;Watykanu;Bhutanu
Geografia i Turystyka;Stolice, Państwa i Flagi;trudne;Flaga którego państwa przedstawia czerwony liść klonu na białym tle z dwoma czerwonymi pionowymi pasami po bokach?;Kanady;Japonii;Szwajcarii;Danii
Geografia i Turystyka;Stolice, Państwa i Flagi;trudne;Jak nazywa się hymn Francji?;Marsylianka;Gwiaździsty Sztandar;Boże Chroń Króla;Oda do Radości
Geografia i Turystyka;Stolice, Państwa i Flagi;trudne;Jak nazywa się hymn Wielkiej Brytanii, gdy na tronie zasiada król?;God Save the King;Rule Britannia;Land of Hope and Glory;Jerusalem
Geografia i Turystyka;Stolice, Państwa i Flagi;trudne;Jaka polska pieśń z 1797 roku, znana pod nazwą Pieśni Legionów Polskich we Włoszech, jest dziś naszym oficjalnym hymnem?;Mazurek Dąbrowskiego;Rota;Bogurodzica;Boże, coś Polskę
Geografia i Turystyka;Stolice, Państwa i Flagi;trudne;Jaki wyraźny kolor tła znajduje się na znanej na całym świecie fladze Organizacji Narodów Zjednoczonych (ONZ)?;Jasnoniebieski;Biały;Granatowy;Zielony
Geografia i Turystyka;Stolice, Państwa i Flagi;trudne;Jakie nordyckie państwo szczyci się najstarszą, nieprzerwanie używaną od średniowiecza flagą narodową (tzw. Dannebrog)?;Dania;Wielka Brytania;Francja;Szwecja
Geografia i Turystyka;Stolice, Państwa i Flagi;trudne;Które afrykańskie państwo ma flagę w barwach (zielony, żółty, czerwony), będącą dawną inspiracją dla całej Afryki i ruchu Rastafari?;Etiopia;RPA;Egipt;Nigeria
Geografia i Turystyka;Stolice, Państwa i Flagi;trudne;Który kraj ma na swojej fladze wizerunek smoka?;Bhutan;Walia;Wietnam;Tajlandia
Geografia i Turystyka;Stolice, Państwa i Flagi;trudne;Z jaką flagą kojarzony jest czerwony liść klonu na białym tle z dwoma bocznymi czerwonymi pasami?;Kanada;Szwajcaria;Japonia;Liban
Geografia i Turystyka;Stolice, Państwa i Flagi;trudne;Jak potocznie nazywa się flaga Wielkiej Brytanii?;Union Jack;Stars and Stripes;Tricolore;Maple Leaf
Geografia i Turystyka;Stolice, Państwa i Flagi;trudne;Jak potocznie nazywa się flaga Wielkiej Brytanii?;Union Jack;Stars and Stripes;Tricolore;Maple Leaf
Geografia i Turystyka;Stolice, Państwa i Flagi;trudne;Które państwo posiada flagę w kształcie dwóch połączonych trójkątów zamiast prostokąta?;Nepal;Szwajcaria;Watykan;Bhutan
Geografia i Turystyka;Stolice, Państwa i Flagi;trudne;Który kraj jako jedyny na świecie posiada flagę, która nie jest prostokątem ani kwadratem?;Nepal;Szwajcaria;Watykan;Bhutan
Geografia i Turystyka;Stolice, Państwa i Flagi;łatwe;Flaga jakiego państwa wygląda identycznie jak polska, ale jest odwrócona do góry nogami?;Monako;Szwajcarii;Czech;Malty
Geografia i Turystyka;Stolice, Państwa i Flagi;łatwe;Ile gwiazdek znajduje się na fladze Unii Europejskiej?;12;10;15;50
Geografia i Turystyka;Stolice, Państwa i Flagi;łatwe;Jak brzmi pełny, oficjalny tytuł polskiego hymnu narodowego?;Mazurek Dąbrowskiego;Rota;Jeszcze Polska nie zginęła;Bogurodzica
Geografia i Turystyka;Stolice, Państwa i Flagi;łatwe;Jaka figura geometryczna widnieje na białym tle na oficjalnej państwowej fladze Japonii?;Czerwone koło;Biała gwiazda;Czarny kwadrat;Niebieski trójkąt
Geografia i Turystyka;Stolice, Państwa i Flagi;łatwe;Jaki kolor dominuje na fladze Chin obok żółtych gwiazd?;Czerwony;Niebieski;Biały;Zielony
Geografia i Turystyka;Stolice, Państwa i Flagi;łatwe;Jaki kraj za wschodnią granicą Polski posiada dwukolorową flagę z ułożonych poziomo pasów: niebieskiego i żółtego?;Ukraina;Litwa;Białoruś;Rumunia
Geografia i Turystyka;Stolice, Państwa i Flagi;łatwe;Jakie dwa kolory tworzą flagę Ukrainy?;Niebieski i żółty;Biały i czerwony;Zielony i biały;Czerwony i czarny
Geografia i Turystyka;Stolice, Państwa i Flagi;łatwe;Jakie kolory, patrząc od góry do dołu, posiada flaga Polski?;Biały i czerwony;Czerwony i biały;Niebieski i żółty;Zielony i biały
Geografia i Turystyka;Stolice, Państwa i Flagi;łatwe;Które państwo ma na swojej fladze czerwone koło na białym tle, symbolizujące słońce?;Japonia;Chiny;Korea Południowa;Bangladesz
Geografia i Turystyka;Stolice, Państwa i Flagi;łatwe;Który ptak z głową zwróconą w prawo jest oficjalnym godłem Rzeczypospolitej Polskiej?;Orzeł biały;Sokół wędrowny;Bocian;Jastrząb
Geografia i Turystyka;Stolice, Państwa i Flagi;łatwe;Jakie kolory tworzą flagę Polski?;Biały i czerwony;Biały i niebieski;Czerwony i żółty;Biały i zielony
Geografia i Turystyka;Stolice, Państwa i Flagi;łatwe;Jakie kolory znajdują się na fladze Polski?;Biały i czerwony;Biały i niebieski;Czerwony i żółty;Biały i zielony
Geografia i Turystyka;Azja i Rosja;bardzo trudne;Jak nazywa się największa piaszczysta wyspa świata, położona u wybrzeży Australii?;K'gari (Wyspa Fraser);Wyspa Kangura;Tasmania;Wyspa Bożego Narodzenia
Geografia i Turystyka;Azja i Rosja;bardzo trudne;Która cieśnina oddziela Australię od Nowej Gwinei?;Torresa;Bassa;Cooka;Magellana
Geografia i Turystyka;Azja i Rosja;trudne;Jak nazywa się najdłuższa rzeka Australii?;Murray;Darling;Cooper Creek;Flinders
Geografia i Turystyka;Azja i Rosja;trudne;W którym stanie Australii znajduje się miasto Brisbane?;Queensland;Nowa Południowa Walia;Wiktoria;Australia Zachodnia
Geografia i Turystyka;Azja i Rosja;łatwe;Jak nazywa się największa monolitowa skała w Australii, święte miejsce Aborygenów?;Uluru (Ayers Rock);Mount Kosciuszko;Blue Mountains;Pinnacles
Geografia i Turystyka;Geografia Gospodarcza i Społeczna;bardzo trudne;Jak nazywa się chiński projekt gospodarczy budowy sieci infrastruktury łączącej Chiny z Europą i Afryką?;Jeden Pas i Jedna Droga;Wielki Mur Handlowy;Azjatycki Tygrys;Złoty Trójkąt
Geografia i Turystyka;Geografia Gospodarcza i Społeczna;bardzo trudne;Które miasto jest uznawane za światową stolicę diamentów (miejsce ich szlifowania i handlu)?;Antwerpia;Tel Awiw;Bombaj;Nowy Jork
Geografia i Turystyka;Geografia Gospodarcza i Społeczna;trudne;Jak nazywa się organizacja zrzeszająca kraje eksportujące ropę naftową?;OPEC;NATO;OECD;NAFTA
Geografia i Turystyka;Geografia Gospodarcza i Społeczna;trudne;Który region świata posiada największe udokumentowane złoża ropy naftowej?;Bliski Wschód;Skandynawia;Ameryka Środkowa;Azja Południowo-Wschodnia
Geografia i Turystyka;Geografia Gospodarcza i Społeczna;łatwe;Który kraj jest największym producentem kawy na świecie?;Brazylia;Wietnam;Kolumbia;Etiopia
Geografia i Turystyka;Wody Świata - Rzeki, Jeziora, Morza;bardzo trudne;Jak nazywa się zjawisko gwałtownego podniesienia poziomu wody w Bałtyku wywołane przez wiatr?;Cofka;Tsunami;Upwelling;Przypływ
Geografia i Turystyka;Wody Świata - Rzeki, Jeziora, Morza;bardzo trudne;Który kraj posiada najdłuższą linię brzegową nad Morzem Bałtyckim?;Szwecja;Finlandia;Estonia;Niemcy
Geografia i Turystyka;Wody Świata - Rzeki, Jeziora, Morza;trudne;Jak nazywa się największa wyspa Morza Bałtyckiego?;Gotlandia;Sarema;Olandia;Rugia
Geografia i Turystyka;Wody Świata - Rzeki, Jeziora, Morza;trudne;Przez którą cieśninę Bałtyk łączy się z Morzem Północnym?;Skagerrak;Bosfor;Gibraltarska;Beringa
Geografia i Turystyka;Wody Świata - Rzeki, Jeziora, Morza;łatwe;Która z polskich rzek wpada do Bałtyku w Gdańsku?;Wisła;Odra;Warta;Bug
Geografia i Turystyka;Geografia Gospodarcza i Społeczna;bardzo trudne;Jak nazywa się najgłębsze fiord świata, położony w Norwegii?;Sognefjord;Geirangerfjord;Hardangerfjord;Lysefjord
Geografia i Turystyka;Geografia Gospodarcza i Społeczna;bardzo trudne;Który archipelag arktyczny należy do Kanady i obejmuje m.in. Wyspę Ellesmere'a?;Archipelag Arktyczny;Svalbard;Nowa Ziemia;Ziemia Franciszka Józefa
Geografia i Turystyka;Geografia Gospodarcza i Społeczna;trudne;Do którego państwa należy największa wyspa świata – Grenlandia?;Dania;Kanada;Norwegia;Islandia
Geografia i Turystyka;Geografia Gospodarcza i Społeczna;trudne;Jak nazywa się stolica Finlandii?;Helsinki;Sztokholm;Oslo;Kopenhaga
Geografia i Turystyka;Geografia Gospodarcza i Społeczna;łatwe;Jak nazywa się zjawisko świetlne obserwowane nocą w okolicach kół podbiegunowych?;Zorza polarna;Miraż;Tęcza;Halo
Geografia i Turystyka;Regiony Europy;bardzo trudne;Jak nazywa się kraina geograficzna w Rumunii, kojarzona z legendą o Drakuli?;Siedmiogród (Transylwania);Wołoszczyzna;Mołdawia;Dobrudża
Geografia i Turystyka;Regiony Europy;bardzo trudne;Która rzeka stanowi naturalną granicę między Bułgarią a Rumunią na długim odcinku?;Dunaj;Sawa;Drawa;Marica
Geografia i Turystyka;Regiony Europy;trudne;Jak nazywa się stolica Serbii?;Belgrad;Zagrzeb;Sarajewo;Skopje
Geografia i Turystyka;Regiony Europy;trudne;W którym państwie znajduje się malownicza Zatoka Kotorska?;Czarnogóra;Chorwacja;Albania;Słowenia
Geografia i Turystyka;Regiony Europy;łatwe;Które państwo bałkańskie słynie z wysp takich jak Kreta, Rodos czy Korfu?;Grecja;Chorwacja;Albania;Bułgaria
Geografia i Turystyka;Geografia Gospodarcza i Społeczna;bardzo trudne;Jak nazywa się najniższy i najgorętszy punkt Ameryki Północnej?;Dolina Śmierci;Badlands;Everglades;Mojave
Geografia i Turystyka;Geografia Gospodarcza i Społeczna;bardzo trudne;Który stan USA jest największy pod względem powierzchni?;Alaska;Teksas;Kalifornia;Montana
Geografia i Turystyka;Geografia Gospodarcza i Społeczna;trudne;Jak nazywa się stolica USA?;Waszyngton;Nowy Jork;Filadelfia;Los Angeles
Geografia i Turystyka;Geografia Gospodarcza i Społeczna;trudne;Która rzeka jest najdłuższa w Stanach Zjednoczonych?;Missouri;Mississippi;Kolorado;Rio Grande
Geografia i Turystyka;Geografia Gospodarcza i Społeczna;łatwe;W którym mieście znajduje się Statua Wolności?;Nowy Jork;Waszyngton;Boston;Miami
Geografia i Turystyka;Geologia i Zjawiska Naturalne;bardzo trudne;Jak geolodzy nazywają najgrubszą z twardych sfer planety, zbudowaną ze skorupy ziemskiej i górnej części płaszcza?;Litosfera;Astenosfera;Mezosfera;Barysfera
Geografia i Turystyka;Geologia i Zjawiska Naturalne;bardzo trudne;Jak nazywa się superkontynent, który istniał około 300 milionów lat temu?;Pangea;Gondwana;Rodinia;Laurazja
Geografia i Turystyka;Geologia i Zjawiska Naturalne;bardzo trudne;Który minerał jest najtwardszy w skali Mohsa?;Diament;Korund;Topaz;Kwarc
Geografia i Turystyka;Geologia i Zjawiska Naturalne;bardzo trudne;Na terytorium jakiego kraju znajduje się słynny lodowiec, skrywający groźny wulkan Eyjafjallajökull, który w 2010 r. zatrzymał loty nad Europą?;Islandii;Grenlandii;Norwegii;Rosji
Geografia i Turystyka;Geologia i Zjawiska Naturalne;bardzo trudne;W którym amerykańskim parku narodowym pod ziemią kryje się wielki, uśpiony tzw. superwulkan?;W Yellowstone;W Yosemite;W Parku Sekwoi;W Glacier
Geografia i Turystyka;Geologia i Zjawiska Naturalne;bardzo trudne;Jak nazywa się największy aktywny wulkan na Ziemi (pod względem objętości), położony na Hawajach?;Mauna Loa;Mauna Kea;Kilauea;Haleakala
Geografia i Turystyka;Geologia i Zjawiska Naturalne;bardzo trudne;Jak nazywa się największy aktywny wulkan na Ziemi pod względem objętości (Hawaje)?;Mauna Loa;Kilauea;Mauna Kea;Mount St. Helens
Geografia i Turystyka;Geologia i Zjawiska Naturalne;bardzo trudne;Który rodzaj skał powstaje w wyniku przeobrażenia innych skał pod wpływem wysokiego ciśnienia i temperatury?;Skały metamorficzne;Skały osadowe;Skały magmowe;Skały wylewne
Geografia i Turystyka;Geologia i Zjawiska Naturalne;bardzo trudne;Który typ skał powstaje w wyniku krystalizacji magmy pod powierzchnią ziemi?;Skały magmowe głębinowe;Skały osadowe;Skały metamorficzne;Skały wylewne
Geografia i Turystyka;Geologia i Zjawiska Naturalne;trudne;Czym jest według geologów tzw. kaldera, która powstaje po zapadnięciu dachu i zniszczeniu stożka u wulkanu po erupcji?;Wielkim wulkanicznym zagłębieniem na szczycie;Zastygłym podziemnym zbiornikiem;Chmurą wydobywającą się z wulkanu;Długim pęknięciem skalnym
Geografia i Turystyka;Geologia i Zjawiska Naturalne;trudne;Erupcja jakiego azjatyckiego wulkanu z 1883 roku jest pamiętana za sprawą najgłośniejszego odnotowanego w historii huku wybuchu?;Krakatau;Tambora;Pinatubo;Agung
Geografia i Turystyka;Geologia i Zjawiska Naturalne;trudne;Erupcja jakiego indonezyjskiego wulkanu w 1883 roku wywołała mordercze tsunami i zauważalnie obniżyła temperaturę Ziemi?;Krakatau;Tambora;Merapi;Pinatubo
Geografia i Turystyka;Geologia i Zjawiska Naturalne;trudne;Jak nazywa się największy czynny wulkan tarczowy na Ziemi, leżący na wyspie Hawai'i w archipelagu hawajskim?;Mauna Loa;Kilauea;Mauna Kea;Mount St. Helens
Geografia i Turystyka;Geologia i Zjawiska Naturalne;trudne;Jak nazywa się najwyższy czynny wulkan Europy, położony na Sycylii?;Etna;Wezuwiusz;Stromboli;Santorini
Geografia i Turystyka;Geologia i Zjawiska Naturalne;trudne;Jak nazywa się najwyższy i najbardziej aktywny wulkan w Europie, leżący na Sycylii?;Etna;Wezuwiusz;Stromboli;Teide
Geografia i Turystyka;Geologia i Zjawiska Naturalne;trudne;Jak nazywa się skala służąca do określania twardości minerałów?;Skala Mohsa;Skala Richtera;Skala Celsjusza;Skala Kelvina
Geografia i Turystyka;Geologia i Zjawiska Naturalne;trudne;Jak potocznie określa się ogromną strefę silnej aktywności sejsmicznej wokół wybrzeży Oceanu Spokojnego?;Pacyficzny Pierścień Ognia;Strefa Sejsmiczna Kordylierów;Północno-pacyficzny Uskok;Wielki Basen Pacyficzny
Geografia i Turystyka;Geologia i Zjawiska Naturalne;trudne;Jaka matematyczna skala służy w sejsmologii do numerycznego określania wielkości trzęsienia ziemi na podstawie amplitudy?;Skala Richtera;Skala Mercallego;Skala Fujity;Skala Mohsa
Geografia i Turystyka;Geologia i Zjawiska Naturalne;trudne;Jaki jest bezwzględnie najtwardszy, dziesiąty minerał w znanej geologicznej skali twardości Mohsa?;Diament;Korund;Topaz;Kwarc
Geografia i Turystyka;Geologia i Zjawiska Naturalne;trudne;Który wulkan zniszczył starożytne Pompeje w 79 roku n.e.?;Wezuwiusz;Etna;Santorini;Krakatau
Geografia i Turystyka;Geologia i Zjawiska Naturalne;trudne;Jak nazywa się skala służąca do określania twardości minerałów?;Skala Mohsa;Skala Richtera;Skala Beauforta;Skala Celsjusza
Geografia i Turystyka;Geologia i Zjawiska Naturalne;trudne;Jak nazywa się skala służąca do określania twardości minerałów?;Skala Mohsa;Skala Richtera;Skala Beauforta;Skala Celsjusza
Geografia i Turystyka;Geologia i Zjawiska Naturalne;trudne;Który europejski wulkan zniszczył w 79 roku n.e. Pompeje i Herkulanum?;Wezuwiusz;Etna;Stromboli;Santorini
Geografia i Turystyka;Geologia i Zjawiska Naturalne;trudne;Który wulkan zniszczył Pompeje w 79 roku n.e.?;Wezuwiusz;Etna;Stromboli;Santorini
Geografia i Turystyka;Geologia i Zjawiska Naturalne;łatwe;Co jest najtwardszym minerałem występującym naturalnie w przyrodzie?;Diament;Kwarc;Korund;Topaz
Geografia i Turystyka;Geologia i Zjawiska Naturalne;łatwe;Jak nazywa się gorąca materia skalna znajdująca się pod powierzchnią Ziemi?;Magma;Lawa;Granit;Bazalt
Geografia i Turystyka;Geologia i Zjawiska Naturalne;łatwe;Jak nazywa się gorąca, stopiona skała wydobywająca się z wulkanu na powierzchnię?;Lawa;Magma;Bazalt;Pumeks
Geografia i Turystyka;Geologia i Zjawiska Naturalne;łatwe;Jak nazywa się najwyższa góra na Ziemi?;Mount Everest;K2;Kilimandżaro;Mont Blanc
Geografia i Turystyka;Geologia i Zjawiska Naturalne;łatwe;Jaka potężna afrykańska góra o pochodzeniu wulkanicznym jest powszechnie nazywana "Dachem Afryki"?;Kilimandżaro;Góra Kenia;Ruwenzori;Masyw Atlas
Geografia i Turystyka;Geologia i Zjawiska Naturalne;łatwe;Jaki niszczycielski wulkan w 79 r. n.e. zasypał pyłem i zniszczył całkowicie starożytne Pompeje?;Wezuwiusz;Etna;Stromboli;Vulcano
Geografia i Turystyka;Geologia i Zjawiska Naturalne;łatwe;Jaki wulkan spowodował zagładę starożytnych Pompejów w 79 roku n.e.?;Wezuwiusz;Etna;Stromboli;Krakatau
Geografia i Turystyka;Geologia i Zjawiska Naturalne;łatwe;Jakie góry na południu Polski mają budowę wapienną z licznymi jaskiniami?;Tatry Zachodnie i Pieniny;Góry Świętokrzyskie;Karkonosze;Bieszczady
Geografia i Turystyka;Geologia i Zjawiska Naturalne;łatwe;Przy pomocy jakiej skali najczęściej określa się siłę trzęsień ziemi?;Skali Richtera;Skali Beauforta;Skali Mohsa;Skali Celsjusza
Geografia i Turystyka;Geologia i Zjawiska Naturalne;łatwe;Jak nazywa się gorąca, płynna skała wydobywająca się na powierzchnię podczas erupcji?;Lawa;Magma;Pumeks;Granit
Geografia i Turystyka;Geologia i Zjawiska Naturalne;łatwe;Jak nazywa się gorąca, płynna skała, która wydobywa się na powierzchnię podczas erupcji wulkanu?;Lawa;Magma;Pumeks;Granit
Geografia i Turystyka;Góry i Szczyty;bardzo trudne;Jak nazywa się najwyższy szczyt Kaukazu (często zaliczany do Korony Europy)?;Elbrus;Kazbek;Dychtau;Szchara
Geografia i Turystyka;Góry i Szczyty;bardzo trudne;W którym państwie znajduje się pasmo górskie Sierra Nevada z najwyższym szczytem Półwyspu Iberyjskiego?;Hiszpania;Portugalia;Francja;Włochy
Geografia i Turystyka;Góry i Szczyty;trudne;Który szczyt jest najwyższy w Alpach?;Mont Blanc;Matterhorn;Grossglockner;Zugspitze
Geografia i Turystyka;Góry i Szczyty;trudne;W którym państwie leżą Góry Skandynawskie?;Norwegia;Islandia;Szwajcaria;Hiszpania
Geografia i Turystyka;Góry i Szczyty;łatwe;Jak nazywa się najwyższy łańcuch górski w Europie?;Alpy;Pireneje;Apeniny;Karpaty
Geografia i Turystyka;Góry i Szczyty;bardzo trudne;Jak nazywa się najwyższy szczyt Gór Skalistych?;Mount Elbert;Mount Whitney;Mount Rainier;Mount McKinley
Geografia i Turystyka;Góry i Szczyty;bardzo trudne;Który z ośmiotysięczników jest uznawany za najtrudniejszy do zdobycia i nazywany "Górą Mordercą"?;Annapurna;K2;Nanga Parbat;Broad Peak
Geografia i Turystyka;Góry i Szczyty;bardzo trudne;Który z ośmiotysięczników nazywany jest "Górą Mordercą" ze względu na statystyki wypadków?;Annapurna;K2;Nanga Parbat;Dhaulagiri
Geografia i Turystyka;Góry i Szczyty;bardzo trudne;W którym państwie znajduje się szczyt Mount Logan, najwyższy punkt Kanady?;Kanada;USA;Rosja;Norwegia
Geografia i Turystyka;Góry i Szczyty;trudne;Jak nazywa się drugi co do wysokości szczyt świata i w jakim paśmie górskim się znajduje?;K2, Karakorum;Kangczendzonga, Himalaje;Lhotse, Himalaje;Makalu, Himalaje
Geografia i Turystyka;Góry i Szczyty;trudne;Jak nazywa się najwyższy szczyt Afryki, położony na terenie Tanzanii?;Kilimandżaro;Mount Kenia;Góra Stołowa;Ras Daszan
Geografia i Turystyka;Góry i Szczyty;trudne;Jak nazywa się trzeci co do wysokości szczyt świata, leżący na granicy Indii i Nepalu?;Kangczendzenga;Lhotse;Makalu;Cho Oyu
Geografia i Turystyka;Góry i Szczyty;trudne;Jaki wybitny szczyt Kaukazu uważa się (według części podziałów geograficznych) za prawdziwy najwyższy punkt Europy?;Elbrus;Mont Blanc;Kazbek;Ararat
Geografia i Turystyka;Góry i Szczyty;trudne;Kto w 1953 roku, ramię w ramię z Tenzingiem Norgayem, dokonał pierwszego, pomyślnego wejścia na szczyt Mount Everest?;Edmund Hillary;George Mallory;Reinhold Messner;Jerzy Kukuczka
Geografia i Turystyka;Góry i Szczyty;trudne;W jakim potężnym południowoamerykańskim łańcuchu górskim wznosi się Aconcagua (prawie 7 tysięcy metrów n.p.m.)?;W Andach;W Kordylierach;W Górach Skalistych;W Appalachach
Geografia i Turystyka;Góry i Szczyty;trudne;Jak nazywa się najwyższy szczyt Ameryki Południowej?;Aconcagua;Chimborazo;Pissis;Huascarán
Geografia i Turystyka;Góry i Szczyty;trudne;Który szczyt jest najwyższym punktem Ameryki Południowej i całych Andów?;Aconcagua;Chimborazo;Pissis;Huascaran
Geografia i Turystyka;Góry i Szczyty;trudne;W jakim państwie leży najwyższy szczyt Afryki – Kilimandżaro?;Tanzania;Kenia;Etiopia;RPA
Geografia i Turystyka;Góry i Szczyty;trudne;W jakim państwie znajduje się najwyższy szczyt Afryki – Kilimandżaro?;Tanzania;Kenia;Etiopia;Uganda
Geografia i Turystyka;Góry i Szczyty;łatwe;Jaki jest najwyższy szczyt Afryki?;Kilimandżaro;Góra Kenia;Atlas;Fudżi
Geografia i Turystyka;Góry i Szczyty;łatwe;Jaki jest najwyższy szczyt Ziemi?;Mount Everest;K2;Kilimandżaro;Mont Blanc
Geografia i Turystyka;Góry i Szczyty;łatwe;Jakie góry oddzielają Europę od Azji na wschodzie?;Ural;Kaukaz;Pireneje;Karpaty
Geografia i Turystyka;Góry i Szczyty;łatwe;W jakim kraju znajduje się wulkan Fudżi?;W Japonii;W Indonezji;W Nowej Zelandii;We Włoszech
Geografia i Turystyka;Góry i Szczyty;łatwe;W jakim paśmie górskim leży Mount Everest?;Himalaje;Andy;Alpy;Kordyliery
Geografia i Turystyka;Góry i Szczyty;łatwe;Jak nazywa się najwyższy szczyt Ziemi?;Mount Everest;K2;Lhotse;Kangczendzonga
Geografia i Turystyka;Góry i Szczyty;łatwe;Jak nazywa się najwyższy szczyt świata?;Mount Everest;K2;Lhotse;Kangczendzonga
Geografia i Turystyka;Geologia i Zjawiska Naturalne;bardzo trudne;Która jaskinia w Słowenii jest wpisana na listę UNESCO i słynie z ogromnych kanionów podziemnych rzeki Reka?;Skocjańskie;Postojna;Domica;Lodowa
Geografia i Turystyka;Geologia i Zjawiska Naturalne;bardzo trudne;W którym państwie odkryto jaskinię Son Doong, posiadającą największą komorę na świecie?;Wietnam;Chiny;Malezja;Laos
Geografia i Turystyka;Geologia i Zjawiska Naturalne;trudne;Gdzie znajduje się Jaskinia Mamucia, posiadająca najdłuższy system korytarzy na świecie?;USA (Kentucky);Wietnam;Słowenia;Meksyk
Geografia i Turystyka;Geologia i Zjawiska Naturalne;trudne;Jak nazywa się najgłębsza jaskinia świata, położona w Gruzji (Abchazji)?;Wieriowkina;Krubera;Lamprechtsofen;Jean-Bernard
Geografia i Turystyka;Geologia i Zjawiska Naturalne;łatwe;Jak nazywają się nacieki jaskiniowe "rosnące" z sufitu ku dołowi?;Stalaktyty;Stalagmiaty;Stalagnaty;Draperie
Geografia i Turystyka;Wody Świata - Rzeki, Jeziora, Morza;bardzo trudne;Jak nazywa się najgłębsze jezioro w Alpach, położone we Włoszech?;Como;Garda;Maggiore;Iseo
Geografia i Turystyka;Wody Świata - Rzeki, Jeziora, Morza;bardzo trudne;Które jezioro nazywane jest "Węgierskim Morzem"?;Balaton;Velence;Fertő;Hévíz
Geografia i Turystyka;Wody Świata - Rzeki, Jeziora, Morza;trudne;Jak nazywa się największe jezioro w Europie (położone w Rosji)?;Ładoga;Onega;Wener;Balaton
Geografia i Turystyka;Wody Świata - Rzeki, Jeziora, Morza;trudne;Nad którym jeziorem leży miasto Genewa?;Genewskie (Leman);Bodeńskie;Garda;Zurychskie
Geografia i Turystyka;Wody Świata - Rzeki, Jeziora, Morza;łatwe;W którym kraju znajduje się jezioro Loch Ness, znane z legendy o potworze?;Wielka Brytania;Irlandia;Norwegia;Islandia
Geografia i Turystyka;Wody Świata - Rzeki, Jeziora, Morza;bardzo trudne;Jak nazywa się najdłuższy sztuczny kanał transportowy świata, znajdujący się w Chinach?;Wielki Kanał;Kanał Erie;Kanał Karakumski;Kanał Alberta
Geografia i Turystyka;Wody Świata - Rzeki, Jeziora, Morza;bardzo trudne;Który kanał łączy Morze Północne z Bałtykiem, skracając drogę wokół Półwyspu Jutlandzkiego?;Kiloński;Sueski;Koryncki;Gota
Geografia i Turystyka;Wody Świata - Rzeki, Jeziora, Morza;trudne;Jak nazywa się kanał oddzielający Peloponez od kontynentalnej części Grecji?;Koryncki;Sueski;Kiloński;Kaledoński
Geografia i Turystyka;Wody Świata - Rzeki, Jeziora, Morza;trudne;Który kanał łączy Morze Śródziemne z Morzem Czerwonym?;Sueski;Panamski;Koryncki;Gota
Geografia i Turystyka;Wody Świata - Rzeki, Jeziora, Morza;łatwe;Który kanał łączy Ocean Atlantycki z Oceanem Spokojnym?;Panamski;Sueski;Kiloński;Koryncki
Geografia i Turystyka;Geologia i Zjawiska Naturalne;bardzo trudne;Co oznacza termin "albedo"?;Zdolność powierzchni do odbijania promieni słonecznych;Wilgotność powietrza;Prędkość wiatru;Ciśnienie atmosferyczne
Geografia i Turystyka;Geologia i Zjawiska Naturalne;bardzo trudne;Jak nazywa się prąd morski, który ogrzewa klimat Europy Zachodniej i Północnej?;Prąd Zatokowy (Golsztrom);Prąd Labradorski;Prąd Benguelski;Prąd Peruwiański
Geografia i Turystyka;Geologia i Zjawiska Naturalne;trudne;Jak nazywa się skala używana do klasyfikacji siły huraganów?;Saffira-Simpsona;Beauforta;Richtera;Fujity
Geografia i Turystyka;Geologia i Zjawiska Naturalne;trudne;Jak nazywa się wiatr halny występujący w Tatrach?;Wiatr fenowy;Bora;Mistral;Sirocco
Geografia i Turystyka;Geologia i Zjawiska Naturalne;łatwe;Jak nazywa się przyrząd do mierzenia temperatury?;Termometr;Barometr;Higrometr;Anemometr
Geografia i Turystyka;Kontynenty i Regiony Świata;bardzo trudne;Jak nazywał się superkontynent, który istniał na Ziemi około 300-200 milionów lat temu?;Pangea;Gondwana;Laurazja;Rodinia
Geografia i Turystyka;Kontynenty i Regiony Świata;bardzo trudne;Jak nazywał się superkontynent, który istniał ok. 300 mln lat temu i skupiał niemal wszystkie lądy?;Pangea;Gondwana;Laurazja;Rodinia
Geografia i Turystyka;Kontynenty i Regiony Świata;bardzo trudne;Która cieśnina oddziela Azję od Ameryki Północnej?;Beringa;Gibraltarska;Magellana;Malakka
Geografia i Turystyka;Kontynenty i Regiony Świata;bardzo trudne;Który z oceanów został wydzielony jako najmłodszy (w 2000 roku przez IHO)?;Południowy;Arktyczny;Indyjski;Spokojny
Geografia i Turystyka;Kontynenty i Regiony Świata;trudne;Jak nazywa się ekstremalnie głęboki na niemal 11 kilometrów rów oceaniczny, stanowiący najgłębsze miejsce na Ziemi?;Rów Mariański;Rów Tongijski;Rów Kurylsko-Kamczacki;Rów Portorykański
Geografia i Turystyka;Kontynenty i Regiony Świata;trudne;Jak nazywa się najgłębsze znane miejsce na Ziemi, położone w Rowie Mariańskim na Oceanie Spokojnym?;Głębina Challengera;Głębina Vitjaź;Rów Puerto Rico;Rów Sundajski
Geografia i Turystyka;Kontynenty i Regiony Świata;trudne;Jak nazywa się największy ocean na Ziemi, oblewający zachodnie wybrzeża obu Ameryk?;Spokojny (Pacyfik);Atlantycki;Indyjski;Arktyczny
Geografia i Turystyka;Kontynenty i Regiony Świata;trudne;Jaka niezwykle ważna strategicznie i historycznie cieśnina naturalnie oddziela terytorium Azji (Rosję) od Ameryki (Alaski)?;Cieśnina Beringa;Cieśnina Magellana;Cieśnina Bosfor;Cieśnina Gibraltarska
Geografia i Turystyka;Kontynenty i Regiony Świata;trudne;Który ocean ma największą średnią głębokość spośród wszystkich oceanów świata?;Ocean Spokojny;Ocean Atlantycki;Ocean Indyjski;Ocean Arktyczny
Geografia i Turystyka;Kontynenty i Regiony Świata;trudne;Który z pięciu wielkich oceanów świata jest jednocześnie najmniejszy powierzchniowo i zdecydowanie najpłytszy?;Ocean Arktyczny;Ocean Indyjski;Ocean Południowy;Ocean Atlantycki
Geografia i Turystyka;Kontynenty i Regiony Świata;trudne;Która cieśnina oddziela Azję od Ameryki Północnej?;Beringa;Gibraltarska;Magellana;Malakka
Geografia i Turystyka;Kontynenty i Regiony Świata;trudne;Który kontynent jest najzimniejszy, najsuchszy i najbardziej wietrzny?;Antarktyda;Australia;Ameryka Północna;Europa
Geografia i Turystyka;Kontynenty i Regiony Świata;trudne;Który kontynent jest najzimniejszy, najsuchszy i najbardziej wietrzny?;Antarktyda;Australia;Azja;Ameryka Południowa
Geografia i Turystyka;Kontynenty i Regiony Świata;trudne;Który ocean jest największy i najgłębszy na świecie?;Spokojny;Atlantycki;Indyjski;Arktyczny
Geografia i Turystyka;Kontynenty i Regiony Świata;łatwe;Gdzie leży pustynia Sahara?;W Afryce Północnej;W Ameryce Południowej;W Australii;W Azji Środkowej
Geografia i Turystyka;Kontynenty i Regiony Świata;łatwe;Jaki jest największy pod względem powierzchni kontynent na Ziemi?;Azja;Afryka;Ameryka Północna;Europa
Geografia i Turystyka;Kontynenty i Regiony Świata;łatwe;Jaki ocean jest największy i najgłębszy na naszej planecie?;Ocean Spokojny;Ocean Atlantycki;Ocean Indyjski;Ocean Południowy
Geografia i Turystyka;Kontynenty i Regiony Świata;łatwe;Jaki ocean oblewający Europę od zachodu jest drugim co do wielkości?;Ocean Atlantycki;Ocean Spokojny;Ocean Indyjski;Ocean Arktyczny
Geografia i Turystyka;Kontynenty i Regiony Świata;łatwe;Który kontynent jest największy pod względem powierzchni i ludności?;Azja;Afryka;Ameryka Północna;Europa
Geografia i Turystyka;Kontynenty i Regiony Świata;łatwe;Który kontynent jest w całości pokryty lodem i nie ma stałych mieszkańców?;Antarktyda;Arktyka;Australia;Grenlandia
Geografia i Turystyka;Kontynenty i Regiony Świata;łatwe;Ile jest kontynentów na Ziemi (według najpopularniejszego podziału)?;7;5;6;8
Geografia i Turystyka;Kontynenty i Regiony Świata;łatwe;Który ocean jest największy na Ziemi?;Spokojny;Atlantycki;Indyjski;Arktyczny
Geografia i Turystyka;Kultura i Zwyczaje w Podróży;bardzo trudne;Jak nazywa się najdroższa przyprawa świata, pozyskiwana ze słupków krokusa?;Szafran;Wanilia;Kardamon;Kurkuma
Geografia i Turystyka;Kultura i Zwyczaje w Podróży;bardzo trudne;W którym kraju tradycyjną potrawą jest Hákarl – sfermentowane mięso rekina?;Islandia;Norwegia;Grenlandia;Finlandia
Geografia i Turystyka;Kultura i Zwyczaje w Podróży;trudne;Jak nazywa się tradycyjna japońska potrawa składająca się z octowego ryżu i różnych dodatków, najczęściej surowych ryb?;Sushi;Ramen;Tempura;Dim Sum
Geografia i Turystyka;Kultura i Zwyczaje w Podróży;trudne;Z jakiego regionu Hiszpanii wywodzi się oryginalna paella?;Walencja;Andaluzja;Katalonia;Madryt
Geografia i Turystyka;Kultura i Zwyczaje w Podróży;łatwe;Z którego kraju pochodzi pizza i makaron?;Włochy;Grecja;Francja;Hiszpania
Geografia i Turystyka;Kultura i Zwyczaje w Podróży;bardzo trudne;Jak nazywa się święto kolorów w Indiach, podczas którego ludzie obrzucają się kolorowym proszkiem?;Holi;Diwali;Navratri;Pongal
Geografia i Turystyka;Kultura i Zwyczaje w Podróży;bardzo trudne;W którym kraju tradycyjnym powitaniem jest "Haka" – rytualny taniec Maorysów?;Nowa Zelandia;Australia;Fidżi;Samoa
Geografia i Turystyka;Kultura i Zwyczaje w Podróży;trudne;Jak nazywa się tradycyjny strój japoński?;Kimono;Sari;Hanbok;Kilt
Geografia i Turystyka;Kultura i Zwyczaje w Podróży;trudne;W którym kraju obchodzi się hucznie Dzień Zmarłych (Día de Muertos) z kolorowymi czaszkami?;Meksyk;Hiszpania;Brazylia;Włochy
Geografia i Turystyka;Kultura i Zwyczaje w Podróży;łatwe;Z jakiego kraju wywodzi się tradycja parzenia herbaty i jedzenia pałeczkami?;Chiny;Indie;Egipt;Meksyk
Geografia i Turystyka;Kartografia i Orientacja;bardzo trudne;Ile wynosi w przybliżeniu długość jednego stopnia szerokości geograficznej?;111 km;60 km;150 km;40 km
Geografia i Turystyka;Kartografia i Orientacja;bardzo trudne;Jak nazywa się kąt zawarty między północą magnetyczną a północą geograficzną?;Deklinacja magnetyczna;Inklinacja;Azymut;Eleracja
Geografia i Turystyka;Kartografia i Orientacja;bardzo trudne;Jak nazywa się odwzorowanie kartograficzne, w którym południki i równoleżniki przecinają się pod kątem prostym, popularne w nawigacji morskiej?;Odwzorowanie Merkatora;Odwzorowanie Mollweidego;Odwzorowanie azymutalne;Odwzorowanie stożkowe
Geografia i Turystyka;Kartografia i Orientacja;bardzo trudne;Które odwzorowanie kartograficzne zachowuje kąty, co czyni je idealnym dla nawigacji morskiej?;Merkatora;Mollweidego;Galla-Petersa;Azymutalne
Geografia i Turystyka;Kartografia i Orientacja;trudne;Jak w kartografii ściśle określa się krzywe linie na mapie, które łączą punkty o tej samej wysokości nad poziomem morza?;Poziomice (izohipsy);Izobaty;Izotermy;Izobary
Geografia i Turystyka;Kartografia i Orientacja;trudne;Jaki jest absolutnie maksymalny stopień szerokości geograficznej, jaki podróżnik może osiągnąć dokładnie na biegunach Ziemi?;90 stopni;180 stopni;360 stopni;0 stopni
Geografia i Turystyka;Kartografia i Orientacja;trudne;Która projekcja kartograficzna, powszechnie stosowana w nawigacji morskiej, zachowuje kąty i kształty obszarów, lecz zniekształca powierzchnie rejonów polarnych?;Projekcja Merkatora;Projekcja Robinsona;Projekcja Mollweidego;Projekcja Azimutalna
Geografia i Turystyka;Kartografia i Orientacja;trudne;Przez jaką dzielnicę Londynu przebiega umowny południk zerowy?;Greenwich;Westminster;Soho;Camden
Geografia i Turystyka;Kartografia i Orientacja;trudne;Przez które miasto przebiega południk 0 stopni (południk Greenwich), będący podstawą do wyznaczania długości geograficznej?;Londyn;Paryż;Bruksela;Berlin
Geografia i Turystyka;Kartografia i Orientacja;trudne;W jakim klasycznym odwzorowaniu kartograficznym loksodroma (czyli linia stałego kursu) na mapie zawsze jest linią prostą?;W odwzorowaniu Merkatora;W odwzorowaniu Robinsona;W odwzorowaniu Petersa;W odwzorowaniu azymutalnym
Geografia i Turystyka;Kartografia i Orientacja;trudne;Jak nazywają się linie na mapie łączące punkty o tej samej wysokości n.p.m.?;Izohipsy;Izobary;Izotermy;Izohialy
Geografia i Turystyka;Kartografia i Orientacja;trudne;Jak nazywają się linie na mapie łączące punkty o tej samej wysokości nad poziomem morza?;Izohipsy;Izobary;Izotermy;Izohialy
Geografia i Turystyka;Kartografia i Orientacja;trudne;Przez którą dzielnicę Londynu przebiega południk zerowy?;Greenwich;Westminster;Camden;Chelsea
Geografia i Turystyka;Kartografia i Orientacja;trudne;W jakim mieście znajduje się historyczny południk zerowy (Greenwich)?;Londyn;Paryż;Waszyngton;Berlin
Geografia i Turystyka;Kartografia i Orientacja;łatwe;Co na mapie fizycznej oznaczają poziomice (izohipsy)?;Punkty o tej samej wysokości;Punkty o tym samym ciśnieniu;Głębokość oceanów;Granice państw
Geografia i Turystyka;Kartografia i Orientacja;łatwe;Jak nazywa się nauka zajmująca się tworzeniem map?;Kartografia;Topografia;Geologia;Urbanistyka
Geografia i Turystyka;Kartografia i Orientacja;łatwe;Jak nazywa się południk zerowy, od którego liczy się długość geograficzną?;Południk Greenwich;Południk Paryski;Linia Zmiany Daty;Południk Warszawski
Geografia i Turystyka;Kartografia i Orientacja;łatwe;Jaka linia pozioma dzieli kulę ziemską na półkulę północną i południową?;Równik;Południk zerowy;Zwrotnik Raka;Koło podbiegunowe
Geografia i Turystyka;Kartografia i Orientacja;łatwe;Jaka równoleżnikowa linia dzieli Ziemię na półkulę północną i południową?;Równik;Południk zero;Zwrotnik Raka;Zwrotnik Koziorożca
Geografia i Turystyka;Kartografia i Orientacja;łatwe;Jeśli skala mapy wynosi 1:100 000, to 1 cm na mapie odpowiada w terenie:;1 kilometrowi;10 kilometrom;100 metrom;100 kilometrom
Geografia i Turystyka;Kartografia i Orientacja;łatwe;Jak nazywa się linia o szerokości geograficznej 0 stopni, dzieląca Ziemię na półkulę północną i południową?;Równik;Południk zerowy;Zwrotnik Raka;Zwrotnik Koziorożca
Geografia i Turystyka;Kartografia i Orientacja;łatwe;Jak nazywa się linia o szerokości geograficznej 0 stopni?;Równik;Południk zerowy;Zwrotnik Raka;Koło podbiegunowe
Geografia i Turystyka;Wody Świata - Rzeki, Jeziora, Morza;bardzo trudne;Jak nazywa się morze położone między Grecją a Turcją?;Egejskie;Jońskie;Tyrreńskie;Adriatyckie
Geografia i Turystyka;Wody Świata - Rzeki, Jeziora, Morza;bardzo trudne;Które morze jest najpłytszym morzem świata?;Azowskie;Bałtyckie;Żółte;Jawajskie
Geografia i Turystyka;Wody Świata - Rzeki, Jeziora, Morza;trudne;Które morze jako jedyne na świecie nie posiada brzegów lądowych?;Sargassowe;Koralowe;Arabskie;Beringa
Geografia i Turystyka;Wody Świata - Rzeki, Jeziora, Morza;trudne;Które morze jest najbardziej zasolone na świecie?;Morze Martwe;Morze Czerwone;Morze Kaspijskie;Morze Bałtyckie
Geografia i Turystyka;Wody Świata - Rzeki, Jeziora, Morza;łatwe;Które morze oddziela Europę od Afryki?;Śródziemne;Czerwone;Czarne;Północne
Geografia i Turystyka;Architektura i Cuda Świata;bardzo trudne;Jak nazywa się najstarszy istniejący most w Wenecji, przebiegający nad Canal Grande?;Rialto;Most Westchnień;Most Akademii;Ponte della Costituzione
Geografia i Turystyka;Architektura i Cuda Świata;bardzo trudne;W którym państwie znajduje się wiadukt Millau – najwyższy most na świecie pod względem konstrukcyjnym?;Francja;Szwajcaria;Chiny;Austria
Geografia i Turystyka;Architektura i Cuda Świata;trudne;Jak nazywa się najdłuższy most morski świata łączący Hongkong, Zhuhai i Makau?;Most Hongkong-Zhuhai-Makau;Akashi Kaikyō;Danyang-Kunshan;Most Vasco da Gamy
Geografia i Turystyka;Architektura i Cuda Świata;trudne;Który europejski tunel kolejowy pod Alpami jest najdłuższym tunelem na świecie (57 km)?;Tunel bazowy św. Gotarda;Eurotunel;Tunel pod Mont Blanc;Tunel Brenner
Geografia i Turystyka;Architektura i Cuda Świata;łatwe;W którym mieście znajduje się słynny most Golden Gate?;San Francisco;Nowy Jork;Londyn;Sydney
Geografia i Turystyka;Metropolie i Miasta Świata;bardzo trudne;Jak nazywa się najwyższy budynek w Unii Europejskiej, znajdujący się w Warszawie?;Varso Tower;Sky Tower;Złota 44;Palac Kultury i Nauki
Geografia i Turystyka;Metropolie i Miasta Świata;bardzo trudne;W którym mieście znajdują się bliźniacze wieże Petronas Towers?;Kuala Lumpur;Dżakarta;Singapur;Bangkok
Geografia i Turystyka;Metropolie i Miasta Świata;trudne;Jak nazywa się słynny nowojorski drapacz chmur w stylu art déco, ukończony w 1931 roku?;Empire State Building;Chrysler Building;One World Trade Center;Flatiron Building
Geografia i Turystyka;Metropolie i Miasta Świata;trudne;Która azjatycka metropolia jest uważana za najludniejszy obszar miejski na świecie?;Tokio;Szanghaj;Bombaj;Seul
Geografia i Turystyka;Metropolie i Miasta Świata;łatwe;W którym mieście znajduje się najwyższy budynek świata, Burj Khalifa?;Dubaj;Nowy Jork;Tokio;Szanghaj
Geografia i Turystyka;Przyroda i Rekordy;bardzo trudne;Jak nazywa się starożytna stolica Nabatejczyków, do której prowadzi wąski wąwóz Siq?;Petra;Palmyra;Hatra;Geraza
Geografia i Turystyka;Przyroda i Rekordy;bardzo trudne;W którym kraju znajduje się Mohendżo-Daro – jedno z głównych miast cywilizacji doliny Indusu?;Pakistan;Indie;Afganistan;Nepal
Geografia i Turystyka;Przyroda i Rekordy;trudne;Gdzie odnaleziono Terakotową Armię pierwszego cesarza Chin?;Xi'an;Pekin;Szanghaj;Nankin
Geografia i Turystyka;Przyroda i Rekordy;trudne;Jak nazywa się starożytne miasto Majów w Meksyku, ze słynną piramidą Kukulcan?;Chichén Itzá;Tikal;Palenque;Tulum
Geografia i Turystyka;Przyroda i Rekordy;łatwe;W którym kraju odkryto grobowiec Tutanchamona?;Egipt;Grecja;Włochy;Meksyk
Geografia i Turystyka;Przyroda i Rekordy;bardzo trudne;Jak nazywał się wenecki kupiec, który w XIII wieku dotarł do Chin i opisał swoje podróże w "Opisaniu świata"?;Marco Polo;Giovanni da Pian del Carpine;Ibn Battuta;Zheng He
Geografia i Turystyka;Przyroda i Rekordy;bardzo trudne;Kto był pierwszym człowiekiem, który dotarł do bieguna południowego?;Roald Amundsen;Robert Scott;Ernest Shackleton;Fridtjof Nansen
Geografia i Turystyka;Przyroda i Rekordy;trudne;Jak nazywał się portugalski żeglarz, który jako pierwszy dotarł drogą morską z Europy do Indii?;Vasco da Gama;Bartolomeu Dias;Henryk Żeglarz;Pedro Cabral
Geografia i Turystyka;Przyroda i Rekordy;trudne;Który podróżnik jako pierwszy opłynął świat (choć sam zginął w trakcie wyprawy na Filipinach)?;Ferdynand Magellan;Francis Drake;James Cook;Amerigo Vespucci
Geografia i Turystyka;Przyroda i Rekordy;łatwe;Kto dowodził wyprawą, która w 1492 roku dopłynęła do wybrzeży Ameryki?;Krzysztof Kolumb;Vasco da Gama;Ferdynand Magellan;Marco Polo
Geografia i Turystyka;Kartografia i Orientacja;bardzo trudne;Co oznacza termin "azymut"?;Kąt między północą a danym kierunkiem marszu;Wysokość słońca nad horyzontem;Odległość na mapie;Różnica wysokości między dwoma punktami
Geografia i Turystyka;Kartografia i Orientacja;bardzo trudne;Jak nazywa się kąt poziomy mierzony od kierunku północy zgodnie z ruchem wskazówek zegara do wybranego celu?;Azymut;Elewacja;Deklinacja;Rumb
Geografia i Turystyka;Kartografia i Orientacja;bardzo trudne;Jak nazywa się przyrząd służący do pomiaru kątów pionowych i poziomych w terenie, używany przez geodetów?;Teodolit;Sekstant;Goniometr;Barometr
Geografia i Turystyka;Kartografia i Orientacja;bardzo trudne;Jeśli słońce w południe (na półkuli północnej) masz przed sobą, to po której stronie masz zachód?;Prawej;Lewej;Z tyłu;Nie da się określić
Geografia i Turystyka;Kartografia i Orientacja;trudne;Jak nazywa się kąt między kierunkiem na geograficzną północ a kierunkiem na magnetyczną północ, istotny przy nawigacji z kompasem?;Deklinacja magnetyczna;Azymut magnetyczny;Inklinacja magnetyczna;Dewiacja kompasu
Geografia i Turystyka;Kartografia i Orientacja;trudne;Jak nazywa się technika nawigacyjna polegająca na wyznaczaniu własnej pozycji poprzez pomiar kątów w stosunku do co najmniej trzech znanych punktów w terenie?;Triangulacja;Trilateration;Azymutering;Biangulacja
Geografia i Turystyka;Kartografia i Orientacja;trudne;Jak w nawigacji nazywa się kąt zawarty między północą a linią wyznaczającą kierunek naszego marszu do danego obiektu?;Azymut;Elewacja;Deklinacja;Inklinacja
Geografia i Turystyka;Kartografia i Orientacja;trudne;Która gwiazda, wskazująca zawsze północ, jest najjaśniejszym punktem w konstelacji Małej Niedźwiedzicy?;Gwiazda Polarna;Syriusz;Wega;Betelgeza
Geografia i Turystyka;Kartografia i Orientacja;trudne;W jakim konkretnie kierunku geograficznym będzie wskazywała tarcza magnetycznego kompasu na wartości zero stopni (0°)?;Na północ;Na południe;Na wschód;Na zachód
Geografia i Turystyka;Kartografia i Orientacja;trudne;Z której strony swobodnie stojących drzew (na półkuli północnej) kora bywa wyraźnie grubsza i chropowata z powodu wiatrów?;Z północnego zachodu;Z południowego wschodu;Z południa;Z samego wschodu
Geografia i Turystyka;Kartografia i Orientacja;trudne;Jak nazywa się gwiazda na niebie północnym, która niemal nie zmienia swojego położenia i wskazuje kierunek północny?;Gwiazda Polarna;Syriusz;Wega;Betelgeza
Geografia i Turystyka;Kartografia i Orientacja;trudne;Która gwiazda na nocnym niebie wskazuje niemal dokładnie północ?;Polarna;Syriusz;Wega;Betelgeza
Geografia i Turystyka;Kartografia i Orientacja;trudne;Z której strony pnia drzewa najczęściej rośnie mech (na półkuli północnej)?;Północnej;Południowej;Wschodniej;Zachodniej
Geografia i Turystyka;Kartografia i Orientacja;trudne;Z której strony świata porasta zazwyczaj mech na pniach samotnie stojących drzew na półkuli północnej?;Północnej;Południowej;Wschodniej;Zachodniej
Geografia i Turystyka;Kartografia i Orientacja;łatwe;Jakie cialo niebieskie wschodzi dokładnie na wschodzie podczas równonocy?;Słońce;Księżyc;Wenus;Mars
Geografia i Turystyka;Kartografia i Orientacja;łatwe;Która gwiazda na nocnym niebie w naszej szerokości geograficznej wskazuje północ?;Gwiazda Polarna;Syriusz;Betelgeza;Wega
Geografia i Turystyka;Kartografia i Orientacja;łatwe;Na jaki kierunek świata zawsze wskazuje namagnesowana igła kompasu?;Północ;Południe;Wschód;Zachód
Geografia i Turystyka;Kartografia i Orientacja;łatwe;Rozwinięciem skrótu GPS oznaczającego nawigację satelitarną jest:;Global Positioning System;Global Pointing Satellite;General Place System;Geographic Position Sensor
Geografia i Turystyka;Kartografia i Orientacja;łatwe;Z której strony pnia drzewa najczęściej w polskich lasach narasta mech?;Od północy;Od południa;Od wschodu;Od zachodu
Geografia i Turystyka;Kartografia i Orientacja;łatwe;Z której strony pnia zazwyczaj najsilniej rośnie mech na drzewach (na półkuli północnej)?;Z północnej;Z południowej;Ze wschodniej;Z zachodniej
Geografia i Turystyka;Kartografia i Orientacja;łatwe;Który kierunek wskazuje zazwyczaj igła kompasu?;Północ;Południe;Wschód;Zachód
Geografia i Turystyka;Kartografia i Orientacja;łatwe;Który kierunek świata wskazuje zazwyczaj igła kompasu?;Północ;Południe;Wschód;Zachód
Geografia i Turystyka;Polska - Przyroda i Atrakcje;bardzo trudne;Który park narodowy chroni największy w Polsce obszar bagien i torfowisk?;Biebrzański;Narwiański;Poleski;Ujście Warty
Geografia i Turystyka;Polska - Przyroda i Atrakcje;bardzo trudne;Który polski park narodowy chroni największy w Europie Środkowej obszar bagien i torfowisk?;Biebrzański PN;Narwiański PN;Poleski PN;Ujście Warty PN
Geografia i Turystyka;Polska - Przyroda i Atrakcje;bardzo trudne;W którym parku narodowym znajduje się najwyższa w Polsce drabina na szlaku turystycznym (w Wąwozie Homole)?;Pieniński;Ojcowski;Tatrzański;Karkonoski
Geografia i Turystyka;Polska - Przyroda i Atrakcje;bardzo trudne;W którym parku narodowym znajdują się unikalne formy skalne o nazwach takich jak Szczeliniec Wielki czy Błędne Skały?;Gór Stołowych;Ojcowski;Świętokrzyski;Roztoczański
Geografia i Turystyka;Polska - Przyroda i Atrakcje;trudne;Ile parków narodowych liczy Polska łącznie?;23;18;21;25
Geografia i Turystyka;Polska - Przyroda i Atrakcje;trudne;Jak nazywa się najmniejszy pod względem powierzchni park narodowy w Polsce?;Ojcowski;Pieniński;Wigierski;Ujście Warty
Geografia i Turystyka;Polska - Przyroda i Atrakcje;trudne;Jakiego drapieżnego ptaka umieszczono w herbie Wolińskiego Parku Narodowego jako symbol udanej ochrony tamtejszej fauny?;Orła bielika;Sokoła wędrownego;Bociana czarnego;Jastrzębia
Geografia i Turystyka;Polska - Przyroda i Atrakcje;trudne;Który polski park narodowy chroni największy w Europie obszar bagien i torfowisk?;Biebrzański;Narwiański;Słowiński;Poleski
Geografia i Turystyka;Polska - Przyroda i Atrakcje;trudne;Który polski park narodowy jest jedynym w Polsce posiadającym status Rezerwatu Biosfery UNESCO i leży na obszarze Puszczy Białowieskiej?;Białowieski Park Narodowy;Biebrzański Park Narodowy;Narwiański Park Narodowy;Wigierski Park Narodowy
Geografia i Turystyka;Polska - Przyroda i Atrakcje;trudne;Który z dwudziestu trzech polskich parków narodowych posiada największą powierzchnię chronioną, w tym rozległe bagna?;Biebrzański;Kampinoski;Bieszczadzki;Tatrzański
Geografia i Turystyka;Polska - Przyroda i Atrakcje;trudne;W jakim parku narodowym znajdują się słynne gołoborza?;Świętokrzyskim;Karkonoskim;Bieszczadzkim;Gorczańskim
Geografia i Turystyka;Polska - Przyroda i Atrakcje;trudne;W jakim polskim parku chroni się potężne, nieporośnięte lasem zwały skalne na zboczach gór, nazywane tradycyjnie gołoborzami?;W Świętokrzyskim PN;W Karkonoskim PN;W Bieszczadzkim PN;W Pienińskim PN
Geografia i Turystyka;Polska - Przyroda i Atrakcje;trudne;W którym polskim parku narodowym możemy podziwiać ruchome wydmy?;Słowińskim;Wolińskim;Kampinoskim;Poleskim
Geografia i Turystyka;Polska - Przyroda i Atrakcje;trudne;Symbolem którego parku narodowego jest głowa żubra?;Białowieski PN;Kampinoski PN;Wigierski PN;Bieszczadzki PN
Geografia i Turystyka;Polska - Przyroda i Atrakcje;trudne;Symbolem którego parku narodowego jest salamandra plamista?;Gorczański;Bieszczadzki;Tatrzański;Magurski
Geografia i Turystyka;Polska - Przyroda i Atrakcje;trudne;W którym parku narodowym znajduje się najwyższy szczyt polskich Karkonoszy – Śnieżka?;Karkonoski PN;Stołowogórski PN;Babiogórski PN;Gorce PN
Geografia i Turystyka;Polska - Przyroda i Atrakcje;trudne;W którym parku narodowym znajdują się "ruchome wydmy"?;Słowiński;Woliński;Biebrzański;Kampinoski
Geografia i Turystyka;Polska - Przyroda i Atrakcje;łatwe;Gdzie w Polsce znajdziesz Maczugę Herkulesa?;W Ojcowskim PN;W Tatrzańskim PN;W Pienińskim PN;W Karkonoskim PN
Geografia i Turystyka;Polska - Przyroda i Atrakcje;łatwe;Jaki park narodowy znany jest z pięknych, jeziornych krajobrazów?;Wigierski PN;Poleski PN;Roztoczański PN;Biebrzański PN
Geografia i Turystyka;Polska - Przyroda i Atrakcje;łatwe;Jaki polski park narodowy słynie z największej na świecie wolno żyjącej populacji żubra?;Białowieski;Tatrzański;Ojcowski;Bieszczadzki
Geografia i Turystyka;Polska - Przyroda i Atrakcje;łatwe;Jakie góry obejmuje park narodowy z symbolem rysia w herbie?;Bieszczady;Tatry;Karkonosze;Pieniny
Geografia i Turystyka;Polska - Przyroda i Atrakcje;łatwe;Który park narodowy chroni największy obszar wydm ruchomych w Polsce?;Słowiński PN;Woliński PN;Kampinoski PN;Poleski PN
Geografia i Turystyka;Polska - Przyroda i Atrakcje;łatwe;Który polski park narodowy ma w swoim herbie żubra?;Białowieski;Tatrzański;Kampinoski;Pieniński
Geografia i Turystyka;Polska - Przyroda i Atrakcje;łatwe;Symbol jakiego parku narodowego przedstawia żubra?;Białowieskiego PN;Bieszczadzkiego PN;Świętokrzyskiego PN;Tatrzańskiego PN
Geografia i Turystyka;Polska - Przyroda i Atrakcje;łatwe;W którym parku narodowym znajdują się najwyższe góry w Polsce?;Tatrzańskim;Karkonoskim;Bieszczadzkim;Pienińskim
Geografia i Turystyka;Polska - Przyroda i Atrakcje;łatwe;Który park narodowy jest najstarszy w Polsce?;Białowieski;Tatrzański;Pieniński;Kampinoski
Geografia i Turystyka;Polska - Przyroda i Atrakcje;łatwe;Który polski park narodowy jest najstarszy?;Białowieski;Tatrzański;Pieniński;Kampinoski
Geografia i Turystyka;Parki i Rozrywka;bardzo trudne;Który park narodowy w Chorwacji słynie z 16 kaskadowych jezior połączonych wodospadami?;Jeziora Plitwickie;Krka;Paklenica;Kornati
Geografia i Turystyka;Parki i Rozrywka;bardzo trudne;W którym państwie znajduje się Park Narodowy Fiordland z malowniczym Milford Sound?;Nowa Zelandia;Norwegia;Chile;Islandia
Geografia i Turystyka;Parki i Rozrywka;trudne;Jak nazywa się park narodowy w Kanadzie, znany z turkusowego jeziora Louise?;Banff;Jasper;Yoho;Kootenay
Geografia i Turystyka;Parki i Rozrywka;trudne;W którym kraju znajduje się Park Narodowy Serengeti, słynący z wielkiej migracji zwierząt?;Tanzania;Kenia;Etiopia;Botswana
Geografia i Turystyka;Parki i Rozrywka;łatwe;Gdzie znajduje się pierwszy na świecie park narodowy – Yellowstone?;USA;Kanada;Australia;RPA
Geografia i Turystyka;Parki i Rozrywka;bardzo trudne;Jak nazywa się największy park rozrywki w Polsce, położony w miejscowości Zator?;Energylandia;Legendia;Majaland;Mandoria
Geografia i Turystyka;Parki i Rozrywka;bardzo trudne;W którym azjatyckim mieście znajduje się park rozrywki Ferrari World z najszybszą kolejką górską świata?;Abu Zabi;Dubaj;Singapur;Szanghaj
Geografia i Turystyka;Parki i Rozrywka;trudne;Jak nazywa się najstarszy działający park rozrywki na świecie, otwarty w 1583 roku w Danii?;Dyrehavsbakken;Tivoli Gardens;Prater;Liseberg
Geografia i Turystyka;Parki i Rozrywka;trudne;W którym państwie znajduje się park rozrywki Europa-Park, podzielony na strefy tematyczne odpowiadające krajom Europy?;Niemcy;Francja;Holandia;Belgia
Geografia i Turystyka;Parki i Rozrywka;łatwe;W którym europejskim mieście znajduje się najsłynniejszy Disneyland?;Paryż;Londyn;Madryt;Wiedeń
Geografia i Turystyka;Transport Turystyczny;bardzo trudne;Jak nazywa się widowiskowa linia kolejowa w Norwegii, łącząca górską stację Myrdal z portem we Flåm?;Flåmsbana;Bergensbanen;Raumabanen;Dovrebanen
Geografia i Turystyka;Transport Turystyczny;bardzo trudne;Który luksusowy pociąg przemierza trasę przez całą Australię, od Adelajdy do Darwin?;The Ghan;Indian Pacific;The Overland;Rocky Mountaineer
Geografia i Turystyka;Transport Turystyczny;trudne;Która linia kolejowa jest najwyżej położona na świecie (osiąga wysokość ponad 5000 m n.p.m.)?;Kolej tybetańska;Kolej transandyjska;Bernina Express;Darjeeling Himalayan Railway
Geografia i Turystyka;Transport Turystyczny;trudne;W którym kraju pasażerowie mogą podróżować pociągami typu Shinkansen?;Japonia;Korea Południowa;Chiny;Francja
Geografia i Turystyka;Transport Turystyczny;łatwe;Jak nazywa się luksusowy pociąg, który historycznie kursował na trasie Paryż-Stambuł?;Orient Express;Blue Train;The Ghan;Flying Scotsman
Geografia i Turystyka;Kontynenty i Regiony Świata;bardzo trudne;Które miasto w USA jest nazywane "The Mile High City" ze względu na swoje położenie n.p.m.?;Denver;Salt Lake City;Phoenix;Santa Fe
Geografia i Turystyka;Kontynenty i Regiony Świata;bardzo trudne;W którym państwie Ameryki Środkowej znajduje się Kanał Panamski?;Panama;Kostaryka;Nikaragua;Honduras
Geografia i Turystyka;Kontynenty i Regiony Świata;trudne;Jak nazywa się najwyższy szczyt Ameryki Północnej (dawniej Mount McKinley)?;Denali;Mount Rainier;Mount Whitney;Mount Elbert
Geografia i Turystyka;Kontynenty i Regiony Świata;trudne;W którym amerykańskim stanie znajduje się Park Narodowy Yellowstone?;Wyoming;Kalifornia;Floryda;Teksas
Geografia i Turystyka;Kontynenty i Regiony Świata;łatwe;Jak nazywa się najsłynniejsza amerykańska trasa samochodowa, łącząca Chicago z Los Angeles?;Route 66;Lincoln Highway;Pacific Coast Highway;Dixie Highway
Geografia i Turystyka;Polska - Regiony i Miasta;bardzo trudne;Jak nazywa się historyczna kraina nad dolną Wisłą, której stolicą jest Gdańsk?;Pomorze Gdańskie;Kujawy;Warmia;Mazury
Geografia i Turystyka;Polska - Regiony i Miasta;bardzo trudne;Który region Polski leży na styku granic z Niemcami i Czechami?;Worek Żytawski;Kotlina Kłodzka;Bieszczady;Suwalszczyzna
Geografia i Turystyka;Polska - Regiony i Miasta;trudne;Jak nazywa się kraina geograficzna na Lubelszczyźnie słynąca z wąwozów lessowych?;Roztocze;Polesie;Podlasie;Kujawy
Geografia i Turystyka;Polska - Regiony i Miasta;trudne;W którym regionie Polski znajduje się Trójwieś Beskidzka (Koniaków, Jaworzynka, Istebna)?;Beskid Śląski;Beskid Żywiecki;Gorce;Pieniny
Geografia i Turystyka;Polska - Regiony i Miasta;łatwe;Który region Polski słynie z największej liczby jezior?;Mazury;Podlasie;Śląsk;Małopolska
Geografia i Turystyka;Polska - Przyroda i Atrakcje;bardzo trudne;Jak nazywa się uzdrowisko w województwie świętokrzyskim słynące z najsilniejszych na świecie wód siarczkowych?;Busko-Zdrój;Solec-Zdrój;Iwonicz-Zdrój;Rymanów-Zdrój
Geografia i Turystyka;Polska - Przyroda i Atrakcje;bardzo trudne;Które małopolskie uzdrowisko nazywane jest "Perłą Polskich Wód" i słynie z wody mineralnej "Jan"?;Krynica-Zdrój;Szczawnica;Muszyna;Piwniczna-Zdrój
Geografia i Turystyka;Polska - Przyroda i Atrakcje;trudne;Które miasto słynie z unikalnych tężni solankowych o długości ponad 1,7 km?;Ciechocinek;Inowrocław;Konstancin-Jeziorna;Busko-Zdrój
Geografia i Turystyka;Polska - Przyroda i Atrakcje;trudne;W którym uzdrowisku na Dolnym Śląsku leczył się m.in. Fryderyk Chopin?;Duszniki-Zdrój;Polanica-Zdrój;Kudowa-Zdrój;Szczawno-Zdrój
Geografia i Turystyka;Polska - Przyroda i Atrakcje;łatwe;Która miejscowość nad Bałtykiem jest jednym z największych polskich uzdrowisk z tężniami?;Kołobrzeg;Sopot;Międzyzdroje;Łeba
Geografia i Turystyka;Polska - Regiony i Miasta;bardzo trudne;Jak nazywa się charakterystyczny proces niszczenia brzegu morskiego przez fale (powstawanie klifów)?;Abrazja;Erozja eoliczna;Akumulacja;Denudacja
Geografia i Turystyka;Polska - Regiony i Miasta;bardzo trudne;Jak nazywa się charakterystyczny, wysoki brzeg morski, który ulega niszczeniu przez fale (proces abrazji)?;Klif;Mierzeja;Rewa;Szkiery
Geografia i Turystyka;Polska - Regiony i Miasta;bardzo trudne;Która latarnia morska na polskim wybrzeżu jest najwyższa (ma 65 metrów wysokości)?;Świnoujście;Gdańsk Port Północny;Niechorze;Rozewie
Geografia i Turystyka;Polska - Regiony i Miasta;bardzo trudne;Która latarnia morska na polskim wybrzeżu jest najwyższa?;Świnoujście;Gdańsk Port Północny;Niechorze;Rozewie
Geografia i Turystyka;Polska - Regiony i Miasta;trudne;Jak nazywa się najdłuższa mierzeja na polskim wybrzeżu Bałtyku, oddzielająca Zalew Wiślany od Morza Bałtyckiego?;Mierzeja Wiślana;Mierzeja Helska;Mierzeja Łebska;Mierzeja Kurońska
Geografia i Turystyka;Polska - Regiony i Miasta;trudne;Jak nazywa się rzeka przepływająca przez Kołobrzeg i uchodząca do Morza Bałtyckiego?;Parsęta;Rega;Słupia;Łeba
Geografia i Turystyka;Polska - Regiony i Miasta;trudne;Jak nazywa się wąski pas lądu (mierzeja) oddzielający terytorium Zalewu Wiślanego od wielkich wód Zatoki Gdańskiej?;Mierzeja Wiślana;Mierzeja Helska;Mierzeja Sarbska;Mierzeja Kurońska
Geografia i Turystyka;Polska - Regiony i Miasta;trudne;Na jakiej dużej, wysuniętej na zachód wyspie usytuowana jest turystyczna i zachodnia, główna część miasta Świnoujście?;Na wyspie Uznam;Na wyspie Wolin;Na wyspie Karsibór;Na wyspie Chrząszczewskiej
Geografia i Turystyka;Polska - Regiony i Miasta;trudne;W jakiej nadmorskiej letniskowej miejscowości znajduje się popularna Gwiazda Północy, czyli najdalej wysunięty na północ skrawek Polski?;W Jastrzębiej Górze;We Władysławowie;Na Helu;W Rozewiu
Geografia i Turystyka;Polska - Regiony i Miasta;trudne;W jakim nadmorskim mieście znajduje się najwyższa latarnia morska na polskim wybrzeżu?;Świnoujście;Hel;Rozewie;Kołobrzeg
Geografia i Turystyka;Polska - Regiony i Miasta;trudne;Jak nazywa się największa polska wyspa, na której leży część miasta Świnoujście?;Wolin;Uznam;Chrząszczewska;Karsibór
Geografia i Turystyka;Polska - Regiony i Miasta;trudne;Jak nazywa się największa polska wyspa?;Wolin;Uznam;Chrząszczewska;Karsibór
Geografia i Turystyka;Polska - Regiony i Miasta;trudne;Który polski port lotniczy obsługuje Trójmiasto?;Gdańsk im. Lecha Wałęsy;Gdynia-Kosakowo;Szczecin-Goleniów;Bydgoszcz
Geografia i Turystyka;Polska - Regiony i Miasta;trudne;Który półwysep w Polsce ma długość 34 km i oddziela Zatokę Pucką od otwartego morza?;Helski;Wiślany;Rewski;Darłowski
Geografia i Turystyka;Polska - Regiony i Miasta;łatwe;Gdzie znajduje się najdłuższe drewniane molo w Polsce i Europie?;W Sopocie;W Międzyzdrojach;W Kołobrzegu;Na Helu
Geografia i Turystyka;Polska - Regiony i Miasta;łatwe;Jak nazywa się długi, piaszczysty półwysep, na którego końcu leży miasto Hel?;Półwysep Helski;Mierzeja Wiślana;Wolin;Uznam
Geografia i Turystyka;Polska - Regiony i Miasta;łatwe;Jakie morze oblewa północne granice Polski?;Morze Bałtyckie;Morze Północne;Morze Czarne;Morze Śródziemne
Geografia i Turystyka;Polska - Regiony i Miasta;łatwe;Nad jakim morzem leży północna granica Polski?;Nad Morzem Bałtyckim;Nad Morzem Północnym;Nad Morzem Czarnym;Nad Morzem Śródziemnym
Geografia i Turystyka;Polska - Regiony i Miasta;łatwe;W którym mieście znajduje się słynny, historyczny Żuraw portowy nad rzeką Motławą?;W Gdańsku;W Gdyni;W Szczecinie;W Świnoujściu
Geografia i Turystyka;Polska - Regiony i Miasta;łatwe;Z czego słynie Słowiński Park Narodowy położony nad polskim morzem?;Z ruchomych wydm;Z klifów wapiennych;Z fokarium;Z żubrów
Geografia i Turystyka;Polska - Regiony i Miasta;łatwe;Nad jakim morzem leży Polska?;Bałtyckim;Północnym;Śródziemnym;Czarnym
Geografia i Turystyka;Polska - Regiony i Miasta;łatwe;Nad jakim morzem leży Polska?;Bałtyckim;Północnym;Śródziemnym;Czarnym
Geografia i Turystyka;Polska - Przyroda i Atrakcje;bardzo trudne;Jak nazywa się monumentalna, niedokończona rezydencja magnacka w Ujeździe, mająca tyle okien, ile dni w roku?;Krzyżtopór;Łańcut;Baranów Sandomierski;Nieborów
Geografia i Turystyka;Polska - Przyroda i Atrakcje;bardzo trudne;W którym zamku na Dolnym Śląsku podczas II wojny światowej miały być ukryte cenne archiwa i skarby w ramach projektu Riese?;Książ;Czocha;Grodno;Bolczów
Geografia i Turystyka;Polska - Przyroda i Atrakcje;trudne;Jak nazywa się szlak turystyczny łączący zamki i warownie na Wyżynie Krakowsko-Częstochowskiej?;Szlak Orlich Gniazd;Szlak Piastowski;Szlak Zamków Gotyckich;Szlak Architektury Drewnianej
Geografia i Turystyka;Polska - Przyroda i Atrakcje;trudne;Który zamek nazywany jest "Śląskim Windsorem"?;Zamek Książ;Zamek Czocha;Zamek w Pszczynie;Zamek w Mosznej
Geografia i Turystyka;Polska - Przyroda i Atrakcje;łatwe;W którym mieście znajduje się największy ceglany zamek krzyżacki?;Malbork;Gniew;Kwidzyn;Olsztyn
Geografia i Turystyka;Pustynie, Dżungle i Ekstrema;bardzo trudne;Jak nazywa się zjawisko optyczne powstające na pustyni wskutek załamania światła w warstwach powietrza o różnej temperaturze?;Miraż;Zorza;Tęcza;Halo
Geografia i Turystyka;Pustynie, Dżungle i Ekstrema;bardzo trudne;Która pustynia, położona w Chile, jest uznawana za najsuchsze miejsce na Ziemi?;Atakama;Namib;Pustynia Wiktorii;Thar
Geografia i Turystyka;Pustynie, Dżungle i Ekstrema;bardzo trudne;W którym państwie leży Pustynia Gobi?;Mongolia;Indie;Egipt;Australia
Geografia i Turystyka;Pustynie, Dżungle i Ekstrema;trudne;Dorzecze potężnej Amazonki, tworzące zdecydowanie największą, bezcenną dżunglę świata, leży na obszarze ilu państw?;Dziewięciu;Trzech;Czternastu;Dwóch
Geografia i Turystyka;Pustynie, Dżungle i Ekstrema;trudne;Jak nazywa się największa gorąca pustynia świata i na jakim kontynencie się znajduje?;Sahara, Afryka;Pustynia Arabska, Azja;Gobi, Azja;Kalahari, Afryka
Geografia i Turystyka;Pustynie, Dżungle i Ekstrema;trudne;Jak nazywa się piaszczysta pustynia w Azji Środkowej, pokrywająca większość powierzchni Turkmenistanu, a jej nazwa to 'Czarne Piaski'?;Kara-kum;Kyzył-kum;Takla Makan;Thar
Geografia i Turystyka;Pustynie, Dżungle i Ekstrema;trudne;Jak nazywa się rozległy las deszczowy w Afryce Środkowej, rosnący w dorzeczu rzeki Kongo, będący drugim co do wielkości lasem deszczowym na świecie po Amazonii?;Las deszczowy Konga;Las Gwinei Równikowej;Puszcza Gabońska;Dżungla Nigru
Geografia i Turystyka;Pustynie, Dżungle i Ekstrema;trudne;Na terenie jakich dwóch państw leży azjatycka pustynia Gobi?;Mongolii i Chin;Indii i Pakistanu;Egiptu i Sudanu;Meksyku i USA
Geografia i Turystyka;Pustynie, Dżungle i Ekstrema;trudne;W jakiej południowoamerykańskiej, ekstremalnie suchej pustyni znajdują się obszary, w których zjawisko deszczu bywa rejestrowane raz na dekadę?;Na Atakamie;Na Kalahari;Na pustyni Sonora;Na pustyni Mojave
Geografia i Turystyka;Pustynie, Dżungle i Ekstrema;trudne;Jak nazywa się zjawisko optyczne polegające na powstawaniu pozornych obrazów na pustyni?;Miraż;Zorza;Tęcza;Halo
Geografia i Turystyka;Pustynie, Dżungle i Ekstrema;trudne;Która pustynia uznawana jest za najsuchsze miejsce na ziemi?;Atakama;Namib;Sahara;Wielka Pustynia Piaszczysta
Geografia i Turystyka;Pustynie, Dżungle i Ekstrema;trudne;Na którym kontynencie znajduje się największy las deszczowy świata – Amazonia?;Ameryka Południowa;Afryka;Azja;Ameryka Północna
Geografia i Turystyka;Pustynie, Dżungle i Ekstrema;trudne;Na którym kontynencie znajduje się największy las deszczowy świata – Amazonia?;Ameryka Południowa;Afryka;Azja;Australia
Geografia i Turystyka;Pustynie, Dżungle i Ekstrema;łatwe;Jak nazywa się największa gorąca pustynia świata, zlokalizowana w północnej Afryce?;Sahara;Gobi;Kalahari;Atakama
Geografia i Turystyka;Pustynie, Dżungle i Ekstrema;łatwe;Jak potocznie nazywa się największy las deszczowy na Ziemi?;Amazonia;Tajga;Dżungla Kongijska;Las Równikowy Borneo
Geografia i Turystyka;Pustynie, Dżungle i Ekstrema;łatwe;Jaka jest największa gorąca pustynia na świecie?;Sahara;Gobi;Kalahari;Atakama
Geografia i Turystyka;Pustynie, Dżungle i Ekstrema;łatwe;Jakie ssaki hoduje się tradycyjnie do podróżowania przez afrykańskie pustynie?;Wielbłądy;Lamy;Konie arabskie;Zebry
Geografia i Turystyka;Pustynie, Dżungle i Ekstrema;łatwe;Która pustynia uznawana jest za jedno z najsuchszych miejsc na świecie?;Atakama;Mojave;Ar-Rub al-Chali;Pustynia Błędowska
Geografia i Turystyka;Pustynie, Dżungle i Ekstrema;łatwe;Na jakim kontynencie znajduje się rozległa pustynia Gobi?;W Azji;W Afryce;W Australii;W Ameryce Północnej
Geografia i Turystyka;Pustynie, Dżungle i Ekstrema;łatwe;Jak nazywa się największa gorąca pustynia na świecie?;Sahara;Gobi;Atakama;Kalahari
Geografia i Turystyka;Pustynie, Dżungle i Ekstrema;łatwe;Jak nazywa się największa gorąca pustynia świata?;Sahara;Gobi;Atakama;Kalahari
Geografia i Turystyka;Pustynie, Dżungle i Ekstrema;bardzo trudne;Jak nazywają się charakterystyczne rośliny pustynne, które gromadzą wodę w swoich pędach?;Sukulenty;Efifity;Namorzyny;Liany
Geografia i Turystyka;Regiony Europy;bardzo trudne;Jak nazywa się wyspa na Morzu Śródziemnym, będąca regionem administracyjnym Francji, na której urodził się Napoleon?;Korsyka;Reunion;Martynika;Gwadelupa
Geografia i Turystyka;Regiony Europy;bardzo trudne;Który region Francji graniczy z Niemcami i był przez lata przedmiotem sporów między tymi krajami?;Alzacja;Lotaryngia;Franche-Comté;Pikardia
Geografia i Turystyka;Regiony Europy;trudne;Jak nazywa się region Francji znany z lawendowych pól i Lazurowego Wybrzeża?;Prowansja;Alzacja;Burgundia;Akwitania
Geografia i Turystyka;Regiony Europy;trudne;Który region Francji słynie z kredowych klifów i historycznych plaż lądowania aliantów?;Normandia;Bretania;Korsyka;Oksytania
Geografia i Turystyka;Regiony Europy;łatwe;Z którego regionu Francji pochodzi słynny napój z bąbelkami o tej samej nazwie?;Szampania;Prowansja;Normandia;Bretania
Geografia i Turystyka;Regiony Europy;bardzo trudne;Jak nazywa się malowniczy odcinek wybrzeża w Ligurii, składający się z pięciu kolorowych miasteczek?;Cinque Terre;Amalfi;Costa Smeralda;Riviera dei Fiori
Geografia i Turystyka;Regiony Europy;bardzo trudne;Z której wyspy wywodzi się słynny ser pecorino i chleb carasau?;Sardynia;Sycylia;Elba;Capri
Geografia i Turystyka;Regiony Europy;trudne;Jak nazywa się region ze stolicą w Mediolanie, znany z jezior Como i Garda?;Lombardia;Piemont;Wenecja Euganejska;Liguria
Geografia i Turystyka;Regiony Europy;trudne;Który region Włoch słynie z "trulli" – charakterystycznych białych domków z kamiennymi dachami?;Apulia;Kalabria;Kampania;Abruzja
Geografia i Turystyka;Regiony Europy;łatwe;W którym regionie Włoch leży Rzym?;Lacjum;Toskania;Lombardia;Sycylia
Geografia i Turystyka;Regiony Europy;bardzo trudne;Jak nazywa się hiszpański region winiarski, który jako pierwszy otrzymał status DOCa?;Rioja;Priorat;Ribera del Duero;Rueda
Geografia i Turystyka;Regiony Europy;bardzo trudne;W którym kraju znajduje się region Tokaj, słynący z produkcji win deserowych z owoców dotkniętych szlachetną pleśnią?;Węgry;Słowacja;Rumunia;Mołdawia
Geografia i Turystyka;Regiony Europy;trudne;Jak nazywa się znany region winiarski we Włoszech, położony w Toskanii, słynący z win Chianti?;Toskania;Piemont;Wenecja Euganejska;Sycylia
Geografia i Turystyka;Regiony Europy;trudne;Z którego kraju pochodzi słynne wino wzmacniane Porto?;Portugalia;Hiszpania;Grecja;Włochy
Geografia i Turystyka;Regiony Europy;łatwe;Który kraj słynie z regionu winiarskiego Bordeaux?;Francja;Włochy;Hiszpania;Portugalia
Geografia i Turystyka;Przyroda i Rekordy;bardzo trudne;Jak nazywa się najdłużej żyjący kręgowiec świata (może żyć ponad 400 lat)?;Rekin polarny;Żółw słoniowy;Wieloryb grenlandzki;Kojp
Geografia i Turystyka;Przyroda i Rekordy;bardzo trudne;Która roślina posiada największe pojedyncze kwiaty na świecie, wydzielające zapach padliny?;Raflezja;Amorfofalus;Wiktoria królewska;Storczyk
Geografia i Turystyka;Przyroda i Rekordy;trudne;Jak nazywają się najwyższe drzewa świata, rosnące w Kalifornii?;Sekwoje;Dęby;Mamutowce;Eukaliptusy
Geografia i Turystyka;Przyroda i Rekordy;trudne;Które zwierzę lądowe jest najszybsze na świecie?;Gepard;Struś;Antylopa;Lew
Geografia i Turystyka;Przyroda i Rekordy;łatwe;Które zwierzę jest największym ssakiem na Ziemi?;Płetwal błękitny;Słoń afrykański;Rekin wielorybi;Żyrafa
Geografia i Turystyka;Kultura i Zwyczaje w Podróży;bardzo trudne;Jak nazywa się góra w Tybecie, która jest świętym miejscem dla czterech religii (m.in. buddyzmu i hinduizmu)?;Kailas;Everest;Annapurna;Nanda Devi
Geografia i Turystyka;Kultura i Zwyczaje w Podróży;bardzo trudne;W którym kraju znajduje się Meteora – kompleks prawosławnych klasztorów "zawieszonych w chmurach"?;Grecja;Bułgaria;Serbia;Rumunia
Geografia i Turystyka;Kultura i Zwyczaje w Podróży;trudne;Jak nazywa się święte miasto hinduistów nad Gangesem?;Waranasi;Delhi;Mumbaj;Kalkuta
Geografia i Turystyka;Kultura i Zwyczaje w Podróży;trudne;W którym państwie znajduje się słynna świątynia Złoty Pawilon (Kinkaku-ji)?;Japonia;Chiny;Tajlandia;Wietnam
Geografia i Turystyka;Kultura i Zwyczaje w Podróży;łatwe;Które miasto jest celem pielgrzymek muzułmanów z całego świata (miejsce narodzin Mahometa)?;Mekka;Medyna;Jerozolima;Kair
Geografia i Turystyka;Polska - Przyroda i Atrakcje;bardzo trudne;Jak nazywa się jedyna rzeka w Europie, która krzyżuje się z inną rzeką (Welną) niemal pod kątem prostym w Wągrowcu?;Nielba;Warta;Gwda;Noteć
Geografia i Turystyka;Polska - Przyroda i Atrakcje;bardzo trudne;Jak nazywa się unikalny w skali kraju sztuczny zbiornik wodny (jezioro zaporowe) w Bieszczadach?;Solina;Czorsztyn;Rożnów;Zegrze
Geografia i Turystyka;Polska - Przyroda i Atrakcje;bardzo trudne;Która polska rzeka jest prawym dopływem Wisły i stanowi fragment granicy z Białorusią i Ukrainą?;Bug;Narew;San;Wieprz
Geografia i Turystyka;Polska - Przyroda i Atrakcje;bardzo trudne;Która polska rzeka jest uznawana za "polską Amazonkę" ze względu na swój wielokorytowy charakter?;Narew;Biebrza;Wieprz;Pilica
Geografia i Turystyka;Polska - Przyroda i Atrakcje;trudne;Ile kilometrów wynosi długość Wisły, najdłuższej rzeki Polski?;1047 km;854 km;1192 km;979 km
Geografia i Turystyka;Polska - Przyroda i Atrakcje;trudne;Jak nazywa się najgłębsze jezioro w Polsce, leżące na Pojezierzu Wschodniosuwalskim?;Hańcza;Śniardwy;Mamry;Wigry
Geografia i Turystyka;Polska - Przyroda i Atrakcje;trudne;Jaka jest zdecydowanie najdłuższa, wielka rzeka prawobrzeżna zasilająca bezpośrednio nurt Wisły (jej ujście znajduje się w Modlinie)?;Narew;Bug;San;Dunajec
Geografia i Turystyka;Polska - Przyroda i Atrakcje;trudne;Jakie znane jezioro przymorskie w województwie pomorskim słynie w Polsce z bliskości wędrujących ruchomych wydm?;Łebsko;Gardno;Jamno;Bukowo
Geografia i Turystyka;Polska - Przyroda i Atrakcje;trudne;Które jezioro w Polsce jest najgłębsze i jaką osiąga maksymalną głębokość?;Hańcza – 108,5 m;Śnardwy – 23,4 m;Mamry – 43,8 m;Wigry – 74,2 m
Geografia i Turystyka;Polska - Przyroda i Atrakcje;trudne;Które polskie, niezwykle strome jezioro polodowcowe zlokalizowane na Suwalszczyźnie, kryje polski rekord głębokości (108,5 m)?;Jezioro Hańcza;Jezioro Wdzydze;Jezioro Drawsko;Śniardwy
Geografia i Turystyka;Polska - Przyroda i Atrakcje;trudne;Jak nazywa się największe pod względem powierzchni jezioro w Polsce?;Śniardwy;Mamry;Łebsko;Miedwie
Geografia i Turystyka;Polska - Przyroda i Atrakcje;trudne;Które polskie jezioro jest najgłębsze?;Hańcza;Śniardwy;Mamry;Morskie Oko
Geografia i Turystyka;Polska - Przyroda i Atrakcje;trudne;Które polskie jezioro jest najgłębsze?;Hańcza;Śniardwy;Mamry;Morskie Oko
Geografia i Turystyka;Polska - Przyroda i Atrakcje;trudne;Nad którą rzeką leży Wrocław?;Odra;Wisła;Warta;Bug
Geografia i Turystyka;Polska - Przyroda i Atrakcje;łatwe;Do jakiego akwenu uchodzi rzeka Odra?;Do Zalewu Szczecińskiego;Do Zatoki Gdańskiej;Bezpośrednio do Bałtyku;Do Zalewu Wiślanego
Geografia i Turystyka;Polska - Przyroda i Atrakcje;łatwe;Jaka jest najdłuższa rzeka przepływająca w całości przez Polskę?;Wisła;Odra;Warta;Bug
Geografia i Turystyka;Polska - Przyroda i Atrakcje;łatwe;Jaka rzeka, nazywana królową polskich rzek, jest najdłuższą rzeką w kraju?;Wisła;Odra;Warta;Bug
Geografia i Turystyka;Polska - Przyroda i Atrakcje;łatwe;Które polskie jezioro szczyci się mianem najgłębszego?;Hańcza;Śniardwy;Mamry;Morskie Oko
Geografia i Turystyka;Polska - Przyroda i Atrakcje;łatwe;Przez które z podanych miast NIE przepływa rzeka Wisła?;Poznań;Kraków;Warszawa;Toruń
Geografia i Turystyka;Polska - Przyroda i Atrakcje;łatwe;W jakim województwie leży największe jezioro w Polsce - Śniardwy?;Warmińsko-mazurskim;Podlaskim;Pomorskim;Zachodniopomorskim
Geografia i Turystyka;Polska - Przyroda i Atrakcje;łatwe;Jaka jest najdłuższa rzeka w Polsce?;Wisła;Odra;Warta;Bug
Geografia i Turystyka;Polska - Przyroda i Atrakcje;łatwe;Jaka jest najdłuższa rzeka w Polsce?;Wisła;Odra;Warta;Bug
Geografia i Turystyka;Transport Turystyczny;bardzo trudne;Który stan USA jest nazywany "Stanem Wielkiego Kanionu"?;Arizona;Utah;Nevada;Nowy Meksyk
Geografia i Turystyka;Transport Turystyczny;bardzo trudne;Który stan jako jedyny w USA składa się wyłącznie z wysp?;Hawaje;Alaska;Rhode Island;Floryda
Geografia i Turystyka;Transport Turystyczny;trudne;W którym stanie znajduje się góra Mount Rushmore z wykutymi głowami prezydentów?;Dakota Południowa;Dakota Północna;Montana;Nebraska
Geografia i Turystyka;Transport Turystyczny;trudne;Z którego stanu pochodzi muzyka country i miasto Nashville?;Tennessee;Kentucky;Alabama;Georgia
Geografia i Turystyka;Transport Turystyczny;łatwe;Który stan USA nazywany jest "Słonecznym Stanem" (The Sunshine State)?;Floryda;Kalifornia;Teksas;Arizona
Geografia i Turystyka;Stolice, Państwa i Flagi;bardzo trudne;Jak nazywa się stolica Czarnogóry?;Podgorica;Cetynia;Budva;Kotor
Geografia i Turystyka;Stolice, Państwa i Flagi;bardzo trudne;Która stolica jest najstarszą nieprzerwanie zamieszkaną stolicą w Europie?;Ateny;Lizbona;Rzym;Sofia
Geografia i Turystyka;Stolice, Państwa i Flagi;trudne;Jak nazywa się stolica Islandii?;Reykjavík;Oslo;Tórshavn;Nuuk
Geografia i Turystyka;Stolice, Państwa i Flagi;trudne;Która stolica europejska leży na 14 wyspach połączonych 57 mostami?;Sztokholm;Kopenhaga;Oslo;Helsinki
Geografia i Turystyka;Stolice, Państwa i Flagi;łatwe;Przez które miasto przepływa rzeka Tyber?;Rzym;Paryż;Londyn;Wiedeń
Geografia i Turystyka;Stolice, Państwa i Flagi;bardzo trudne;Jak nazywa się stolica Madagaskaru?;Antananarywa;Maputo;Luanda;Libreville
Geografia i Turystyka;Stolice, Państwa i Flagi;bardzo trudne;Które państwo posiada aż trzy oficjalne stolice (Pretorię, Kapsztad i Bloemfontein)?;RPA;Nigeria;Etiopia;Angola
Geografia i Turystyka;Stolice, Państwa i Flagi;trudne;Jak nazywa się stolica Maroka?;Rabat;Marrakesz;Casablanca;Agadir
Geografia i Turystyka;Stolice, Państwa i Flagi;trudne;Które miasto jest stolicą Kenii i ważnym centrum biznesowym Afryki Wschodniej?;Nairobi;Mombasa;Addis Abeba;Dar es Salaam
Geografia i Turystyka;Stolice, Państwa i Flagi;łatwe;Jakie miasto jest stolicą Egiptu?;Kair;Tunis;Algier;Rabat
Geografia i Turystyka;Stolice, Państwa i Flagi;bardzo trudne;Jak nazywa się najwyżej położona stolica świata (administracyjna)?;La Paz;Quito;Bogota;Addis Abeba
Geografia i Turystyka;Stolice, Państwa i Flagi;bardzo trudne;Jakie miasto jest stolicą Kazachstanu (stan na 2024 rok)?;Astana;Ałmaty;Szymkent;Biszkek
Geografia i Turystyka;Stolice, Państwa i Flagi;bardzo trudne;Która stolica jest najwyżej położonym miastem tego typu na świecie (administracyjnie)?;La Paz;Quito;Addis Abeba;Bogota
Geografia i Turystyka;Stolice, Państwa i Flagi;bardzo trudne;Które miasto jest stolicą Kazachstanu (stan na 2024)?;Astana;Ałmaty;Biszkek;Aszchabad
Geografia i Turystyka;Stolice, Państwa i Flagi;trudne;Jak obecnie nazywa się mroźna azjatycka stolica o silnych wpływach sowieckich, gdzie zimą średnia temperatura to -20 stopni Celsjusza?;Ułan Bator;Astana;Taszkent;Biszkek
Geografia i Turystyka;Stolice, Państwa i Flagi;trudne;Jaka miejscowość pełni funkcję politycznej stolicy Australii?;Canberra;Sydney;Melbourne;Brisbane
Geografia i Turystyka;Stolice, Państwa i Flagi;trudne;Jakie miasto jest stolicą Mjanmy (Birmy), zbudowane od podstaw i oficjalnie ogłoszone nową stolicą kraju w 2006 roku?;Naypyidaw;Rangun;Mandalaj;Mawlamyine
Geografia i Turystyka;Stolice, Państwa i Flagi;trudne;Która z wielkich, niezwykle popularnych i starych stolic europejskich, została fizycznie ukształtowana z połączenia w jedno trzech miast w 1873 r.?;Budapeszt;Wiedeń;Praga;Bratysława
Geografia i Turystyka;Stolice, Państwa i Flagi;trudne;Które górzyste, potężne miasto pełni rolę rządu i nieoficjalnej stolicy Boliwii, będąc najwyżej położoną stolicą świata (ok. 3640 m n.p.m.)?;La Paz;Quito;Bogota;Lima
Geografia i Turystyka;Stolice, Państwa i Flagi;trudne;Które miasto jest stolicą Kazachstanu od 2019 roku, kiedy zmieniono jego nazwę na cześć byłego prezydenta?;Nur-Sułtan (Astana);Ałmaty;Szymkent;Aktobe
Geografia i Turystyka;Stolice, Państwa i Flagi;trudne;Jak nazywa się stolica Australii?;Canberra;Sydney;Melbourne;Perth
Geografia i Turystyka;Stolice, Państwa i Flagi;trudne;Jakie miasto jest stolicą Australii?;Canberra;Sydney;Melbourne;Perth
Geografia i Turystyka;Stolice, Państwa i Flagi;trudne;Które miasto jest stolicą Kanady?;Ottawa;Toronto;Montreal;Vancouver
Geografia i Turystyka;Stolice, Państwa i Flagi;trudne;Które miasto jest stolicą Kanady?;Ottawa;Toronto;Montreal;Vancouver
Geografia i Turystyka;Stolice, Państwa i Flagi;łatwe;Jakie miasto jest oficjalną stolicą Australii?;Canberra;Sydney;Melbourne;Perth
Geografia i Turystyka;Stolice, Państwa i Flagi;łatwe;Jakie miasto nad rzeką Sekwaną jest stolicą Francji?;Paryż;Marsylia;Lyon;Bordeaux
Geografia i Turystyka;Stolice, Państwa i Flagi;łatwe;Jakie państwo z Ameryki Północnej ma swoją stolicę w Ottawie?;Kanada;Stany Zjednoczone;Meksyk;Kuba
Geografia i Turystyka;Stolice, Państwa i Flagi;łatwe;Stolicą jakiego południowoamerykańskiego kraju jest Buenos Aires?;Argentyny;Brazylii;Chile;Peru
Geografia i Turystyka;Stolice, Państwa i Flagi;łatwe;W jakiej europejskiej stolicy znajduje się słynny Akropol?;W Atenach;W Rzymie;W Madrycie;W Paryżu
Geografia i Turystyka;Stolice, Państwa i Flagi;łatwe;W jakim azjatyckim mieście mieści się Pałac Cesarski i dzielnica Shibuya?;W Tokio;W Pekinie;W Seulu;W Bangkoku
Geografia i Turystyka;Stolice, Państwa i Flagi;łatwe;Jaka jest stolica Niemiec?;Berlin;Monachium;Hamburg;Frankfurt
Geografia i Turystyka;Stolice, Państwa i Flagi;łatwe;Jaka jest stolica Niemiec?;Berlin;Monachium;Hamburg;Frankfurt
Geografia i Turystyka;Góry i Szczyty;bardzo trudne;Jak nazywa się najwyższy szczyt Europy według klasyfikacji Reinholda Messnera?;Elbrus;Mont Blanc;Kazbek;Matterhorn
Geografia i Turystyka;Góry i Szczyty;bardzo trudne;W którym państwie znajduje się szczyt Aconcagua?;Argentyna;Chile;Peru;Boliwia
Geografia i Turystyka;Góry i Szczyty;trudne;Jak nazywa się najwyższy szczyt Australii i Oceanii (licząc Puncak Jaya)?;Piramida Carstensza;Góra Kościuszki;Wilhelm;Cooka
Geografia i Turystyka;Góry i Szczyty;trudne;Który szczyt jest najwyższym punktem Antarktydy?;Vinson;Erebus;Tyree;Shinn
Geografia i Turystyka;Góry i Szczyty;łatwe;Jak nazywa się najwyższy szczyt Afryki?;Kilimandżaro;Góra Kenya;Ruwenzori;Atlas
Geografia i Turystyka;Parki i Rozrywka;bardzo trudne;Jak nazywa się muzeum w Bilbao o charakterystycznej tytanowej bryle zaprojektowanej przez Franka Gehry'ego?;Guggenheim;Tate Modern;MoMA;Pompidou
Geografia i Turystyka;Parki i Rozrywka;bardzo trudne;W którym mieście znajduje się Rijksmuseum, słynące z dzieł Rembrandta?;Amsterdam;Haga;Bruksela;Antwerpia
Geografia i Turystyka;Parki i Rozrywka;trudne;Gdzie można podziwiać Muzeum Pergamońskie?;Berlin;Ateny;Rzym;Wiedeń
Geografia i Turystyka;Parki i Rozrywka;trudne;Jak nazywa się słynne muzeum w Madrycie, posiadające jedną z najbogatszych kolekcji malarstwa europejskiego?;Prado;Uffizi;Hermitaż;Guggenheim
Geografia i Turystyka;Parki i Rozrywka;łatwe;W którym mieście znajduje się Luwr?;Paryż;Londyn;Madryt;Petersburg
Geografia i Turystyka;Parki i Rozrywka;bardzo trudne;Jak nazywa się słynny amerykański szlak pieszy ciągnący się przez ponad 3500 km od stanu Georgia do Maine?;Szlak Appalachów;Pacific Crest Trail;Continental Divide Trail;Oregon Trail
Geografia i Turystyka;Parki i Rozrywka;bardzo trudne;Przez ile krajów przebiega trasa rowerowa EuroVelo 13, zwana Szlakiem Żelaznej Kurtyny?;20;15;10;5
Geografia i Turystyka;Parki i Rozrywka;trudne;Jak nazywa się najdłuższy pieszy szlak w polskich górach?;Główny Szlak Beskidzki;Główny Szlak Sudecki;Szlak Orlich Gniazd;Główny Szlak Świętokrzyski
Geografia i Turystyka;Parki i Rozrywka;trudne;W którym kraju znajduje się Szlak Inków prowadzący do Machu Picchu?;Peru;Boliwia;Ekwador;Chile
Geografia i Turystyka;Parki i Rozrywka;łatwe;Jak nazywa się najsłynniejszy szlak pielgrzymkowy w Hiszpanii kończący się w Santiago de Compostela?;Droga św. Jakuba;Szlak Inków;Via Francigena;Główny Szlak Beskidzki
Geografia i Turystyka;Wyspy i Archipelagi;bardzo trudne;Jak nazywa się archipelag wysp położony na Oceanie Indyjskim, którego stolicą jest Male?;Malediwy;Seszele;Mauritius;Komory
Geografia i Turystyka;Wyspy i Archipelagi;bardzo trudne;Jak nazywa się archipelag, do którego należy wyspa Santorini?;Cyklady;Sporady;Dodekanez;Wyspy Jońskie
Geografia i Turystyka;Wyspy i Archipelagi;bardzo trudne;Która wyspa jest podzielona między trzy państwa: Indonezję, Malezję i Brunei?;Borneo;Celebes;Sumatra;Nowa Gwinea
Geografia i Turystyka;Wyspy i Archipelagi;bardzo trudne;Która wyspa na świecie jest podzielona między najwięcej państw (trzy)?;Borneo;Nowa Gwinea;Sumatra;Cypr
Geografia i Turystyka;Wyspy i Archipelagi;trudne;Do jakiego państwa należy Grenlandia, będąca terytorium autonomicznym i największą wyspą świata?;Danii;Norwegii;Kanady;Islandii
Geografia i Turystyka;Wyspy i Archipelagi;trudne;Grupę jakich pięknych, zielonych wulkanicznych wysepek na Atlantyku odkryli i przypisali do swojego terytorium Portugalczycy?;Azory;Kanaryjskie;Baleary;Owcze
Geografia i Turystyka;Wyspy i Archipelagi;trudne;Jak nazywa się odległa wyspa na Oceanie Spokojnym, słynąca z kamiennych posągów zwanych moai, należąca administracyjnie do Chile?;Wyspa Wielkanocna;Wyspa Pitcairn;Wyspa Galapagos;Tahiti
Geografia i Turystyka;Wyspy i Archipelagi;trudne;Jaką nazwę nosi rozległa lądowa formacja, która po wyłączeniu Grenlandii jest drugą w kolejności największą, rdzenną wyspą świata?;Nowa Gwinea;Borneo;Madagaskar;Ziemia Baffina
Geografia i Turystyka;Wyspy i Archipelagi;trudne;Która wyspa jest największą wyspą świata i do jakiego kraju należy?;Grenlandia, Dania;Nowa Gwinea, Papua-Nowa Gwinea;Borneo, Malezja/Indonezja/Brunei;Madagaskar, Madagaskar
Geografia i Turystyka;Wyspy i Archipelagi;trudne;W archipelagu Wysp Kanaryjskich turyści mogą zwiedzić wulkaniczną wyspę ze wznoszącym się na 3718 m szczytem Teide. Jaka to wyspa?;Teneryfa;Gran Canaria;Fuerteventura;Lanzarote
Geografia i Turystyka;Wyspy i Archipelagi;trudne;Do którego państwa należą Wyspy Galapagos?;Ekwador;Peru;Chile;Kolumbia
Geografia i Turystyka;Wyspy i Archipelagi;trudne;Do którego państwa należą Wyspy Galapagos?;Ekwador;Peru;Kolumbia;Chile
Geografia i Turystyka;Wyspy i Archipelagi;trudne;Na której wyspie urodził się Napoleon Bonaparte?;Korsyka;Elba;Sardynia;Sycylia
Geografia i Turystyka;Wyspy i Archipelagi;trudne;Na której wyspie urodził się Napoleon Bonaparte?;Korsyka;Elba;Święta Helena;Sardynia
Geografia i Turystyka;Wyspy i Archipelagi;łatwe;Do jakiego kraju należy popularna turystyczna wyspa Bali?;Do Indonezji;Do Tajlandii;Do Filipin;Do Japonii
Geografia i Turystyka;Wyspy i Archipelagi;łatwe;Jak nazywa się największa grecka wyspa, będąca bardzo popularnym celem wakacyjnym Polaków?;Kreta;Rodos;Korfu;Zakynthos
Geografia i Turystyka;Wyspy i Archipelagi;łatwe;Jak nazywa się największa polska wyspa leżąca w całości w Polsce?;Wolin;Uznam;Sobieszewska;Karsibór
Geografia i Turystyka;Wyspy i Archipelagi;łatwe;Jaka jest największa wyspa na świecie pod względem powierzchni?;Grenlandia;Madagaskar;Nowa Gwinea;Borneo
Geografia i Turystyka;Wyspy i Archipelagi;łatwe;Który archipelag wysp słynie z żółwi olbrzymich i teorii Karola Darwina?;Galapagos;Hawaje;Kanary;Seszele
Geografia i Turystyka;Wyspy i Archipelagi;łatwe;Na jakiej włoskiej wyspie wznosi się czynny wulkan Etna?;Na Sycylii;Na Sardynii;Na Korsyce;Na Capri
Geografia i Turystyka;Wyspy i Archipelagi;łatwe;Jak nazywa się największa wyspa świata (niebędąca kontynentem)?;Grenlandia;Madagaskar;Borneo;Islandia
Geografia i Turystyka;Wyspy i Archipelagi;łatwe;Jak nazywa się największa wyspa świata (niebędąca kontynentem)?;Grenlandia;Madagaskar;Borneo;Nowa Gwinea
Geografia i Turystyka;Polska - Regiony i Miasta;bardzo trudne;Jak nazywa się charakterystyczny, "śpiący" szczyt z krzyżem, górujący nad Zakopanem?;Giewont;Mnich;Kościelec;Świnica
Geografia i Turystyka;Polska - Regiony i Miasta;bardzo trudne;Jak nazywa się najwyższy wodospad w Tatrach (po stronie polskiej)?;Wielka Siklawa;Wodogrzmoty Mickiewicza;Siklawica;Buczynowa Siklawa
Geografia i Turystyka;Polska - Regiony i Miasta;bardzo trudne;Która przełęcz oddziela Tatry Wysokie od Tatr Zachodnich?;Liliowe;Zawrat;Krzyżne;Chałubińskiego
Geografia i Turystyka;Polska - Regiony i Miasta;bardzo trudne;Która przełęcz oddziela Tatry Wysokie od Tatr Zachodnich?;Liliowe;Zawrat;Krzyżne;Chałubińskiego
Geografia i Turystyka;Polska - Regiony i Miasta;trudne;Ile metrów nad poziomem morza wynosi wysokość Rysów – najwyższego szczytu w Polsce?;2499 m n.p.m.;2655 m n.p.m.;2301 m n.p.m.;2178 m n.p.m.
Geografia i Turystyka;Polska - Regiony i Miasta;trudne;Jak nazywa się najwyższy szczyt całych Tatr, leżący w całości po słowackiej stronie?;Gerlach;Łomnica;Rysy;Krywań
Geografia i Turystyka;Polska - Regiony i Miasta;trudne;Jak nazywa się przełęcz oddzielająca Tatry Wysokie od Zachodnich, przez którą przebiega główny grzbiet Tatr?;Liliowe;Zawrat;Śwnica;Krzyżne
Geografia i Turystyka;Polska - Regiony i Miasta;trudne;Jaka legendarna pochyła formacja skalna, o wysokości niemal 1900 m n.p.m., od stuleci majestatycznie góruje nad zabudową Zakopanego?;Giewont;Kasprowy Wierch;Nosal;Gubałówka
Geografia i Turystyka;Polska - Regiony i Miasta;trudne;Która kultowa polska przełęcz wyznacza w geografii wyraźną granicę między wapiennymi Tatrami Zachodnimi a granitowymi Tatrami Wysokimi?;Przełęcz Liliowe;Zawrat;Szpiglasowa Przełęcz;Krzyżne
Geografia i Turystyka;Polska - Regiony i Miasta;trudne;W jakiej niezwykle popularnej, malowniczej i najdłuższej dolinie w Tatrach Polskich wypasa się owce i produkuje znane z gór oscypki?;W Dolinie Chochołowskiej;W Dolinie Kościeliskiej;W Dolinie Pięciu Stawów;W Dolinie Gąsienicowej
Geografia i Turystyka;Polska - Regiony i Miasta;trudne;Jak nazywa się najpopularniejsza jaskinia turystyczna w Tatrach, dostępna bez przewodnika w Dolinie Kościeliskiej?;Mroźna;Mylna;Smocza Jama;Obłazkowa
Geografia i Turystyka;Polska - Regiony i Miasta;trudne;Jak nazywa się najsłynniejszy tatrzański wodospad?;Wielka Siklawa;Mickiewicza;Wodogrzmoty Mickiewicza;Siklawica
Geografia i Turystyka;Polska - Regiony i Miasta;trudne;Jak nazywa się największe jezioro w Tatrach?;Morskie Oko;Wielki Staw Polski;Czarny Staw pod Rysami;Przedni Staw Polski
Geografia i Turystyka;Polska - Regiony i Miasta;trudne;Który szczyt tatrzański nazywany jest "Śpiącym Rycerzem"?;Giewont;Mnich;Kościelec;Świnica
Geografia i Turystyka;Polska - Regiony i Miasta;łatwe;Jak ma na imię słynny śpiący rycerz, którego kształt przypomina znany tatrzański szczyt?;Giewont;Mnich;Zawrat;Gubałówka
Geografia i Turystyka;Polska - Regiony i Miasta;łatwe;Jak nazywa się największe jezioro w Tatrach?;Morskie Oko;Czarny Staw;Wielki Staw Polski;Smreczyński Staw
Geografia i Turystyka;Polska - Regiony i Miasta;łatwe;Jak nazywa się popularne jezioro w Tatrach, do którego tłumnie wędrują turyści z Palenicy Białczańskiej?;Morskie Oko;Czarny Staw;Dolina Pięciu Stawów;Smreczyński Staw
Geografia i Turystyka;Polska - Regiony i Miasta;łatwe;Jak zwie się tradycyjny wędzony ser z owczego mleka wyrabiany na Podhalu?;Oscypek;Bryndza;Bundz;Gouda
Geografia i Turystyka;Polska - Regiony i Miasta;łatwe;Jaki jest najwyższy szczyt znajdujący się całkowicie w polskich Tatrach?;Kozi Wierch;Giewont;Rysy;Kasprowy Wierch
Geografia i Turystyka;Polska - Regiony i Miasta;łatwe;Która dolina jest najdłuższą doliną w polskich Tatrach?;Dolina Chochołowska;Dolina Kościeliska;Dolina Pięciu Stawów;Dolina Rybiego Potoku
Geografia i Turystyka;Polska - Regiony i Miasta;łatwe;Jak nazywa się najwyższy szczyt Polski?;Rysy;Giewont;Kasprowy Wierch;Świnica
Geografia i Turystyka;Polska - Regiony i Miasta;łatwe;Jak nazywa się najwyższy szczyt Tatr Polskich?;Rysy;Giewont;Kasprowy Wierch;Świnica
Geografia i Turystyka;Transport Turystyczny;bardzo trudne;Jak nazywa się japońska technologia pociągów magnetycznych poruszających się nad torami?;Maglev;Shinkansen;TGV;ICE
Geografia i Turystyka;Transport Turystyczny;bardzo trudne;Który port lotniczy od lat zajmuje pierwsze miejsce na świecie pod względem liczby obsługiwanych pasażerów?;Atlanta (Hartsfield-Jackson);Pekin (Capital);Dubaj;Londyn (Heathrow)
Geografia i Turystyka;Transport Turystyczny;trudne;Jak nazywa się największy statek pasażerski świata (stan na 2024)?;Icon of the Seas;Wonder of the Seas;Titanic;Queen Mary 2
Geografia i Turystyka;Transport Turystyczny;trudne;W którym kraju znajduje się najdłuższy tunel drogowy świata (Tunel Lærdal)?;Norwegia;Szwajcaria;Austria;Chiny
Geografia i Turystyka;Transport Turystyczny;łatwe;Jak nazywa się najsłynniejsza trasa kolejowa łącząca Moskwę z Władywostokiem?;Kolej Transsyberyjska;Orient Express;Kolej Transsaharyjska;Kolej Tybetańska
Geografia i Turystyka;Pustynie, Dżungle i Ekstrema;bardzo trudne;Jak nazywa się ekstremalny bieg ultramaratoński przez Saharę, trwający 6 dni?;Marathon des Sables;Badwater 135;Ironman;Spartathlon
Geografia i Turystyka;Pustynie, Dżungle i Ekstrema;bardzo trudne;W którym państwie można nurkować w szczelinie Silfra, gdzie stykają się płyty tektoniczne Eurazji i Ameryki Północnej?;Islandia;Norwegia;Kanada;Nowa Zelandia
Geografia i Turystyka;Pustynie, Dżungle i Ekstrema;trudne;Jak nazywa się najwyższy na świecie komercyjny skok na bungee (233 m) z wieży w Chinach?;Macau Tower;Canton Tower;Shanghai Tower;Tokyo Skytree
Geografia i Turystyka;Pustynie, Dżungle i Ekstrema;trudne;W którym kraju znajduje się "Droga Śmierci" (Yungas Road), popularna wśród ekstremalnych rowerzystów?;Boliwia;Peru;Chile;Kolumbia
Geografia i Turystyka;Pustynie, Dżungle i Ekstrema;łatwe;Z jakiego obiektu oddaje się skok, uprawiając "Bungee Jumping"?;Z dużej wysokości na elastycznej linie;Z samolotu bez spadochronu;Z łodzi do wody;Z góry na nartach
Geografia i Turystyka;Kartografia i Orientacja;bardzo trudne;Jak nazywa się najwyższa góra (wulkan) w Układzie Słonecznym, znajdująca się na Marsie?;Olympus Mons;Mauna Kea;Maxwell Montes;Erebus
Geografia i Turystyka;Kartografia i Orientacja;bardzo trudne;Która firma jako pierwsza wysłała w pełni prywatną załogę na Międzynarodową Stację Kosmiczną (misja Ax-1)?;SpaceX;Blue Origin;Virgin Galactic;Boeing
Geografia i Turystyka;Kartografia i Orientacja;trudne;Jak nazywa się największy teleskop kosmiczny wystrzelony w 2021 roku?;James Webb;Hubble;Kepler;Spitzer
Geografia i Turystyka;Kartografia i Orientacja;trudne;Jak nazywa się pierwszy człowiek, który odbył lot w kosmos?;Jurij Gagarin;Neil Armstrong;John Glenn;Buzz Aldrin
Geografia i Turystyka;Kartografia i Orientacja;łatwe;Która planeta jest najbliżej Słońca?;Merkury;Wenus;Mars;Jowisz
Geografia i Turystyka;Stolice, Państwa i Flagi;bardzo trudne;Jak nazywa się waluta RPA?;Rand;Naira;Kwanza;Pula
Geografia i Turystyka;Stolice, Państwa i Flagi;bardzo trudne;W którym kraju zapłacimy walutą o nazwie Forint?;Węgry;Czechy;Rumunia;Bułgaria
Geografia i Turystyka;Stolice, Państwa i Flagi;trudne;Jak nazywa się waluta obowiązująca w Japonii?;Jen;Juan;Won;Baht
Geografia i Turystyka;Stolice, Państwa i Flagi;trudne;Który kraj posługuje się frankiem szwajcarskim jako oficjalną walutą?;Szwajcaria;Austria;Belgia;Luksemburg
Geografia i Turystyka;Stolice, Państwa i Flagi;łatwe;Jaka waluta obowiązuje w większości krajów Unii Europejskiej?;Euro;Dolar;Funt;Frank
Geografia i Turystyka;Wody Świata - Rzeki, Jeziora, Morza;bardzo trudne;Które jezioro jest największym pod względem powierzchni zbiornikiem słonowodnym (często nazywanym morzem)?;Morze Kaspijskie;Morze Martwe;Jezioro Aralskie;Jezioro Eyre
Geografia i Turystyka;Wody Świata - Rzeki, Jeziora, Morza;bardzo trudne;W którym państwie znajduje się jezioro Titicaca – najwyżej położone jezioro żeglowne?;Peru i Boliwia;Chile i Argentyna;Kolumbia i Ekwador;Wenezuela i Brazylia
Geografia i Turystyka;Wody Świata - Rzeki, Jeziora, Morza;trudne;Jak nazywa się największe jezioro Afryki?;Wiktoria;Niasa;Czadu;Turkana
Geografia i Turystyka;Wody Świata - Rzeki, Jeziora, Morza;trudne;Które jezioro jest najgłębsze na świecie?;Bajkał;Tanganika;Górne;Kaspijskie
Geografia i Turystyka;Wody Świata - Rzeki, Jeziora, Morza;łatwe;Na granicy których państw leżą Wielkie Jeziora Północnoamerykańskie?;USA i Kanada;USA i Meksyk;Brazylia i Argentyna;Rosja i Chiny
Geografia i Turystyka;Pustynie, Dżungle i Ekstrema;bardzo trudne;Jak nazywa się piaszczysta pustynia na Półwyspie Arabskim, znana jako "Pusta Ćwiartka"?;Rub al-Chali;An-Nafud;Dahna;Syryjska
Geografia i Turystyka;Pustynie, Dżungle i Ekstrema;bardzo trudne;W którym państwie leży Pustynia Thar?;Indie;Iran;Egipt;Uzbekistan
Geografia i Turystyka;Pustynie, Dżungle i Ekstrema;trudne;Jak nazywa się największa pustynia w Australii?;Wielka Pustynia Wiktorii;Gibsona;Simpsona;Tanami
Geografia i Turystyka;Pustynie, Dżungle i Ekstrema;trudne;Która pustynia leży na terytorium Namibii i uznawana jest za najstarszą na świecie?;Namib;Kalahari;Karru;Sahara
Geografia i Turystyka;Pustynie, Dżungle i Ekstrema;łatwe;Na którym kontynencie leży pustynia Gobi?;Azja;Afryka;Australia;Ameryka Północna
Geografia i Turystyka;Polska - Przyroda i Atrakcje;bardzo trudne;Gdzie znajduje się jedyne w Polsce muzeum bursztynu o randze światowej, w historycznym zespole przedbramia?;Gdańsk;Kołobrzeg;Ustka;Gdynia
Geografia i Turystyka;Polska - Przyroda i Atrakcje;bardzo trudne;W którym województwie znajduje się najwyższy wodospad w polskich Karkonoszach – Wodospad Kamieńczyka?;Dolnośląskie;Opolskie;Śląskie;Lubuskie
Geografia i Turystyka;Polska - Przyroda i Atrakcje;trudne;W którym województwie leży największy w Polsce park narodowy – Biebrzański PN?;Podlaskie;Warmińsko-mazurskie;Pomorskie;Zachodniopomorskie
Geografia i Turystyka;Polska - Przyroda i Atrakcje;trudne;W którym województwie znajduje się Pojezierze Drawskie?;Zachodniopomorskie;Pomorskie;Lubuskie;Wielkopolskie
Geografia i Turystyka;Polska - Przyroda i Atrakcje;łatwe;W którym województwie znajduje się Puszcza Białowieska?;Podlaskie;Lubelskie;Mazowieckie;Warmińsko-mazurskie
Geografia i Turystyka;Polska - Regiony i Miasta;bardzo trudne;Jak nazywa się największe pod względem powierzchni miasto w Polsce?;Gdańsk;Warszawa;Wrocław;Kraków
Geografia i Turystyka;Polska - Regiony i Miasta;bardzo trudne;Które miasto w Polsce jest największe pod względem powierzchni (nie ludności)?;Gdańsk;Warszawa;Wrocław;Kraków
Geografia i Turystyka;Polska - Regiony i Miasta;bardzo trudne;W którym polskim mieście znajduje się geometryczny środek Polski (współczesne wyliczenia z 2018 roku)?;Nowa Wieś;Piątek;Kutno;Łódź
Geografia i Turystyka;Polska - Regiony i Miasta;bardzo trudne;W którym polskim mieście znajduje się geometryczny środek Polski (wyznaczony w 2018 roku)?;Nowa Wieś;Piątek;Łódź;Kutno
Geografia i Turystyka;Polska - Regiony i Miasta;trudne;Jak nazywa się wieś w Małopolsce, w której ludowe tradycje zdobienia i misternego malowania chat we florystyczne wzory zachowały się do dziś?;Zalipie;Chochołów;Lanckorona;Koniaków
Geografia i Turystyka;Polska - Regiony i Miasta;trudne;Jaką nazwę nosi potężna, zrujnowana budowla magnacka we wsi Ujazd w Świętokrzyskiem, będąca fascynującym zamkiem typu 'palazzo in fortezza'?;Krzyżtopór;Zamek Chęciny;Zamek Ogrodzieniec;Zamek w Olsztynie
Geografia i Turystyka;Polska - Regiony i Miasta;trudne;Które województwo w Polsce ma największą liczbę jezior i jest nazywane Kraina Tysiąca Jezior?;Warmińsko-mazurskie;Podlaskie;Pomorskie;Kujawsko-pomorskie
Geografia i Turystyka;Polska - Regiony i Miasta;trudne;Na ile województw podzielona jest obecnie Polska na mocy reformy z 1999 roku?;16;49;14;18
Geografia i Turystyka;Polska - Regiony i Miasta;trudne;W którym dzisiejszym polskim województwie usankcjonowano istnienie dwóch oficjalnych siedzib najważniejszych organów: Bydgoszczy i Torunia?;W kujawsko-pomorskim;W lubuskim;W zachodniopomorskim;W świętokrzyskim
Geografia i Turystyka;Polska - Regiony i Miasta;trudne;W którym polskim mieście, będącym stolicą województwa lubelskiego, znajduje się zamek z kaplicą zawierającą unikatowe średniowieczne freski rusko-bizantyjskie?;Lublin;Zamość;Chełm;Sandomierz
Geografia i Turystyka;Polska - Regiony i Miasta;trudne;Które dwa miasta są stolicami województwa kujawsko-pomorskiego?;Bydgoszcz i Toruń;Gorzów i Zielona Góra;Gdańsk i Gdynia;Opole i Nysa
Geografia i Turystyka;Polska - Regiony i Miasta;trudne;Które miasto pełni funkcję stolicy województwa lubuskiego obok Zielonej Góry?;Gorzów Wielkopolski;Legnica;Leszno;Piła
Geografia i Turystyka;Polska - Regiony i Miasta;trudne;W którym województwie leży miasto Sandomierz?;Świętokrzyskie;Podkarpackie;Lubelskie;Małopolskie
Geografia i Turystyka;Polska - Regiony i Miasta;trudne;W którym województwie leży miasto Sandomierz?;świętokrzyskie;podkarpackie;lubelskie;małopolskie
Geografia i Turystyka;Polska - Regiony i Miasta;łatwe;Gdzie znajduje się słynna ulica Piotrkowska?;W Łodzi;W Krakowie;W Warszawie;We Wrocławiu
Geografia i Turystyka;Polska - Regiony i Miasta;łatwe;Jakie miasto jest stolicą województwa podkarpackiego?;Rzeszów;Lublin;Przemyśl;Kielce
Geografia i Turystyka;Polska - Regiony i Miasta;łatwe;Które województwo słynie z jezior i jest nazywane 'Krainą Tysiąca Jezior'?;Warmińsko-mazurskie;Pomorskie;Zachodniopomorskie;Podlaskie
Geografia i Turystyka;Polska - Regiony i Miasta;łatwe;W jakim województwie leży Warszawa?;Mazowieckim;Małopolskim;Wielkopolskim;Łódzkim
Geografia i Turystyka;Polska - Regiony i Miasta;łatwe;W jakim województwie znajduje się Wrocław?;Dolnośląskim;Śląskim;Opolskim;Wielkopolskim
Geografia i Turystyka;Polska - Regiony i Miasta;łatwe;W którym mieście zjesz tradycyjne rogale świętomarcińskie?;W Poznaniu;W Bydgoszczy;W Toruniu;W Gnieźnie
Geografia i Turystyka;Polska - Regiony i Miasta;łatwe;Ile województw jest obecnie w Polsce?;16;12;49;10
Geografia i Turystyka;Polska - Regiony i Miasta;łatwe;Które miasto jest stolicą województwa małopolskiego?;Kraków;Wrocław;Poznań;Gdańsk
Geografia i Turystyka;Polska - Regiony i Miasta;łatwe;Które miasto jest stolicą województwa wielkopolskiego?;Poznań;Wrocław;Gdańsk;Kraków
Geografia i Turystyka;Geologia i Zjawiska Naturalne;bardzo trudne;Jak nazywa się najwyższy aktywny wulkan w Europie?;Etna;Wezuwiusz;Hekla;Teide
Geografia i Turystyka;Geologia i Zjawiska Naturalne;bardzo trudne;W którym państwie znajduje się najwyższy wulkan na Ziemi (licząc od podstawy na dnie oceanu)?;USA (Hawaje);Ekwador;Chile;Japonia
Geografia i Turystyka;Geologia i Zjawiska Naturalne;trudne;Jak nazywa się najsłynniejszy gejzer w Parku Yellowstone, wybuchający regularnie co ok. 90 minut?;Old Faithful;Steamboat;Giant Geyser;Castle Geyser
Geografia i Turystyka;Geologia i Zjawiska Naturalne;trudne;Który indonezyjski wulkan wybuchł w 1883 roku, powodując najgłośniejszy dźwięk w historii nowożytnej?;Krakatau;Tambora;Merapi;Bromo
Geografia i Turystyka;Geologia i Zjawiska Naturalne;łatwe;Który kraj europejski nazywany jest "Krainą Lodu i Ognia" ze względu na liczne wulkany i lodowce?;Islandia;Włochy;Grecja;Norwegia
Geografia i Turystyka;Wyspy i Archipelagi;bardzo trudne;Do którego państwa należy archipelag Svalbard, na którym znajduje się m.in. Globalny Bank Nasion?;Norwegia;Dania;Islandia;Rosja
Geografia i Turystyka;Wyspy i Archipelagi;bardzo trudne;Jak nazywa się najbardziej oddalona od innych lądów zamieszkana wyspa na świecie, należąca do brytyjskiego terytorium zamorskiego?;Tristan da Cunha;Wyspa Wielkanocna;Pitcairn;Sokotra
Geografia i Turystyka;Wyspy i Archipelagi;trudne;Jak nazywa się największa wyspa archipelagu Balearów?;Majorka;Minorka;Ibiza;Formentera
Geografia i Turystyka;Wyspy i Archipelagi;trudne;Który archipelag na Oceanie Atlantyckim jest terytorium zamorskim Portugalii i słynie z uprawy ananasów oraz produkcji wina?;Azory;Madera;Wyspy Zielonego Przylądka;Bermudy
Geografia i Turystyka;Wyspy i Archipelagi;łatwe;Do którego państwa należą wyspy Kanaryjskie?;Hiszpania;Portugalia;Włochy;Maroko
Geografia i Turystyka;Wyspy i Archipelagi;bardzo trudne;Do którego kraju należy wyspa Bora-Bora?;Francja;USA;Wielka Brytania;Australia
Geografia i Turystyka;Wyspy i Archipelagi;bardzo trudne;Który archipelag koralowy na Oceanie Indyjskim składa się z 26 atoli i ponad 1000 wysp?;Malediwy;Lakszadiwy;Andamany;Komory
Geografia i Turystyka;Wyspy i Archipelagi;trudne;Jak nazywa się indonezyjska wyspa słynąca z turystyki, hinduistycznych świątyń i tarasów ryżowych?;Bali;Jawa;Sumatra;Lombok
Geografia i Turystyka;Wyspy i Archipelagi;trudne;Która wyspa jest największą w archipelagu Hawajów?;Hawaii (Big Island);Maui;Oahu;Kauai
Geografia i Turystyka;Wyspy i Archipelagi;łatwe;Na którym oceanie leżą Seszele?;Indyjskim;Spokojnym;Atlantyckim;Arktycznym
Geografia i Turystyka;Polska - Przyroda i Atrakcje;bardzo trudne;Jak nazywa się najniżej położony punkt Polski (depresja)?;Raczki Elbląskie;Marzęcino;Elbląg;Gdańsk
Geografia i Turystyka;Polska - Przyroda i Atrakcje;bardzo trudne;Która wyżyna słynie z uprawy chmielu i żyznych gleb (rędzin)?;Lubelska;Małopolska;Śląska;Kielecka
Geografia i Turystyka;Polska - Przyroda i Atrakcje;trudne;Jak nazywa się najwyższe wzniesienie Niżu Polskiego (położone na Pojezierzu Kaszubskim)?;Wieżyca;Dylewska Góra;Rowokół;Srebrna Góra
Geografia i Turystyka;Polska - Przyroda i Atrakcje;trudne;Na której wyżynie znajduje się Jaskinia Łokietka?;Krakowsko-Częstochowskiej;Lubelskiej;Kieleckiej;Śląskiej
Geografia i Turystyka;Polska - Przyroda i Atrakcje;łatwe;Jak nazywa się największa nizina w środkowej Polsce?;Mazowiecka;Wielkopolska;Śląska;Podlaska
Geografia i Turystyka;Architektura i Cuda Świata;bardzo trudne;Jak nazywa się prehistoryczne miasto w Turcji, uznawane za najstarsze znane miejsce kultu na świecie (datowane na ok. 9000 lat p.n.e.)?;Göbekli Tepe;Çatalhöyük;Troja;Hattusa
Geografia i Turystyka;Architektura i Cuda Świata;bardzo trudne;Który z siedmiu cudów świata starożytnego jako jedyny przetrwał do czasów współczesnych?;Piramida Cheopsa;Wiszące ogrody Semiramidy;Posąg Zeusa;Latarnia morska w Faros
Geografia i Turystyka;Architektura i Cuda Świata;trudne;Jak nazywa się starożytna stolica Persji, której ruiny znajdują się w dzisiejszym Iranie?;Persepolis;Babilon;Niniwa;Suzą
Geografia i Turystyka;Architektura i Cuda Świata;trudne;W którym państwie znajduje się starożytne miasto Efez z ruinami Biblioteki Celsusa?;Turcja;Grecja;Włochy;Egipt
Geografia i Turystyka;Architektura i Cuda Świata;łatwe;W którym mieście znajduje się słynne Koloseum?;Rzym;Ateny;Stambuł;Kair
Geografia i Turystyka;Wyspy i Archipelagi;bardzo trudne;Jak nazywa się półwysep w Kanadzie, który oddziela Zatokę Hudsona od Morza Labradorskiego?;Labrador;Jukon;Nowa Szkocja;Melville
Geografia i Turystyka;Wyspy i Archipelagi;bardzo trudne;Który rosyjski półwysep słynie z ogromnej liczby gejzerów i aktywnych wulkanów?;Kamczatka;Tajmyr;Kola;Jamal
Geografia i Turystyka;Wyspy i Archipelagi;trudne;Jak nazywa się półwysep, na którym leży Dania?;Jutlandzki;Skandynawski;Bretania;Peloponez
Geografia i Turystyka;Wyspy i Archipelagi;trudne;Który półwysep jest największym półwyspem na świecie?;Arabski;Indochiński;Labrador;Somalijski
Geografia i Turystyka;Wyspy i Archipelagi;łatwe;Na którym półwyspie leżą Hiszpania i Portugalia?;Iberyjskim;Apenińskim;Bałkańskim;Skandynawskim
Geografia i Turystyka;Stolice, Państwa i Flagi;łatwe;Jaka jest stolica Niemiec?;Berlin;Monachium;Hamburg;Frankfurt
Geografia i Turystyka;Stolice, Państwa i Flagi;trudne;Jak nazywa się stolica Kazachstanu (od 2022 r. ponownie)?;Astana;Ałmaty;Biszkek;Taszkent
Geografia i Turystyka;Stolice, Państwa i Flagi;trudne;Które miasto jest stolicą Albanii?;Tirana;Durrës;Vlorë;Szkodra
Geografia i Turystyka;Stolice, Państwa i Flagi;bardzo trudne;Jak nazywa się stolica Surinamu?;Paramaribo;Georgetown;Cayenne;Bogota
Geografia i Turystyka;Stolice, Państwa i Flagi;bardzo trudne;Które miasto pełni rolę stolicy administracyjnej Republiki Południowej Afryki?;Pretoria;Kapsztad;Bloemfontein;Johannesburg
Geografia i Turystyka;Stolice, Państwa i Flagi;łatwe;Stolicą którego kraju jest Paryż?;Francji;Hiszpanii;Włoch;Belgii
Geografia i Turystyka;Stolice, Państwa i Flagi;trudne;Jak nazywa się stolica Etiopii?;Addis Abeba;Nairobi;Chartum;Dżibuti
Geografia i Turystyka;Stolice, Państwa i Flagi;trudne;Które miasto jest stolicą Nowej Zelandii?;Wellington;Auckland;Christchurch;Hamilton
Geografia i Turystyka;Stolice, Państwa i Flagi;bardzo trudne;Jaka jest stolica Bhutanu?;Thimphu;Paro;Punakha;Phuntsholing
Geografia i Turystyka;Stolice, Państwa i Flagi;bardzo trudne;Które miasto jest stolicą wyspiarskiego państwa Vanuatu?;Port Vila;Luganville;Nukuʻalofa;Apia
Geografia i Turystyka;Stolice, Państwa i Flagi;łatwe;Jak nazywa się stolica Hiszpanii?;Madryt;Barcelona;Sewilla;Walencja
Geografia i Turystyka;Stolice, Państwa i Flagi;trudne;Jak nazywa się stolica Jordanii?;Amman;Akaba;Irbid;Dżerasz
Geografia i Turystyka;Stolice, Państwa i Flagi;trudne;Które miasto jest stolicą Paragwaju?;Asunción;Montevideo;La Paz;Quito
Geografia i Turystyka;Stolice, Państwa i Flagi;bardzo trudne;Jak nazywa się stolica Kiribati?;South Tarawa;Bairiki;Funafuti;Majuro
Geografia i Turystyka;Stolice, Państwa i Flagi;bardzo trudne;Jak nazywa się stolica Erytrei?;Asmara;Massawa;Keren;Assab
Geografia i Turystyka;Stolice, Państwa i Flagi;łatwe;Które miasto jest stolicą Grecji?;Ateny;Saloniki;Patras;Heraklion
Geografia i Turystyka;Stolice, Państwa i Flagi;trudne;Jak nazywa się stolica Senegalu?;Dakar;Saint-Louis;Touba;Thiès
Geografia i Turystyka;Stolice, Państwa i Flagi;trudne;Które miasto jest stolicą Urugwaju?;Montevideo;Asunción;Santiago;Lima
Geografia i Turystyka;Stolice, Państwa i Flagi;bardzo trudne;Jak nazywa się stolica Lesotho?;Maseru;Teyateyaneng;Mafeteng;Mohale's Hoek
Geografia i Turystyka;Stolice, Państwa i Flagi;bardzo trudne;Jaka jest stolica Mikronezji?;Palikir;Weno;Kolonia;Tofol
Geografia i Turystyka;Stolice, Państwa i Flagi;łatwe;Jaka jest stolica Portugalii?;Lizbona;Porto;Faro;Coimbra
Geografia i Turystyka;Stolice, Państwa i Flagi;trudne;Jak nazywa się stolica Wenezueli?;Caracas;Bogota;Quito;Georgetown
Geografia i Turystyka;Stolice, Państwa i Flagi;trudne;Które miasto jest stolicą Ghany?;Akra;Kumasi;Tamale;Sekondi-Takoradi
Geografia i Turystyka;Stolice, Państwa i Flagi;bardzo trudne;Jak nazywa się stolica Belize?;Belmopan;Belize City;San Ignacio;Orange Walk
Geografia i Turystyka;Stolice, Państwa i Flagi;bardzo trudne;Które miasto jest stolicą Saint Kitts i Nevis?;Basseterre;Charlestown;Castries;Kingstown
Geografia i Turystyka;Stolice, Państwa i Flagi;łatwe;Jak nazywa się stolica Szwecji?;Sztokholm;Oslo;Helsinki;Kopenhaga
Geografia i Turystyka;Stolice, Państwa i Flagi;trudne;Jak nazywa się stolica Mongolii?;Ułan Bator;Erdenet;Darchan;Chojbalsan
Geografia i Turystyka;Stolice, Państwa i Flagi;trudne;Które miasto jest stolicą Uzbekistanu?;Taszkent;Samarkanda;Buchara;Chiwa
Geografia i Turystyka;Stolice, Państwa i Flagi;bardzo trudne;Jak nazywa się stolica Mauritiusu?;Port Louis;Curepipe;Beau Bassin;Quatre Bornes
Geografia i Turystyka;Stolice, Państwa i Flagi;bardzo trudne;Które miasto jest stolicą Gwinei Bissau?;Bissau;Bafatá;Gabú;Farim
Geografia i Turystyka;Stolice, Państwa i Flagi;łatwe;Jaka jest stolica Austrii?;Wiedeń;Salzburg;Innsbruck;Graz
Geografia i Turystyka;Stolice, Państwa i Flagi;trudne;Które miasto jest stolicą Kambodży?;Phnom Penh;Siem Reap;Battambang;Sihanoukville
Geografia i Turystyka;Stolice, Państwa i Flagi;trudne;Jak nazywa się stolica Kostaryki?;San José;Alajuela;Cartago;Heredia
Geografia i Turystyka;Stolice, Państwa i Flagi;bardzo trudne;Jak nazywa się stolica Burundi?;Gitega;Bużumbura;Ngozi;Muyinga
Geografia i Turystyka;Stolice, Państwa i Flagi;bardzo trudne;Które miasto jest stolicą Komorów?;Moroni;Mutsamudu;Domoni;Fomboni
Geografia i Turystyka;Stolice, Państwa i Flagi;łatwe;Jak nazywa się stolica Japonii?;Tokio;Kioto;Osaka;Jokohama
Geografia i Turystyka;Stolice, Państwa i Flagi;trudne;Które miasto jest stolicą Angoli?;Luanda;Huambo;Lobito;Benguela
Geografia i Turystyka;Stolice, Państwa i Flagi;trudne;Jak nazywa się stolica Azerbejdżanu?;Baku;Gandża;Sumgait;Nachiczewan
Geografia i Turystyka;Stolice, Państwa i Flagi;bardzo trudne;Jak nazywa się stolica Wysp Marshalla?;Majuro;Ebeye;Jaluit;Kwajalein
Geografia i Turystyka;Stolice, Państwa i Flagi;bardzo trudne;Które miasto jest stolicą Beninu?;Porto-Novo;Kotonu;Parakou;Djougou
Geografia i Turystyka;Stolice, Państwa i Flagi;łatwe;Jaka jest stolica Belgii?;Bruksela;Antwerpia;Gandawa;Liege
Geografia i Turystyka;Stolice, Państwa i Flagi;trudne;Które miasto jest stolicą Tunezji?;Tunis;Susa;Safakis;Bizerta
Geografia i Turystyka;Stolice, Państwa i Flagi;trudne;Jak nazywa się stolica Nikaragui?;Managua;León;Granada;Masaya
Geografia i Turystyka;Stolice, Państwa i Flagi;bardzo trudne;Jak nazywa się stolica Gambii?;Bandżul;Serekunda;Brikama;Bakau
Geografia i Turystyka;Stolice, Państwa i Flagi;bardzo trudne;Które miasto jest stolicą Tuvalu?;Funafuti;Vaiaku;Nanumanga;Niutao
Geografia i Turystyka;Stolice, Państwa i Flagi;łatwe;Jaka jest stolica Węgier?;Budapeszt;Debreczyn;Szeged;Miszkolc
Geografia i Turystyka;Stolice, Państwa i Flagi;trudne;Które miasto jest stolicą Gruzji?;Tbilisi;Kutaisi;Batumi;Rustawi
Geografia i Turystyka;Stolice, Państwa i Flagi;trudne;Jak nazywa się stolica Jamajki?;Kingston;Montego Bay;Spanish Town;Portmore
Geografia i Turystyka;Stolice, Państwa i Flagi;bardzo trudne;Jak nazywa się stolica Togo?;Lomé;Sokodé;Kara;Kpalimé
Geografia i Turystyka;Stolice, Państwa i Flagi;bardzo trudne;Które miasto jest stolicą Republiki Środkowoafrykańskiej?;Bangui;Bimbo;Berbérati;Carnot
Geografia i Turystyka;Stolice, Państwa i Flagi;łatwe;Jak nazywa się stolica Czech?;Praga;Brno;Ostrawa;Pilzno
Geografia i Turystyka;Stolice, Państwa i Flagi;trudne;Które miasto jest stolicą Armenii?;Erywań;Giumri;Wanadzor;Wagharszapat
Geografia i Turystyka;Stolice, Państwa i Flagi;trudne;Jak nazywa się stolica Laosu?;Wientian;Luang Prabang;Pakxe;Savannakhet
Geografia i Turystyka;Stolice, Państwa i Flagi;bardzo trudne;Jak nazywa się stolica Gabonu?;Libreville;Port-Gentil;Franceville;Oyem
Geografia i Turystyka;Stolice, Państwa i Flagi;bardzo trudne;Które miasto jest stolicą Suazi (Eswatini)?;Mbabane;Lobamba;Manzini;Big Bend
Geografia i Turystyka;Stolice, Państwa i Flagi;łatwe;Jaka jest stolica Polski?;Warszawa;Kraków;Wrocław;Gdańsk
Geografia i Turystyka;Stolice, Państwa i Flagi;trudne;Które miasto jest stolicą Nepalu?;Katmandu;Pokhara;Lalitpur;Biratnagar
Geografia i Turystyka;Stolice, Państwa i Flagi;trudne;Jak nazywa się stolica Salwadoru?;San Salvador;Santa Ana;San Miguel;Soyapango
Geografia i Turystyka;Stolice, Państwa i Flagi;bardzo trudne;Jak nazywa się stolica Republiki Zielonego Przylądka?;Praia;Mindelo;Santa Maria;Assomada
Geografia i Turystyka;Stolice, Państwa i Flagi;bardzo trudne;Które miasto jest stolicą Czadu?;Ndżamena;Moundou;Sarh;Abéché
Geografia i Turystyka;Stolice, Państwa i Flagi;łatwe;Jak nazywa się stolica Ukrainy?;Kijów;Lwów;Charków;Odessa
Geografia i Turystyka;Stolice, Państwa i Flagi;trudne;Które miasto jest stolicą Birmy (Myanmaru)?;Naypyidaw;Rangun;Mandalaj;Basejn
Geografia i Turystyka;Stolice, Państwa i Flagi;trudne;Jak nazywa się stolica Hondurasu?;Tegucigalpa;San Pedro Sula;Choloma;La Ceiba
Geografia i Turystyka;Stolice, Państwa i Flagi;bardzo trudne;Jak nazywa się stolica Wybrzeża Kości Słoniowej (konstytucyjna)?;Jamusukro;Abidżan;Bouaké;Daloa
Geografia i Turystyka;Stolice, Państwa i Flagi;bardzo trudne;Które miasto jest stolicą Gwinei Równikowej?;Malabo;Bata;Ebebiyín;Mongomo
Geografia i Turystyka;Stolice, Państwa i Flagi;łatwe;Jaka jest stolica Rosji?;Moskwa;Petersburg;Nowosybirsk;Jekaterynburg
Geografia i Turystyka;Stolice, Państwa i Flagi;trudne;Które miasto jest stolicą Sri Lanki (legislacyjną)?;Sri Dźajawardanapura Kotte;Kolombo;Kandy;Galle
Geografia i Turystyka;Stolice, Państwa i Flagi;trudne;Jak nazywa się stolica Boliwii (konstytucyjna)?;Sucre;La Paz;Santa Cruz;Cochabamba
Geografia i Turystyka;Stolice, Państwa i Flagi;bardzo trudne;Jak nazywa się stolica Papui-Nowej Gwinei?;Port Moresby;Lae;Arawa;Mount Hagen
Geografia i Turystyka;Stolice, Państwa i Flagi;bardzo trudne;Które miasto jest stolicą Dżibuti?;Dżibuti;Ali Sabieh;Tadjoura;Obock
Geografia i Turystyka;Stolice, Państwa i Flagi;łatwe;Jak nazywa się stolica Turcji?;Ankara;Stambuł;Izmir;Antalya
Geografia i Turystyka;Stolice, Państwa i Flagi;trudne;Które miasto jest stolicą Kenii?;Nairobi;Mombasa;Kisumu;Nakuru
Geografia i Turystyka;Stolice, Państwa i Flagi;trudne;Jak nazywa się stolica Malty?;Valletta;Sliema;Mdina;Birkirkara
Geografia i Turystyka;Stolice, Państwa i Flagi;bardzo trudne;Jak nazywa się stolica Dominiki?;Roseau;Portsmouth;Marigot;Berekua
Geografia i Turystyka;Stolice, Państwa i Flagi;bardzo trudne;Które miasto jest stolicą Gwinei?;Konakry;Nzérékoré;Kankan;Kindia
Geografia i Turystyka;Stolice, Państwa i Flagi;łatwe;Jaka jest stolica Chin?;Pekin;Szanghaj;Kanton;Shenzhen
Geografia i Turystyka;Stolice, Państwa i Flagi;trudne;Które miasto jest stolicą Algierii?;Algier;Oran;Konstantyna;Annaba
Geografia i Turystyka;Stolice, Państwa i Flagi;trudne;Jak nazywa się stolica Ekwadoru?;Quito;Guayaquil;Cuenca;Manta
Geografia i Turystyka;Stolice, Państwa i Flagi;bardzo trudne;Jak nazywa się stolica Malawi?;Lilongwe;Blantyre;Mzuzu;Zomba
Geografia i Turystyka;Stolice, Państwa i Flagi;bardzo trudne;Które miasto jest stolicą Nigru?;Niamey;Zinder;Maradi;Tahoua
Geografia i Turystyka;Geografia Gospodarcza i Społeczna;łatwe;Który kraj jest największym producentem kawy na świecie?;Brazylia;Wietnam;Kolumbia;Etiopia
Geografia i Turystyka;Geografia Gospodarcza i Społeczna;łatwe;Który surowiec nazywany jest "czarnym złotem"?;Ropa naftowa;Węgiel kamienny;Gaz ziemny;Ruda żelaza
Geografia i Turystyka;Geografia Gospodarcza i Społeczna;łatwe;Który kraj posiada największe zasoby gazu ziemnego na świecie?;Rosja;USA;Katar;Iran
Geografia i Turystyka;Geografia Gospodarcza i Społeczna;łatwe;Czym zajmuje się sektor rolnictwa w gospodarce?;Produkcją żywności i surowców roślinnych;Wydobyciem surowców mineralnych;Przetwórstwem przemysłowym;Świadczeniem usług transportowych
Geografia i Turystyka;Geografia Gospodarcza i Społeczna;trudne;Co to jest OPEC?;Organizacja krajów eksportujących ropę naftową;Strefa wolnego handlu w Ameryce Północnej;Europejski system bankowy;Związek producentów pszenicy
Geografia i Turystyka;Geografia Gospodarcza i Społeczna;trudne;Który region Polski jest historycznie najbardziej uprzemysłowiony?;Górny Śląsk;Podlasie;Mazury;Pomorze Zachodnie
Geografia i Turystyka;Geografia Gospodarcza i Społeczna;trudne;Gdzie znajduje się największy port kontenerowy w Europie?;Rotterdam;Hamburg;Gdańsk;Antwerpia
Geografia i Turystyka;Geografia Gospodarcza i Społeczna;trudne;Czym charakteryzuje się rolnictwo intensywne?;Wysokimi nakładami kapitału i dużą wydajnością z hektara;Małym użyciem nawozów i maszyn;Uprawą tylko jednego gatunku roślin na wielkich obszarach;Wykorzystaniem wyłącznie pracy ręcznej
Geografia i Turystyka;Geografia Gospodarcza i Społeczna;bardzo trudne;Co oznacza termin "deindustrializacja"?;Proces spadku znaczenia przemysłu w gospodarce na rzecz usług;Gwałtowny rozwój fabryk w miastach;Przenoszenie produkcji rolnej do szklarni;Budowę nowoczesnych parków technologicznych
Geografia i Turystyka;Geografia Gospodarcza i Społeczna;bardzo trudne;Który kraj posiada tzw. "pas rdzy" (Rust Belt), obszar dotknięty upadkiem ciężkiego przemysłu?;USA;Niemcy;Chiny;Wielka Brytania
Geografia i Turystyka;Geografia Gospodarcza i Społeczna;bardzo trudne;Czym jest "outsourcing" w kontekście geografii usług?;Zlecaniem zadań firmom zewnętrznym, często w krajach o niższych kosztach pracy;Zakazem importu towarów z konkretnego regionu;Budową linii kolejowych między państwami;Procesem wydobycia surowców z dna oceanów
Geografia i Turystyka;Geografia Gospodarcza i Społeczna;bardzo trudne;W którym państwie znajduje się największa na świecie zapora wodna i elektrownia "Trzy Przełomy"?;Chiny;Brazylia;Kanada;Egipt
Geografia i Turystyka;Geografia Gospodarcza i Społeczna;łatwe;Który kontynent jest najmniej uprzemysłowiony?;Afryka;Europa;Azja;Ameryka Północna
Geografia i Turystyka;Geografia Gospodarcza i Społeczna;trudne;Gdzie znajduje się Dolina Krzemowa, światowe centrum technologii?;W USA (Kalifornia);W Chinach (Szanghaj);W Indiach (Bangalore);W Niemczech (Monachium)
Geografia i Turystyka;Geografia Gospodarcza i Społeczna;bardzo trudne;Co to jest "gospodarka żaroodporna" (fire economy) w kontekście finansjalizacji?;Gospodarka oparta na finansach, ubezpieczeniach i nieruchomościach;Przemysł ciężki odporny na wysokie temperatury;Produkcja sprzętu gaśniczego;Eksport ropy w regionach tropikalnych
Geografia i Turystyka;Geografia Gospodarcza i Społeczna;łatwe;Który kraj jest największym producentem kawy na świecie?;Brazylia;Wietnam;Kolumbia;Etiopia
Geografia i Turystyka;Geografia Gospodarcza i Społeczna;łatwe;Który surowiec nazywany jest "czarnym złotem"?;Ropa naftowa;Węgiel kamienny;Gaz ziemny;Ruda żelaza
Geografia i Turystyka;Geografia Gospodarcza i Społeczna;łatwe;Który kraj posiada największe zasoby gazu ziemnego na świecie?;Rosja;USA;Katar;Iran
Geografia i Turystyka;Geografia Gospodarcza i Społeczna;łatwe;Czym zajmuje się sektor rolnictwa w gospodarce?;Produkcją żywności i surowców roślinnych;Wydobyciem surowców mineralnych;Przetwórstwem przemysłowym;Świadczeniem usług transportowych
Geografia i Turystyka;Geografia Gospodarcza i Społeczna;trudne;Co to jest OPEC?;Organizacja krajów eksportujących ropę naftową;Strefa wolnego handlu w Ameryce Północnej;Europejski system bankowy;Związek producentów pszenicy
Geografia i Turystyka;Geografia Gospodarcza i Społeczna;trudne;Który region Polski jest historycznie najbardziej uprzemysłowiony?;Górny Śląsk;Podlasie;Mazury;Pomorze Zachodnie
Geografia i Turystyka;Geografia Gospodarcza i Społeczna;trudne;Gdzie znajduje się największy port kontenerowy w Europie?;Rotterdam;Hamburg;Gdańsk;Antwerpia
Geografia i Turystyka;Geografia Gospodarcza i Społeczna;trudne;Czym charakteryzuje się rolnictwo intensywne?;Wysokimi nakładami kapitału i dużą wydajnością z hektara;Małym użyciem nawozów i maszyn;Uprawą tylko jednego gatunku roślin na wielkich obszarach;Wykorzystaniem wyłącznie pracy ręcznej
Geografia i Turystyka;Geografia Gospodarcza i Społeczna;bardzo trudne;Co oznacza termin "deindustrializacja"?;Proces spadku znaczenia przemysłu w gospodarce na rzecz usług;Gwałtowny rozwój fabryk w miastach;Przenoszenie produkcji rolnej do szklarni;Budowę nowoczesnych parków technologicznych
Geografia i Turystyka;Geografia Gospodarcza i Społeczna;bardzo trudne;Który kraj posiada tzw. "pas rdzy" (Rust Belt), obszar dotknięty upadkiem ciężkiego przemysłu?;USA;Niemcy;Chiny;Wielka Brytania
Geografia i Turystyka;Geografia Gospodarcza i Społeczna;bardzo trudne;Czym jest "outsourcing" w kontekście geografii usług?;Zlecaniem zadań firmom zewnętrznym, często w krajach o niższych kosztach pracy;Zakazem importu towarów z konkretnego regionu;Budową linii kolejowych między państwami;Procesem wydobycia surowców z dna oceanów
Geografia i Turystyka;Geografia Gospodarcza i Społeczna;bardzo trudne;W którym państwie znajduje się największa na świecie zapora wodna i elektrownia "Trzy Przełomy"?;Chiny;Brazylia;Kanada;Egipt
Geografia i Turystyka;Geografia Gospodarcza i Społeczna;łatwe;Który kontynent jest najmniej uprzemysłowiony?;Afryka;Europa;Azja;Ameryka Północna
Geografia i Turystyka;Geografia Gospodarcza i Społeczna;trudne;Gdzie znajduje się Dolina Krzemowa, światowe centrum technologii?;W USA (Kalifornia);W Chinach (Szanghaj);W Indiach (Bangalore);W Niemczech (Monachium)
Geografia i Turystyka;Geografia Gospodarcza i Społeczna;bardzo trudne;Co to jest "gospodarka żaroodporna" (fire economy) w kontekście finansjalizacji?;Gospodarka oparta na finansach, ubezpieczeniach i nieruchomościach;Przemysł ciężki odporny na wysokie temperatury;Produkcja sprzętu gaśniczego;Eksport ropy w regionach tropikalnych
Geografia i Turystyka;Geografia Gospodarcza i Społeczna;łatwe;Które miasto jest stolicą Francji?;Paryż;Londyn;Rzym;Madryt
Geografia i Turystyka;Geografia Gospodarcza i Społeczna;łatwe;Który kraj ma największą liczbę ludności na świecie?;Indie;Chiny;USA;Brazylia
Geografia i Turystyka;Geografia Gospodarcza i Społeczna;trudne;Jak nazywa się proces gwałtownego wzrostu liczby ludności miejskiej i rozwoju miast?;Urbanizacja;Globalizacja;Migracja;Industrializacja
Geografia i Turystyka;Geografia Gospodarcza i Społeczna;trudne;Który kraj europejski posiada najniższy współczynnik dzietności?;Włochy;Polska;Hiszpania;Francja
Geografia i Turystyka;Geografia Gospodarcza i Społeczna;trudne;Jak nazywa się wskaźnik mierzący poziom rozwoju społeczno-gospodarczego krajów świata?;HDI;PKB;GNP;WIBOR
Geografia i Turystyka;Geografia Gospodarcza i Społeczna;trudne;Która religia ma największą liczbę wyznawców na świecie?;Chrześcijaństwo;Islam;Hinduizm;Buddyzm
Geografia i Turystyka;Geografia Gospodarcza i Społeczna;bardzo trudne;Jak nazywa się nauka zajmująca się badaniem struktury, rozmieszczenia i dynamiki populacji ludzkich?;Demografia;Etnografia;Socjologia;Antropologia
Geografia i Turystyka;Geografia Gospodarcza i Społeczna;bardzo trudne;Który kraj Afryki Zachodniej jest najludniejszym państwem tego kontynentu?;Nigeria;Etiopia;Egipt;Demokratyczna Republika Konga
Geografia i Turystyka;Geografia Gospodarcza i Społeczna;bardzo trudne;Jak nazywa się model teoretyczny opisujący zmiany w rodności i umieralności w miarę rozwoju społeczeństwa?;Model przejścia demograficznego;Teoria Malthusa;Krzywa Lorenza;Wskaźnik Giniego
Geografia i Turystyka;Geografia Gospodarcza i Społeczna;bardzo trudne;W którym państwie znajduje się najwięcej miast o populacji powyżej 10 milionów mieszkańców?;Chiny;Indie;Japonia;USA
Geografia i Turystyka;Geografia Gospodarcza i Społeczna;łatwe;Która waluta jest używana w większości krajów Unii Europejskiej?;Euro;Dolar;Funt szterling;Frank szwajcarski
Geografia i Turystyka;Geografia Gospodarcza i Społeczna;łatwe;Jak nazywa się organizacja zrzeszająca największych eksporterów ropy naftowej?;OPEC;NATO;OECD;UNESCO
Geografia i Turystyka;Geografia Gospodarcza i Społeczna;trudne;Który kraj jest największym producentem kawy na świecie?;Brazylia;Wietnam;Kolumbia;Etiopia
Geografia i Turystyka;Geografia Gospodarcza i Społeczna;trudne;Jak nazywa się sektor gospodarki obejmujący rolnictwo, leśnictwo i rybołówstwo?;Sektor pierwszy;Sektor drugi;Sektor trzeci;Sektor czwarty
Geografia i Turystyka;Geografia Gospodarcza i Społeczna;trudne;Który port morski w Europie jest uznawany za największy pod względem przeładunku towarów?;Rotterdam;Antwerpia;Hamburg;Gdańsk
Geografia i Turystyka;Geografia Gospodarcza i Społeczna;trudne;Co oznacza skrót PKB?;Produkt Krajowy Brutto;Powszechny Kurs Bankowy;Państwowy Koszt Budżetowy;Prywatny Kapitał Biznesowy
Geografia i Turystyka;Geografia Gospodarcza i Społeczna;bardzo trudne;Jak nazywa się miernik oceniający nierówności w rozkładzie dochodów społeczeństwa?;Współczynnik Giniego;Krzywa Laffera;Wskaźnik Big Maca;Popyt globalny
Geografia i Turystyka;Geografia Gospodarcza i Społeczna;bardzo trudne;Który kraj posiada największe na świecie złoża litu, kluczowego dla produkcji baterii?;Chile;Chiny;Australia;Kanada
Geografia i Turystyka;Geografia Gospodarcza i Społeczna;bardzo trudne;Jak nazywa się specyficzna strefa ekonomiczna, w której obowiązują ulgi podatkowe dla inwestorów?;Specjalna Strefa Ekonomiczna;Wolny Obszar Celny;Raj Podatkowy;Giełda Towarowa
Geografia i Turystyka;Geografia Gospodarcza i Społeczna;bardzo trudne;Która azjatycka giełda papierów wartościowych jest uznawana za najważniejszą w regionie?;Tokyo Stock Exchange;Shanghai Stock Exchange;Hong Kong Stock Exchange;Singapore Exchange
Geografia i Turystyka;Geografia Gospodarcza i Społeczna;łatwe;Na którym kontynencie leży państwo Egipt?;Afryka;Azja;Europa;Ameryka Południowa
Geografia i Turystyka;Geografia Gospodarcza i Społeczna;łatwe;W jakim kraju znajduje się Wielka Rafa Koralowa?;Australia;Indonezja;Brazylia;Filipiny
Geografia i Turystyka;Geografia Gospodarcza i Społeczna;trudne;Która pustynia jest największą piaszczystą pustynią na świecie?;Sahara;Gobi;Atakama;Kalahari
Geografia i Turystyka;Geografia Gospodarcza i Społeczna;trudne;Przez jakie trzy państwa przepływa rzeka Dunaj (spośród wymienionych)?;Niemcy, Austria, Węgry;Polska, Czechy, Słowacja;Francja, Belgia, Holandia;Włochy, Szwajcaria, Austria
Geografia i Turystyka;Geografia Gospodarcza i Społeczna;trudne;Jak nazywa się najwyższy szczyt Afryki?;Kilimandżaro;Góra Kenia;Mount Meru;Ras Daszan
Geografia i Turystyka;Geografia Gospodarcza i Społeczna;trudne;Która cieśnina oddziela Europę od Afryki?;Cieśnina Gibraltarska;Cieśnina Bosfor;Cieśnina Magellana;Cieśnina Beringa
Geografia i Turystyka;Geografia Gospodarcza i Społeczna;bardzo trudne;Jak nazywa się stolica Kazachstanu (stan na 2026 rok, po powrocie do dawnej nazwy)?;Astana;Ałmaty;Nur-Sułtan;Biszkek
Geografia i Turystyka;Geografia Gospodarcza i Społeczna;bardzo trudne;Które z państw bałtyckich posiada największą liczbę wysp na Morzu Bałtyckim?;Estonia;Łotwa;Litwa;Finlandia
Geografia i Turystyka;Geografia Gospodarcza i Społeczna;bardzo trudne;Jak nazywa się najwyżej położone jezioro żeglowne na świecie, leżące na granicy Peru i Boliwii?;Titicaca;Poopó;Maracaibo;General Carrera
Geografia i Turystyka;Geografia Gospodarcza i Społeczna;bardzo trudne;W którym pasmie górskim znajduje się szczyt Mount Logan, drugi co do wysokości w Ameryce Północnej?;Góry Świętego Eliasza;Góry Skaliste;Appalachy;Sierra Nevada
Geografia i Turystyka;Kartografia i Orientacja;łatwe;Który kontynent leży niemal w całości na półkuli południowej i jest najzimniejszy?;Antarktyda;Australia;Ameryka Południowa;Afryka
Geografia i Turystyka;Kartografia i Orientacja;łatwe;Jak nazywa się planeta w Układzie Słonecznym znana z charakterystycznych pierścieni?;Saturn;Jowisz;Neptun;Uran
Geografia i Turystyka;Kartografia i Orientacja;trudne;Jak nazywa się linia na mapie, która wyznacza 0 stopni długości geograficznej?;Południk zerowy (Greenwich);Równik;Zwrotnik Raka;Linia zmiany daty
Geografia i Turystyka;Kartografia i Orientacja;trudne;Jaka jest skala mapy, jeśli 1 cm na mapie odpowiada 10 km w terenie?;1:1 000 000;1:100 000;1:10 000;1:10 000 000
Geografia i Turystyka;Kartografia i Orientacja;trudne;Jak nazywa się punkt na niebie znajdujący się dokładnie nad głową obserwatora?;Zenit;Nadir;Azymut;Ecliptica
Geografia i Turystyka;Kartografia i Orientacja;trudne;Która z planet skalistych posiada najgęstszą atmosferę i najwyższą temperaturę powierzchni?;Wenus;Mars;Merkury;Ziemia
Geografia i Turystyka;Kartografia i Orientacja;bardzo trudne;Jak nazywa się odwzorowanie kartograficzne, w którym południki i równoleżniki przecinają się pod kątem prostym, a kraje polarne są silnie powiększone?;Odwzorowanie Merkatora;Odwzorowanie Mollweidego;Odwzorowanie azymutalne;Odwzorowanie Galla-Petersa
Geografia i Turystyka;Kartografia i Orientacja;bardzo trudne;W którym roku Pluton został oficjalnie zdegradowany przez IAU do statusu planety karłowatej?;2006;2000;2010;1998
Geografia i Turystyka;Kartografia i Orientacja;bardzo trudne;Jak nazywa się odległość, jaką światło przebywa w próżni w ciągu jednego roku kalendarzowego?;Rok świetlny;Jednostka astronomiczna;Parsek;Godzina świetlna
Geografia i Turystyka;Kartografia i Orientacja;bardzo trudne;Jak nazywa się zjawisko astronomiczne, w którym Księżyc znajduje się w cieniu Ziemi?;Zaćmienie Księżyca;Zaćmienie Słońca;Tranzyt;Okultacja
Geografia i Turystyka;Kontynenty i Regiony Świata;łatwe;Który kraj europejski ma kształt buta?;Włochy;Grecja;Portugalia;Norwegia
Geografia i Turystyka;Kontynenty i Regiony Świata;łatwe;Jak nazywa się najdłuższa rzeka Europy?;Wołga;Dunaj;Ren;Wisła
Geografia i Turystyka;Kontynenty i Regiony Świata;trudne;W którym państwie znajduje się najwyższy szczyt Alp - Mont Blanc?;Francja;Szwajcaria;Austria;Włochy
Geografia i Turystyka;Kontynenty i Regiony Świata;trudne;Jak nazywa się stolica Islandii?;Reykjavík;Oslo;Helsinki;Kopenhaga
Geografia i Turystyka;Kontynenty i Regiony Świata;trudne;Która wyspa jest największą wyspą na Morzu Śródziemnym?;Sycylia;Sardynia;Cypr;Korsyka
Geografia i Turystyka;Kontynenty i Regiony Świata;trudne;Jak nazywa się państwo leżące całkowicie wewnątrz terytorium Rzymu?;Watykan;San Marino;Andora;Monako
Geografia i Turystyka;Kontynenty i Regiony Świata;bardzo trudne;Jak nazywa się najniższy punkt Europy (depresja)?;Nizina Nadkaspijska;Zuidplaspolder;Lammefjord;Żuławy Wiślane
Geografia i Turystyka;Kontynenty i Regiony Świata;bardzo trudne;Który przylądek jest uznawany za najdalej na północ wysunięty punkt kontynentalnej Europy?;Nordkinn;Nordkapp;Cabo da Roca;Taryfa
Geografia i Turystyka;Kontynenty i Regiony Świata;bardzo trudne;Jak nazywa się jezioro w Rosji, będące największym pod względem powierzchni jeziorem w Europie?;Ładoga;Onega;Wener;Pejpus
Geografia i Turystyka;Kontynenty i Regiony Świata;bardzo trudne;Przez terytorium których trzech państw przebiega łańcuch górski Pirenejów?;Francja, Hiszpania, Andora;Francja, Hiszpania, Portugalia;Włochy, Szwajcaria, Francja;Grecja, Bułgaria, Turcja
Geografia i Turystyka;Polska - Regiony i Miasta;łatwe;Jakie miasto jest stolicą Polski?;Warszawa;Kraków;Gdańsk;Wrocław
Geografia i Turystyka;Polska - Regiony i Miasta;łatwe;Jak nazywa się najwyższe pasmo górskie w Polsce?;Tatry;Beskidy;Karkonosze;Góry Świętokrzyskie
Geografia i Turystyka;Polska - Regiony i Miasta;trudne;Która rzeka jest najdłuższym dopływem Wisły?;Narew;Bug;San;Pilica
Geografia i Turystyka;Polska - Regiony i Miasta;trudne;Jak nazywa się największe jezioro w Polsce pod względem powierzchni?;Śniardwy;Mamry;Łebsko;Miedwie
Geografia i Turystyka;Polska - Regiony i Miasta;trudne;Które miasto jest nazywane stolicą polskiej piosenki?;Opole;Sopot;Kielce;Rzeszów
Geografia i Turystyka;Polska - Regiony i Miasta;trudne;W którym województwie leży Puszcza Białowieska?;Podlaskie;Lubelskie;Mazowieckie;Warmińsko-mazurskie
Geografia i Turystyka;Polska - Regiony i Miasta;bardzo trudne;Jak nazywa się najwyższy szczyt polskich Karkonoszy?;Śnieżka;Śnieżne Kotły;Szrenica;Wielki Szyszak
Geografia i Turystyka;Polska - Regiony i Miasta;bardzo trudne;Która miejscowość jest uznawana za polski biegun zimna?;Suwałki;Zakopane;Olecko;Stalowa Wola
Geografia i Turystyka;Polska - Regiony i Miasta;bardzo trudne;Jak nazywa się najstarszy park narodowy w Polsce?;Białowieski Park Narodowy;Pieniński Park Narodowy;Tatrzański Park Narodowy;Ojcowski Park Narodowy
Geografia i Turystyka;Polska - Regiony i Miasta;bardzo trudne;Gdzie znajduje się geometryczny środek Polski (po zmianach w 2019 r.)?;Nowa Wieś;Piątek;Kutno;Łódź
Geografia i Turystyka;Kontynenty i Regiony Świata;łatwe;Który ocean jest największy?;Spokojny;Atlantycki;Indyjski;Arktyczny
Geografia i Turystyka;Kontynenty i Regiony Świata;łatwe;Która góra jest najwyższa na świecie?;Mount Everest;K2;Lhotse;Makalu
Geografia i Turystyka;Kontynenty i Regiony Świata;trudne;Jak nazywa się najmniejsze państwo świata pod względem powierzchni?;Watykan;Monako;Nauru;Tuvalu
Geografia i Turystyka;Kontynenty i Regiony Świata;trudne;W którym państwie znajduje się Wielki Mur?;Chiny;Indie;Japonia;Mongolia
Geografia i Turystyka;Kontynenty i Regiony Świata;trudne;Jak nazywa się kanał łączący Ocean Atlantycki ze Spokojnym?;Kanał Panamski;Kanał Sueski;Kanał Kiloński;Kanał Koryncki
Geografia i Turystyka;Kontynenty i Regiony Świata;trudne;Która pustynia znajduje się w Ameryce Południowej i jest najsuchszym miejscem na Ziemi?;Atakama;Sahara;Gobi;Namib
Geografia i Turystyka;Kontynenty i Regiony Świata;bardzo trudne;Jak nazywa się najdłuższa linia kolejowa na świecie?;Kolej Transsyberyjska;Kolej Transkanadyjska;Kolej Orient Express;Kolej Maglev
Geografia i Turystyka;Kontynenty i Regiony Świata;bardzo trudne;Który kraj posiada najwięcej stref czasowych?;Francja;Rosja;USA;Kanada
Geografia i Turystyka;Kontynenty i Regiony Świata;bardzo trudne;Jak nazywa się wodospad o najwyższym spadku wody na świecie?;Salto Angel;Iguazu;Niagara;Wodospady Wiktorii
Geografia i Turystyka;Kontynenty i Regiony Świata;bardzo trudne;Który przylądek jest najdalej na południe wysuniętym punktem Afryki?;Przylądek Igielny;Przylądek Dobrej Nadziei;Przylądek Zielony;Przylądek Guardafui
Geografia i Turystyka;Kontynenty i Regiony Świata;łatwe;Który kraj jest nazywany "Krajem Kwitnącej Wiśni"?;Japonia;Chiny;Korea Południowa;Wietnam
Geografia i Turystyka;Kontynenty i Regiony Świata;łatwe;Jak nazywa się najwyższa góra Japonii?;Fudżi;Mount Everest;K2;Annapurna
Geografia i Turystyka;Kontynenty i Regiony Świata;trudne;Która rzeka jest najdłuższa w Azji?;Jangcy;Huang He;Mekong;Ganges
Geografia i Turystyka;Kontynenty i Regiony Świata;trudne;Jak nazywa się największe jezioro Azji (i świata), będące zbiornikiem słonowodnym?;Morze Kaspijskie;Bajkał;Jezioro Aralskie;Bałchasz
Geografia i Turystyka;Kontynenty i Regiony Świata;trudne;W którym państwie znajduje się historyczna kraina Kapadocja?;Turcja;Iran;Irak;Syria
Geografia i Turystyka;Kontynenty i Regiony Świata;trudne;Które miasto jest stolicą Tajlandii?;Bangkok;Hanoi;Dżakarta;Manila
Geografia i Turystyka;Kontynenty i Regiony Świata;bardzo trudne;Jak nazywa się najniższy punkt Azji, położony na dnie Rowu Mariańskiego (część podwodna)?;Głębia Challengera;Depresja Turfańska;Morze Martwe;Nizina Indu
Geografia i Turystyka;Kontynenty i Regiony Świata;bardzo trudne;Który kraj azjatycki jako jedyny nie posiada dostępu do morza w Azji Południowo-Wschodniej?;Laos;Kambodża;Birma;Wietnam
Geografia i Turystyka;Kontynenty i Regiony Świata;bardzo trudne;Jak nazywa się najwyżej położona wyżyna świata, zwana "Dachem Świata"?;Wyżyna Tybetańska;Wyżyna Irańska;Wyżyna Dekan;Wyżyna Anatolijska
Geografia i Turystyka;Kontynenty i Regiony Świata;bardzo trudne;Która cieśnina oddziela Azję od Ameryki Północnej?;Cieśnina Beringa;Cieśnina Malakka;Cieśnina Ormuz;Cieśnina Tatarska
Geografia i Turystyka;Kontynenty i Regiony Świata;łatwe;W którym państwie znajduje się Wielki Kanion Kolorado?;USA;Kanada;Meksyk;Gwatemala
Geografia i Turystyka;Kontynenty i Regiony Świata;łatwe;Jak nazywa się stolica Kanady?;Ottawa;Toronto;Montreal;Vancouver
Geografia i Turystyka;Kontynenty i Regiony Świata;trudne;Jak nazywa się najwyższy szczyt Ameryki Północnej (dawniej McKinley)?;Denali;Mount Logan;Popocatépetl;Pico de Orizaba
Geografia i Turystyka;Kontynenty i Regiony Świata;trudne;Które z Wielkich Jezior leży całkowicie na terytorium USA?;Michigan;Górne;Huron;Ontario
Geografia i Turystyka;Kontynenty i Regiony Świata;trudne;Jak nazywa się prąd morski płynący u wybrzeży Kalifornii?;Prąd Kalifornijski;Golfsztrom;Labradorski;Północnorównikowy
Geografia i Turystyka;Kontynenty i Regiony Świata;trudne;Która rzeka tworzy słynny wodospad Niagara (łącząc jeziora Erie i Ontario)?;Niagara;Rzeka Świętego Wawrzyńca;Hudson;Missisipi
Geografia i Turystyka;Kontynenty i Regiony Świata;bardzo trudne;Jak nazywa się największa depresja w Ameryce Północnej?;Dolina Śmierci;Badwater;Salton Sink;Enriquillo
Geografia i Turystyka;Kontynenty i Regiony Świata;bardzo trudne;Który półwysep oddziela Zatokę Kalifornijską od Oceanu Spokojnego?;Dolna Kalifornia;Jukatan;Floryda;Alaska
Geografia i Turystyka;Kontynenty i Regiony Świata;bardzo trudne;Jak nazywa się archipelag wysp leżący na południe od Florydy, należący do USA?;Florida Keys;Bahamy;Antyle;Aleuty
Geografia i Turystyka;Kontynenty i Regiony Świata;bardzo trudne;Przez terytorium których trzech państw przebiegają Góry Skaliste?;USA, Kanada;USA, Kanada, Meksyk;USA, Meksyk;Kanada, Meksyk
Geografia i Turystyka;Kontynenty i Regiony Świata;łatwe;Które państwo zajmuje cały kontynent o tej samej nazwie?;Australia;Nowa Zelandia;Fidżi;Papua-Nowa Gwinea
Geografia i Turystyka;Kontynenty i Regiony Świata;łatwe;Jak nazywa się rdzenna ludność Nowej Zelandii?;Maorysi;Aborygeni;Papuasi;Polinezyjczycy
Geografia i Turystyka;Kontynenty i Regiony Świata;trudne;Jak nazywa się największe miasto Australii pod względem ludności?;Sydney;Melbourne;Canberra;Perth
Geografia i Turystyka;Kontynenty i Regiony Świata;trudne;Z ilu głównych wysp składa się Nowa Zelandia?;2;3;10;5
Geografia i Turystyka;Kontynenty i Regiony Świata;trudne;Jak nazywa się słynny monolit skalny w środkowej Australii, święte miejsce Aborygenów?;Uluru (Ayers Rock);Góra Kościuszki;Krakatoa;Mauna Kea
Geografia i Turystyka;Kontynenty i Regiony Świata;trudne;W którym państwie znajduje się region o nazwie Polinezja Francuska?;Francja;USA;Wielka Brytania;Nowa Zelandia
Geografia i Turystyka;Kontynenty i Regiony Świata;bardzo trudne;Jak nazywa się najwyższy szczyt Australii (kontynentu)?;Góra Kościuszki;Góra Cooka;Mount Wilhelm;Puncak Jaya
Geografia i Turystyka;Kontynenty i Regiony Świata;bardzo trudne;Która grupa wysp Oceanii leży najdalej na wschód i obejmuje m.in. Hawaje i Wyspę Wielkanocną?;Polinezja;Melanezja;Mikronezja;Australazja
Geografia i Turystyka;Kontynenty i Regiony Świata;bardzo trudne;Jak nazywa się stolica Fidżi?;Suva;Apia;Nuku'alofa;Palikir
Geografia i Turystyka;Kontynenty i Regiony Świata;bardzo trudne;Która z wysp Oceanii słynie z gigantycznych posągów zwanych Moai?;Wyspa Wielkanocna;Bora-Bora;Tahiti;Guam
Geografia i Turystyka;Kontynenty i Regiony Świata;łatwe;Jak nazywa się największa gorąca pustynia świata położona w Afryce Północnej?;Sahara;Kalahari;Namib;Danakilska
Geografia i Turystyka;Kontynenty i Regiony Świata;łatwe;W którym kraju znajdują się piramidy w Gizie?;Egipt;Sudan;Libia;Maroko
Geografia i Turystyka;Kontynenty i Regiony Świata;trudne;Jak nazywa się najwyższa góra Afryki?;Kilimandżaro;Góra Kenia;Ruwenzori;Mount Elgon
Geografia i Turystyka;Kontynenty i Regiony Świata;trudne;Która rzeka jest uznawana za najdłuższą w Afryce?;Nil;Kongo;Niger;Zambezi
Geografia i Turystyka;Kontynenty i Regiony Świata;trudne;Jak nazywa się najgłębsze jezioro Afryki?;Tanganika;Wiktoria;Niasa;Czadu
Geografia i Turystyka;Kontynenty i Regiony Świata;trudne;Która wyspa u wschodnich wybrzeży Afryki słynie z uprawy goździków i przypraw?;Zanzibar;Madagaskar;Seszele;Mauritius
Geografia i Turystyka;Kontynenty i Regiony Świata;bardzo trudne;Jak nazywa się najniższy punkt Afryki (depresja)?;Jezioro Assal;Kotlina Danakilska;Depresja Kattara;Jezioro Erytrejskie
Geografia i Turystyka;Kontynenty i Regiony Świata;bardzo trudne;Który przylądek stanowi najdalej na zachód wysunięty punkt kontynentalnej Afryki?;Przylądek Zielony (Almadies);Przylądek Dobrej Nadziei;Przylądek Igielny;Przylądek Guardafui
Geografia i Turystyka;Kontynenty i Regiony Świata;bardzo trudne;Przez terytorium którego państwa przepływa rzeka Oranje?;RPA;Angola;Kenia;Nigeria
Geografia i Turystyka;Kontynenty i Regiony Świata;bardzo trudne;Jak nazywa się pas półpustynny oddzielający Saharę od wilgotnej sawanny?;Sahel;Veld;Busz;Pampa
Geografia i Turystyka;Kontynenty i Regiony Świata;łatwe;Jaki język jest urzędowy w Brazylii?;Portugalski;Hiszpański;Francuski;Angielski
Geografia i Turystyka;Kontynenty i Regiony Świata;łatwe;Jak nazywa się największy las deszczowy świata?;Amazonia;Selva;Tajga;Namib
Geografia i Turystyka;Kontynenty i Regiony Świata;trudne;Który kraj Ameryki Południowej jako jedyny leży nad Oceanem Spokojnym i Atlantyckim?;Kolumbia;Argentyna;Chile;Wenezuela
Geografia i Turystyka;Kontynenty i Regiony Świata;trudne;Jak nazywa się najwyższe jezioro żeglowne świata leżące w Andach?;Titicaca;Maracaibo;Poopó;Argentino
Geografia i Turystyka;Kontynenty i Regiony Świata;trudne;Która rzeka ma największe dorzecze i przepływ na świecie?;Amazonka;Orinoko;Parana;Urugwaj
Geografia i Turystyka;Kontynenty i Regiony Świata;trudne;Jak nazywa się archipelag wysp należący do Ekwadoru, słynący z żółwi olbrzymich?;Galapagos;Falklandy;Juan Fernandez;Chiloé
Geografia i Turystyka;Kontynenty i Regiony Świata;bardzo trudne;Jak nazywa się najwyższy szczyt Andów i obu Ameryk?;Aconcagua;Ojos del Salado;Huascarán;Illimani
Geografia i Turystyka;Kontynenty i Regiony Świata;bardzo trudne;Który kraj Ameryki Południowej nie posiada dostępu do morza?;Boliwia;Urugwaj;Gujana;Surinam
Geografia i Turystyka;Kontynenty i Regiony Świata;bardzo trudne;Jak nazywa się wodospad na granicy Argentyny i Brazylii, składający się z 275 kaskad?;Iguazú;Salto Angel;Kaieteur;Tequendama
Geografia i Turystyka;Kontynenty i Regiony Świata;bardzo trudne;Która kraina geograficzna w południowej Argentynie charakteryzuje się suchym, wietrznym klimatem i lodowcami?;Patagonia;Gran Chaco;Pampasy;Llanos
Geografia i Turystyka;Polska - Regiony i Miasta;łatwe;W którym polskim mieście znajduje się Wawel?;Kraków;Warszawa;Gdańsk;Poznań
Geografia i Turystyka;Polska - Regiony i Miasta;łatwe;Jak nazywa się największy zamek krzyżacki w Polsce?;Malbork;Kwidzyn;Gniew;Bytów
Geografia i Turystyka;Polska - Regiony i Miasta;trudne;Gdzie znajduje się słynna kopalnia soli wpisana na listę UNESCO?;Wieliczka;Bochnia;Kłodawa;Inowrocław
Geografia i Turystyka;Polska - Regiony i Miasta;trudne;Który park narodowy chroni ruchome wydmy?;Słowiński Park Narodowy;Wigierski Park Narodowy;Woliński Park Narodowy;Biebrzański Park Narodowy
Geografia i Turystyka;Polska - Regiony i Miasta;trudne;Jak nazywa się najwyższy szczyt Bieszczadów?;Tarnica;Halicz;Krzemień;Smerek
Geografia i Turystyka;Polska - Regiony i Miasta;trudne;W którym mieście znajduje się słynny "Krzywy Domek" oraz najdłuższe drewniane molo?;Sopot;Gdynia;Gdańsk;Kołobrzeg
Geografia i Turystyka;Polska - Regiony i Miasta;bardzo trudne;W którym regionie Polski znajdują się tzw. "Kolorowe Jeziorka"?;Rudawy Janowickie;Góry Stołowe;Beskid Niski;Roztocze
Geografia i Turystyka;Polska - Regiony i Miasta;bardzo trudne;Jak nazywa się najstarsza puszcza w Europie, leżąca na granicy Polski i Białorusi?;Puszcza Białowieska;Puszcza Kampinoska;Puszcza Augustowska;Puszcza Niepołomicka
Geografia i Turystyka;Polska - Regiony i Miasta;bardzo trudne;Gdzie znajduje się najwyższy wodospad w polskich Tatrach?;Wielka Siklawa;Wodogrzmoty Mickiewicza;Siklawica;Kamieńczyk
Geografia i Turystyka;Polska - Regiony i Miasta;bardzo trudne;Które polskie miasto szczyci się największą liczbą zachowanych spichlerzy nad Wisłą?;Grudziądz;Toruń;Bydgoszcz;Sandomierz
Geografia i Turystyka;Kontynenty i Regiony Świata;łatwe;W którym kraju znajduje się kompleks świątynny Angkor Wat?;W Kambodży;W Wietnamie;W Tajlandii;W Indonezji
Geografia i Turystyka;Kontynenty i Regiony Świata;łatwe;Które miasto-państwo leży na południowym krańcu Półwyspu Malajskiego?;Singapur;Dżakarta;Manila;Kuala Lumpur
Geografia i Turystyka;Kontynenty i Regiony Świata;trudne;Jak nazywa się największa wyspa Indonezji?;Sumatra;Jawa;Borneo;Bali
Geografia i Turystyka;Kontynenty i Regiony Świata;trudne;Która rzeka jest nazywana "Dunajem Azji"?;Mekong;Irawadi;Saluin;Menam
Geografia i Turystyka;Kontynenty i Regiony Świata;trudne;Jak nazywa się stolica Filipin?;Manila;Cebu;Davao;Quezon City
Geografia i Turystyka;Kontynenty i Regiony Świata;trudne;W którym państwie znajduje się największa buddyjska świątynia Borobudur?;Indonezja;Birma;Laos;Brunei
Geografia i Turystyka;Kontynenty i Regiony Świata;bardzo trudne;Która linia biogeograficzna oddziela faunę azjatycką od australijskiej?;Linia Wallace'a;Linia Webera;Linia Lydekkera;Linia Curzona
Geografia i Turystyka;Kontynenty i Regiony Świata;bardzo trudne;Jak nazywa się czynny wulkan na wyspie Jawa, znany z niebieskiego ognia siarkowego?;Ijen;Bromo;Merapi;Krakatau
Geografia i Turystyka;Kontynenty i Regiony Świata;bardzo trudne;Który kraj regionu jako jedyny nigdy nie był formalną kolonią europejską?;Tajlandia (Syjam);Wietnam;Malezja;Birma
Geografia i Turystyka;Kontynenty i Regiony Świata;bardzo trudne;Jak nazywa się największe jezioro słodkowodne w Azji Południowo-Wschodniej?;Tonle Sap;Toba;Inle;Laguna de Bay
Geografia i Turystyka;Geologia i Zjawiska Naturalne;łatwe;Jak nazywa się gorąca masa skalna wydobywająca się na powierzchnię podczas erupcji?;Lawa;Magma;Popiół;Tefra
Geografia i Turystyka;Geologia i Zjawiska Naturalne;łatwe;Który wulkan zniszczył starożytne Pompeje?;Wezuwiusz;Etna;Stromboli;Santorini
Geografia i Turystyka;Geologia i Zjawiska Naturalne;trudne;Jak nazywa się skala służąca do pomiaru energii (magnitudy) trzęsienia ziemi?;Skala Richtera;Skala Beauforta;Skala Celsjusza;Skala Mohsa
Geografia i Turystyka;Geologia i Zjawiska Naturalne;trudne;Gdzie znajduje się tzw. Pierścień Ognia, obszar o największej aktywności sejsmicznej?;Ocean Spokojny;Ocean Atlantycki;Ocean Indyjski;Morze Śródziemne
Geografia i Turystyka;Geologia i Zjawiska Naturalne;trudne;Jak nazywa się fala morska wywołana podmorskim trzęsieniem ziemi?;Tsunami;Szkwał;Pływ;Sule
Geografia i Turystyka;Geologia i Zjawiska Naturalne;trudne;Który wulkan jest najwyższym aktywnym wulkanem w Europie?;Etna;Hekla;Teide;Wezuwiusz
Geografia i Turystyka;Geologia i Zjawiska Naturalne;bardzo trudne;Jak nazywa się przyrząd służący do rejestrowania drgań skorupy ziemskiej?;Sejsmograf;Barometr;Higrometr;Anemometr
Geografia i Turystyka;Geologia i Zjawiska Naturalne;bardzo trudne;Która skala służy do opisu intensywności trzęsienia ziemi na podstawie zniszczeń?;Skala Mercallego;Skala Fujity;Skala Saffira-Simpsona;Skala Kelvina
Geografia i Turystyka;Geologia i Zjawiska Naturalne;bardzo trudne;Jak nazywa się zapadlisko powstałe po gwałtownym opróżnieniu komory magmowej wulkanu?;Kaldera;Krater;Stożek;Fumarola
Geografia i Turystyka;Geologia i Zjawiska Naturalne;bardzo trudne;W którym roku miała miejsce katastrofalna erupcja wulkanu Krakatau?;1883;1902;1980;1783
Geografia i Turystyka;Stolice, Państwa i Flagi;łatwe;Które miasto jest stolicą Niemiec?;Berlin;Monachium;Hamburg;Frankfurt
Geografia i Turystyka;Stolice, Państwa i Flagi;łatwe;Jak nazywa się stolica Hiszpanii?;Madryt;Barcelona;Sewilla;Walencja
Geografia i Turystyka;Stolice, Państwa i Flagi;trudne;Które miasto jest stolicą Portugalii?;Lizbona;Porto;Faro;Coimbra
Geografia i Turystyka;Stolice, Państwa i Flagi;trudne;Jak nazywa się stolica Brazylii?;Brasilia;Rio de Janeiro;Sao Paulo;Salvador
Geografia i Turystyka;Stolice, Państwa i Flagi;trudne;Które miasto jest stolicą Indii?;Nowe Delhi;Bombaj;Kalkuta;Madras
Geografia i Turystyka;Stolice, Państwa i Flagi;trudne;Jak nazywa się stolica Australii?;Canberra;Sydney;Melbourne;Perth
Geografia i Turystyka;Stolice, Państwa i Flagi;bardzo trudne;Jak nazywa się stolica Wietnamu?;Hanoi;Ho Chi Minh;Da Nang;Hue
Geografia i Turystyka;Stolice, Państwa i Flagi;bardzo trudne;Które miasto jest stolicą Maroka?;Rabat;Marrakesz;Casablanca;Fez
Geografia i Turystyka;Stolice, Państwa i Flagi;bardzo trudne;Jak nazywa się stolica Kanady?;Ottawa;Toronto;Montreal;Vancouver
Geografia i Turystyka;Stolice, Państwa i Flagi;bardzo trudne;Które miasto jest stolicą Szwajcarii?;Berno;Zurych;Genewa;Lozanna
Geografia i Turystyka;Wody Świata - Rzeki, Jeziora, Morza;łatwe;Które jezioro jest najgłębsze na świecie?;Bajkał;Tanganika;Górne;Kaspijskie
Geografia i Turystyka;Wody Świata - Rzeki, Jeziora, Morza;łatwe;Na granicy których państw leży jezioro Titicaca?;Peru i Boliwii;Brazylii i Argentyny;USA i Kanady;Kenii i Tanzanii
Geografia i Turystyka;Wody Świata - Rzeki, Jeziora, Morza;trudne;Jak nazywa się największe jezioro w Afryce?;Wiktoria;Tanganika;Niasa;Czadu
Geografia i Turystyka;Wody Świata - Rzeki, Jeziora, Morza;trudne;Które z Wielkich Jezior Ameryki Północnej jest największe?;Górne;Michigan;Huron;Ontario
Geografia i Turystyka;Wody Świata - Rzeki, Jeziora, Morza;trudne;Gdzie znajduje się jezioro Maracaibo, bogate w złoża ropy naftowej?;Wenezuela;Kolumbia;Meksyk;Boliwia
Geografia i Turystyka;Wody Świata - Rzeki, Jeziora, Morza;trudne;Jak nazywa się najniżej położone jezioro na świecie?;Morze Martwe;Morze Kaspijskie;Jezioro Assal;Jezioro Tyberiadzkie
Geografia i Turystyka;Wody Świata - Rzeki, Jeziora, Morza;bardzo trudne;Jak nazywa się największe jezioro podlodowcowe na Antarktydzie?;Wostok;Erie;Ładoga;Vanda
Geografia i Turystyka;Wody Świata - Rzeki, Jeziora, Morza;bardzo trudne;Które jezioro w Europie jest największe pod względem powierzchni?;Ładoga;Onega;Wener;Balaton
Geografia i Turystyka;Wody Świata - Rzeki, Jeziora, Morza;bardzo trudne;Jak nazywa się słone jezioro w Australii, które wypełnia się wodą raz na kilkanaście lat?;Eyre;Torrens;Gairdner;Frome
Geografia i Turystyka;Wody Świata - Rzeki, Jeziora, Morza;bardzo trudne;Które jezioro środkowoazjatyckie niemal całkowicie wyschło wskutek działalności człowieka?;Morze Aralskie;Bałchasz;Issyk-kul;Zajsan
Geografia i Turystyka;Azja i Rosja;łatwe;Które miasto jest stolicą Rosji?;Moskwa;Sankt Petersburg;Nowosybirsk;Władywostok
Geografia i Turystyka;Azja i Rosja;łatwe;Jak nazywają się góry stanowiące umowną granicę między Europą a Azją?;Ural;Kaukaz;Himalaje;Ałtaj
Geografia i Turystyka;Azja i Rosja;trudne;Które jezioro jest najgłębszym jeziorem na świecie?;Bajkał;Morze Kaspijskie;Ładoga;Issyk-kul
Geografia i Turystyka;Azja i Rosja;trudne;Jak nazywa się największy półwysep Rosji położony na Dalekim Wschodzie?;Kamczatka;Krym;Kola;Tajmyr
Geografia i Turystyka;Azja i Rosja;trudne;Która rzeka syberyjska jest najdłuższa (licząc z Angarą i Selengą)?;Jenisej;Ob;Lena;Wołga
Geografia i Turystyka;Azja i Rosja;trudne;Który kraj Azji Środkowej jest największym państwem śródlądowym świata?;Kazachstan;Uzbekistan;Mongolia;Turkmenistan
Geografia i Turystyka;Azja i Rosja;bardzo trudne;Jak nazywa się najwyższy szczyt Kaukazu (i według niektórych interpretacji Europy)?;Elbrus;Kazbek;Dychtau;Szchara
Geografia i Turystyka;Azja i Rosja;bardzo trudne;Która rzeka Azji Środkowej uchodziła dawniej do Jeziora Aralskiego, a obecnie niemal do niego nie dociera?;Amu-daria;Irtysz;Wołga;Indus
Geografia i Turystyka;Azja i Rosja;bardzo trudne;Jak nazywa się pustynia zajmująca większość terytorium Turkmenistanu?;Karakum;Kyzył-kum;Gobi;Takla Makan
Geografia i Turystyka;Azja i Rosja;bardzo trudne;W którym mieście znajduje się kosmodrom Bajkonur?;W Kazachstanie;W Rosji;W Uzbekistanie;W Mongolii
Geografia i Turystyka;Góry i Szczyty;łatwe;W którym państwie leży szczyt Mont Blanc?;Francja;Włochy;Szwajcaria;Austria
Geografia i Turystyka;Góry i Szczyty;łatwe;Jak nazywa się najdłuższy łańcuch górski na świecie (na lądzie)?;Andy;Kordyliery;Himalaje;Alpy
Geografia i Turystyka;Góry i Szczyty;trudne;Który szczyt jest nazywany "Górą Mordercą" ze względu na trudność wspinaczki?;K2;Mount Everest;Lhotse;Annapurna
Geografia i Turystyka;Góry i Szczyty;trudne;W których górach znajduje się legendarna kraina Machu Picchu?;Andy;Himalaje;Góry Skaliste;Atlas
Geografia i Turystyka;Góry i Szczyty;trudne;Jak nazywa się najwyższy szczyt Gór Skalistych?;Mount Elbert;Mount Whitney;Mount Rainier;Denali
Geografia i Turystyka;Góry i Szczyty;trudne;Który łańcuch górski oddziela Półwysep Indyjski od Tybetu?;Himalaje;Karakorum;Hindukusz;Tienszan
Geografia i Turystyka;Góry i Szczyty;bardzo trudne;Jak nazywa się najwyższy szczyt Antarktydy?;Masyw Vinsona;Góra Erebus;Mount Tyree;Mount Shinn
Geografia i Turystyka;Góry i Szczyty;bardzo trudne;W jakim państwie znajduje się góra Ararat, gdzie według Biblii osiadła Arka Noego?;Turcja;Armenia;Iran;Gruzja
Geografia i Turystyka;Góry i Szczyty;bardzo trudne;Jak nazywa się najwyższy szczyt Etiopii i całych Wyżyn Abisyńskich?;Ras Daszan;Kilimandżaro;Mount Kenya;Jebel Toubkal
Geografia i Turystyka;Góry i Szczyty;bardzo trudne;Która przełęcz w Alpach słynie z wielkiego tunelu drogowego i kolejowego łączącego Szwajcarię z Włochami?;Świętego Gotarda;Brennerska;Mont Cenis;Simplon
Geografia i Turystyka;Wody Świata - Rzeki, Jeziora, Morza;łatwe;Która rzeka przepływa przez Londyn?;Tamiza;Sekwana;Tyber;Dunaj
Geografia i Turystyka;Wody Świata - Rzeki, Jeziora, Morza;łatwe;Przez które miasto przepływa Sekwana?;Paryż;Lyon;Marsylia;Bordeaux
Geografia i Turystyka;Wody Świata - Rzeki, Jeziora, Morza;trudne;Która rzeka jest najdłuższa w Ameryce Północnej (wraz z dopływem)?;Missouri-Missisipi;Jukon;Mackenzie;Rio Grande
Geografia i Turystyka;Wody Świata - Rzeki, Jeziora, Morza;trudne;Przez terytorium ilu państw przepływa rzeka Dunaj?;10;7;12;5
Geografia i Turystyka;Wody Świata - Rzeki, Jeziora, Morza;trudne;Jak nazywa się najdłuższa rzeka Chin i całej Azji?;Jangcy;Huang He;Mekong;Amur
Geografia i Turystyka;Wody Świata - Rzeki, Jeziora, Morza;trudne;Która rzeka Afryki przecina równik dwukrotnie?;Kongo;Nil;Niger;Zambezi
Geografia i Turystyka;Wody Świata - Rzeki, Jeziora, Morza;bardzo trudne;Jak nazywa się największy dopływ Amazonki?;Maderia;Negro;Xingu;Tapajós
Geografia i Turystyka;Wody Świata - Rzeki, Jeziora, Morza;bardzo trudne;W której części świata płynie rzeka Murray, tworząca system rzeczny z rzeką Darling?;Australia;Afryka;Azja;Ameryka Południowa
Geografia i Turystyka;Wody Świata - Rzeki, Jeziora, Morza;bardzo trudne;Jak nazywa się ujście rzeki o kształcie szerokiego lejka?;Estuarium;Delta;Dorzecze;Przełom
Geografia i Turystyka;Wody Świata - Rzeki, Jeziora, Morza;bardzo trudne;Która rzeka europejska wpada do Morza Azowskiego?;Don;Dniepr;Dniestr;Kubań
Geografia i Turystyka;Azja i Rosja;łatwe;Jak nazywa się stolica Australii?;Canberra;Sydney;Melbourne;Perth
Geografia i Turystyka;Azja i Rosja;łatwe;Które zwierzę jest symbolem Australii i widnieje w jej herbie?;Kangur;Koala;Dingo;Wombat
Geografia i Turystyka;Azja i Rosja;trudne;Jak nazywa się największy system raf koralowych świata u wybrzeży Queenslandu?;Wielka Rafa Koralowa;Rafa Ningaloo;Rafa Belizeńska;Rafa koralowa Morza Czerwonego
Geografia i Turystyka;Azja i Rosja;trudne;Która góra jest najwyższym szczytem kontynentalnej Australii?;Góra Kościuszki;Mount Cook;Mount Wilhelm;Mauna Kea
Geografia i Turystyka;Azja i Rosja;trudne;Jak nazywa się największa rzeka Australii?;Murray;Darling;Ord;Swan
Geografia i Turystyka;Azja i Rosja;trudne;Która pustynia w Australii jest największa pod względem powierzchni?;Wielka Pustynia Wiktorii;Pustynia Gibsona;Pustynia Simpsona;Wielka Pustynia Piaszczysta
Geografia i Turystyka;Azja i Rosja;bardzo trudne;Jak nazywa się cieśnina oddzielająca Australię od Tasmanii?;Cieśnina Bassa;Cieśnina Torresa;Cieśnina Cooka;Cieśnina Magellana
Geografia i Turystyka;Azja i Rosja;bardzo trudne;W którym stanie Australii znajduje się formacja skalna znana jako Dwunastu Apostołów?;Wiktoria;Nowa Południowa Walia;Queensland;Australia Zachodnia
Geografia i Turystyka;Azja i Rosja;bardzo trudne;Jak nazywa się największa wyspa piaszczysta świata położona u wybrzeży Australii?;Fraser (K'gari);Kangura;Tasmania;Barrow
Geografia i Turystyka;Azja i Rosja;bardzo trudne;Które jezioro jest najniższym punktem Australii, będąc zazwyczaj suchym solniskiem?;Jezioro Eyre;Jezioro Torrens;Jezioro Gairdner;Jezioro Mackay
Geografia i Turystyka;Geologia i Zjawiska Naturalne;łatwe;Która strefa klimatyczna charakteryzuje się brakiem pór roku i codziennymi opadami?;Równikowa;Pustynna;Umiarkowana;Polarna
Geografia i Turystyka;Geologia i Zjawiska Naturalne;łatwe;Jak nazywa się zjawisko ocieplenia atmosfery ziemskiej przez gazy takie jak CO2?;Efekt cieplarniany;Dziura ozonowa;El Niño;Smog
Geografia i Turystyka;Geologia i Zjawiska Naturalne;trudne;Jak nazywa się wiatr sezonowy w Azji Południowej, przynoszący gwałtowne opady?;Monsun;Pasat;Mistral;Halny
Geografia i Turystyka;Geologia i Zjawiska Naturalne;trudne;Która warstwa atmosfery chroni nas przed szkodliwym promieniowaniem UV?;Ozonosfera;Troposfera;Jonosfera;Egzosfera
Geografia i Turystyka;Geologia i Zjawiska Naturalne;trudne;Jak nazywa się linia na mapie łącząca punkty o tej samej temperaturze?;Izoterma;Izobara;Izohieta;Izohalina
Geografia i Turystyka;Geologia i Zjawiska Naturalne;trudne;Który prąd morski odpowiada za łagodny klimat Europy Zachodniej?;Północnoatlantycki (Golfsztrom);Benguelski;Labradorski;Kanaryjski
Geografia i Turystyka;Geologia i Zjawiska Naturalne;bardzo trudne;Jak nazywa się wskaźnik albedo?;Stosunek promieniowania odbitego do padającego;Ciśnienie pary wodnej;Prędkość wiatru;Wilgotność gleby
Geografia i Turystyka;Geologia i Zjawiska Naturalne;bardzo trudne;Która klasyfikacja klimatów opiera się na temperaturze i opadach, dzieląc świat na 5 głównych grup (A-E)?;Klasyfikacja Köppena;Skala Beauforta;Skala Saffira-Simpsona;Model Hadley'a
Geografia i Turystyka;Geologia i Zjawiska Naturalne;bardzo trudne;Jak nazywa się okresowe zjawisko pogodowe polegające na utrzymywaniu się ponadprzeciętnie wysokiej temperatury na powierzchni wód wschodniego Pacyfiku?;El Niño;La Niña;Monsun;Cyklon
Geografia i Turystyka;Geologia i Zjawiska Naturalne;bardzo trudne;Gdzie odnotowano najwyższą temperaturę powietrza na Ziemi (około 56,7°C)?;Dolina Śmierci (USA);Al-Azizija (Libia);Dast-e Lut (Iran);Sahara (Algieria)
Geografia i Turystyka;Parki i Rozrywka;łatwe;Który park narodowy w USA był pierwszym na świecie?;Yellowstone;Yosemite;Grand Canyon;Zion
Geografia i Turystyka;Parki i Rozrywka;łatwe;Gdzie znajduje się Park Narodowy Serengeti, znany z wielkiej migracji zwierząt?;Tanzania;Kenia;RPA;Etiopia
Geografia i Turystyka;Parki i Rozrywka;trudne;W którym kraju znajduje się Park Narodowy Torres del Paine?;Chile;Argentyna;Brazylia;Peru
Geografia i Turystyka;Parki i Rozrywka;trudne;Który polski park narodowy chroni największe obszary bagienne w Europie Środkowej?;Biebrzański PN;Kampinoski PN;Ujście Warty;Narwiański PN
Geografia i Turystyka;Parki i Rozrywka;trudne;Jak nazywa się park narodowy w USA słynący z gigantycznych drzew?;Sekwoja (Sequoia NP);Everglades;Arches;Olympic
Geografia i Turystyka;Parki i Rozrywka;trudne;Gdzie znajduje się Park Narodowy Fiordland?;Nowa Zelandia;Norwegia;Islandia;Kanada
Geografia i Turystyka;Parki i Rozrywka;bardzo trudne;Jak nazywa się największy park narodowy na świecie?;Park Narodowy Grenlandii;Wrangell-St. Elias;Kruger;Northeast Greenland NP
Geografia i Turystyka;Parki i Rozrywka;bardzo trudne;W którym państwie znajduje się Park Narodowy Canaima ze słynną górą Roraima?;Wenezuela;Kolumbia;Gujana;Brazylia
Geografia i Turystyka;Parki i Rozrywka;bardzo trudne;Który park narodowy w Australii słynie z malowideł naskalnych Aborygenów i krokodyli?;Kakadu;Uluru-Kata Tjuta;Blue Mountains;Daintree
Geografia i Turystyka;Parki i Rozrywka;bardzo trudne;Jak nazywa się park narodowy w Chorwacji słynący z kaskadowych jezior?;Jeziora Plitwickie;Krka;Paklenica;Kornati
Geografia i Turystyka;Geologia i Zjawiska Naturalne;łatwe;Jak nazywa się wiatr wiejący w Tatrach, będący wiatrem typu fenowego?;Halny;Bora;Mistral;Sirocco
Geografia i Turystyka;Geologia i Zjawiska Naturalne;łatwe;Jak nazywa się urządzenie służące do pomiaru ciśnienia atmosferycznego?;Barometr;Termometr;Higrometr;Anemometr
Geografia i Turystyka;Geologia i Zjawiska Naturalne;trudne;Jak nazywa się gwałtowny, wirujący prąd powietrza łączący chmurę burzową z ziemią (w Ameryce Północnej)?;Tornado;Cyklon;Antycyklon;Monsun
Geografia i Turystyka;Geologia i Zjawiska Naturalne;trudne;Jak nazywa się proces bezpośredniego przejścia pary wodnej w stan stały (lód)?;Resublimacja;Sublimacja;Kondensacja;Ewaporacja
Geografia i Turystyka;Geologia i Zjawiska Naturalne;trudne;Jak nazywają się chmury piętra wysokiego, zwane potocznie "pierzystymi"?;Cirrus;Cumulus;Stratus;Nimbus
Geografia i Turystyka;Geologia i Zjawiska Naturalne;trudne;Jak nazywa się granica między dwiema masami powietrza o różnych właściwościach?;Front atmosferyczny;Izobara;Tropopauza;Pasat
Geografia i Turystyka;Geologia i Zjawiska Naturalne;bardzo trudne;Jak nazywa się zjawisko optyczne polegające na pojawieniu się barwnego łuku wokół Słońca lub Księżyca?;Halo;Miraż;Zorza polarna;Widmo Brockenu
Geografia i Turystyka;Geologia i Zjawiska Naturalne;bardzo trudne;Która warstwa atmosfery charakteryzuje się wzrostem temperatury wraz z wysokością ze względu na pochłanianie UV przez ozon?;Stratosfera;Troposfera;Mezosfera;Egzosfera
Geografia i Turystyka;Geologia i Zjawiska Naturalne;bardzo trudne;Jak nazywa się wiatr wiejący od lądu w stronę morza w nocy?;Bryza lądowa;Bryza morska;Monsun zimowy;Pasat
Geografia i Turystyka;Geologia i Zjawiska Naturalne;bardzo trudne;Jak nazywa się linia na mapie łącząca punkty o tym samym nasłonecznieniu?;Izohela;Izoterma;Izobara;Izohieta
Geografia i Turystyka;Azja i Rosja;łatwe;Jak nazywa się najgłębsze jezioro świata położone w Rosji?;Bajkał;Ładoga;Onega;Morze Kaspijskie
Geografia i Turystyka;Azja i Rosja;łatwe;Jak nazywają się góry oddzielające Europę od Azji?;Ural;Kaukaz;Ałtaj;Sajany
Geografia i Turystyka;Azja i Rosja;trudne;Która rzeka jest najdłuższa w Europie i uchodzi do Morza Kaspijskiego?;Wołga;Don;Dniepr;Ob
Geografia i Turystyka;Azja i Rosja;trudne;Jak nazywa się największy półwysep Rosji?;Tajmyr;Kamczatka;Kola;Jamal
Geografia i Turystyka;Azja i Rosja;trudne;Które miasto jest najważniejszym portem Rosji nad Oceanem Spokojnym?;Władywostok;Magadan;Murmańsk;Archangielsk
Geografia i Turystyka;Azja i Rosja;trudne;Jak nazywa się najwyższy szczyt Kaukazu i Rosji?;Elbrus;Kazbek;Dychtau;Szchara
Geografia i Turystyka;Azja i Rosja;bardzo trudne;Która rzeka syberyjska powstaje z połączenia rzek Biia i Katun?;Ob;Jenisej;Lena;Amur
Geografia i Turystyka;Azja i Rosja;bardzo trudne;Jak nazywa się kraina geograficzna w Rosji charakteryzująca się największymi na świecie bagnami (Bagna Wasiugańskie)?;Nizina Zachodniosyberyjska;Wyżyna Środkowosyberyjska;Nizina Wschodnioeuropejska;Góry Czerskiego
Geografia i Turystyka;Azja i Rosja;bardzo trudne;Która wyspa rosyjska jest największą wyspą tego kraju?;Sachalin;Nowa Ziemia;Wyspa Wrangla;Ziemia Północna
Geografia i Turystyka;Azja i Rosja;bardzo trudne;Jak nazywa się cieśnina oddzielająca Sachalin od lądu azjatyckiego?;Cieśnina Tatarska;Cieśnina Beringa;Cieśnina Wilkickiego;Cieśnina La Pérouse’a
Geografia i Turystyka;Azja i Rosja;łatwe;Jak nazywa się stolica Chin?;Pekin;Szanghaj;Kanton;Hongkong
Geografia i Turystyka;Azja i Rosja;łatwe;Która budowla obronna w Chinach jest widoczna z orbity okołoziemskiej?;Wielki Mur Chiński;Zakazane Miasto;Terakotowa Armia;Wieża Szanghajska
Geografia i Turystyka;Azja i Rosja;trudne;Jak nazywa się najdłuższa rzeka Chin?;Jangcy;Huang He;Mekong;Amur
Geografia i Turystyka;Azja i Rosja;trudne;Która rzeka jest nazywana "Żółtą Rzeką"?;Huang He;Jangcy;Xi Jiang;Liao He
Geografia i Turystyka;Azja i Rosja;trudne;Jak nazywa się najwyższy płaskowyż świata leżący w zachodnich Chinach?;Wyżyna Tybetańska;Wyżyna Junnan-Kuejczou;Wyżyna Mongolska;Płaskowyż Lessowy
Geografia i Turystyka;Azja i Rosja;trudne;Które miasto jest największym portem i centrum finansowym Chin kontynentalnych?;Szanghaj;Tiencin;Shenzhen;Wuhan
Geografia i Turystyka;Azja i Rosja;bardzo trudne;Jak nazywa się największa pustynia piaszczysta w Chinach, leżąca w kotlinie Kaszgarskiej?;Takla Makan;Gobi;Ałaszan;Ordos
Geografia i Turystyka;Azja i Rosja;bardzo trudne;Która chińska wyspa jest uznawana za "chińskie Hawaje" ze względu na tropikalny klimat?;Hajnan;Tajwan;Chusan;Lamma
Geografia i Turystyka;Azja i Rosja;bardzo trudne;Jak nazywa się ogromna tama na rzece Jangcy, będąca największą elektrownią wodną świata?;Zapora Trzech Przełomów;Tama Gezhouba;Tama Xiluodu;Tama Baihetan
Geografia i Turystyka;Azja i Rosja;bardzo trudne;Które góry stanowią granicę między Chinami a Indiami i Nepalem?;Himalaje;Kunlun;Tienszan;Karakorum
Geografia i Turystyka;Afryka - Geografia i Przyroda;łatwe;Jak nazywa się najdłuższa rzeka świata płynąca przez Egipt?;Nil;Kongo;Niger;Zambezi
Geografia i Turystyka;Afryka - Geografia i Przyroda;łatwe;Który ocean oblewa Afrykę od strony zachodniej?;Atlantycki;Indyjski;Spokojny;Arktyczny
Geografia i Turystyka;Afryka - Geografia i Przyroda;trudne;Jak nazywa się największe jezioro Afryki?;Wiktoria;Tanganika;Niasa;Czadu
Geografia i Turystyka;Afryka - Geografia i Przyroda;trudne;Które państwo afrykańskie posiada największą liczbę ludności?;Nigeria;Etiopia;Egipt;RPA
Geografia i Turystyka;Afryka - Geografia i Przyroda;trudne;Jak nazywa się cieśnina oddzielająca Afrykę od Półwyspu Arabskiego?;Bab al-Mandab;Gibraltarska;Bosfor;Mozambicka
Geografia i Turystyka;Afryka - Geografia i Przyroda;trudne;Która pustynia w południowej Afryce słynie z czerwonych wydm?;Namib;Sahara;Kalahari;Libijska
Geografia i Turystyka;Afryka - Geografia i Przyroda;bardzo trudne;Jak nazywa się najwyższy szczyt Gór Atlas?;Dżabal Tubkal;Kilimandżaro;Góra Kenia;Margherita
Geografia i Turystyka;Afryka - Geografia i Przyroda;bardzo trudne;Który przylądek stanowi najdalej na wschód wysunięty punkt Afryki?;Ras Hafun;Przylądek Zielony;Przylądek Igielny;Przylądek Guardafui
Geografia i Turystyka;Afryka - Geografia i Przyroda;bardzo trudne;Jak nazywa się bezodpływowe jezioro w środkowej Afryce, którego powierzchnia drastycznie maleje?;Czadu;Turkana;Tana;Mai-Ndombe
Geografia i Turystyka;Afryka - Geografia i Przyroda;bardzo trudne;Przez terytorium którego kraju płynie rzeka Limpopo?;RPA;Sudan;Algieria;Angola
Geografia i Turystyka;Regiony Europy;łatwe;Które miasto jest stolicą Litwy?;Wilno;Ryga;Tallinn;Kowno
Geografia i Turystyka;Regiony Europy;łatwe;W którym kraju znajduje się miasto Ryga?;Łotwa;Estonia;Litwa;Finlandia
Geografia i Turystyka;Regiony Europy;trudne;Który z krajów bałtyckich posiada najwięcej wysp?;Estonia;Litwa;Łotwa;Obwód Królewiecki
Geografia i Turystyka;Regiony Europy;trudne;Jak nazywa się piaszczysty półwysep dzielony przez Litwę i Rosję?;Mierzeja Kurońska;Mierzeja Wiślana;Mierzeja Helska;Półwysep Kolski
Geografia i Turystyka;Regiony Europy;trudne;Jak nazywa się najwyższe wzniesienie Estonii (i całych krajów bałtyckich)?;Suur Munamägi;Gaiziņkalns;Aukštojas;Wieżyca
Geografia i Turystyka;Regiony Europy;trudne;Która rzeka przepływa przez Wilno?;Wilia (Neris);Dźwina;Niemen;Pregoła
Geografia i Turystyka;Regiony Europy;bardzo trudne;Jak nazywa się największa wyspa Estonii?;Saaremaa;Hiiumaa;Vormsi;Muhu
Geografia i Turystyka;Regiony Europy;bardzo trudne;Które miasto na Litwie jest głównym portem morskim kraju?;Kłajpeda;Połąga;Szawle;Poniewież
Geografia i Turystyka;Regiony Europy;bardzo trudne;Jak nazywa się łotewska kraina historyczna leżąca na południu, ze stolicą w Jełgawie?;Semigalia;Kurlandia;Latgalia;Inflanty
Geografia i Turystyka;Regiony Europy;bardzo trudne;Który z krajów bałtyckich nie ma dostępu do Zatoki Fińskiej?;Litwa;Estonia;Łotwa;Wszystkie mają
Geografia i Turystyka;Metropolie i Miasta Świata;łatwe;Jak nazywa się stolica Wielkiej Brytanii?;Londyn;Edynburg;Cardiff;Belfast
Geografia i Turystyka;Metropolie i Miasta Świata;łatwe;Która rzeka przepływa przez Londyn?;Tamiza;Sekwana;Tyber;Wisła
Geografia i Turystyka;Metropolie i Miasta Świata;trudne;Jak nazywa się najwyższy szczyt Wysp Brytyjskich?;Ben Nevis;Snowdon;Scafell Pike;Slieve Donard
Geografia i Turystyka;Metropolie i Miasta Świata;trudne;Która część Zjednoczonego Królestwa leży na wyspie Irlandia?;Irlandia Północna;Walia;Szkocja;Kornwalia
Geografia i Turystyka;Metropolie i Miasta Świata;trudne;Jak nazywa się słynny krąg kamienny w Anglii?;Stonehenge;Avebury;Skara Brae;Hadrian's Wall
Geografia i Turystyka;Metropolie i Miasta Świata;trudne;Które miasto brytyjskie słynie jako kolebka rewolucji przemysłowej?;Manchester;Liverpool;Birmingham;Leeds
Geografia i Turystyka;Metropolie i Miasta Świata;bardzo trudne;Jak nazywa się kanał oddzielający Anglię od Francji?;Kanał La Manche;Cieśnina Kaletańska;Morze Północne;Cieśnina Św. Jerzego
Geografia i Turystyka;Metropolie i Miasta Świata;bardzo trudne;Która wyspa leżąca na Morzu Irlandzkim ma status dependencji Korony Brytyjskiej?;Wyspa Man;Wight;Anglesey;Jersey
Geografia i Turystyka;Metropolie i Miasta Świata;bardzo trudne;Jak nazywa się kraina geograficzna w Szkocji charakteryzująca się górzystym terenem i wrzosowiskami?;Highlands;Lowlands;Pennines;The Fens
Geografia i Turystyka;Metropolie i Miasta Świata;bardzo trudne;Które jezioro w Szkocji jest największe pod względem objętości wody?;Loch Ness;Loch Lomond;Loch Tay;Loch Awe
Geografia i Turystyka;Kontynenty i Regiony Świata;łatwe;Który kontynent jest największy pod względem powierzchni?;Azja;Afryka;Ameryka Północna;Europa
Geografia i Turystyka;Kontynenty i Regiony Świata;trudne;Który zamieszkany kontynent ma najmniejszą liczbę ludności?;Australia;Ameryka Południowa;Afryka;Europa
Geografia i Turystyka;Kontynenty i Regiony Świata;bardzo trudne;Wzdłuż jakiego pasma górskiego przebiega umowna granica między Europą a Azją?;Ural;Kaukaz;Karpaty;Ałtaj
Geografia i Turystyka;Kontynenty i Regiony Świata;bardzo trudne;Który kontynent jako jedyny leży we wszystkich czterech półkulach: północnej, południowej, wschodniej i zachodniej?;Afryka;Azja;Ameryka Południowa;Europa
Geografia i Turystyka;Polska - Regiony i Miasta;trudne;Które miasto jest największym portem morskim Polski?;Gdańsk;Szczecin;Gdynia;Świnoujście
Geografia i Turystyka;Polska - Regiony i Miasta;trudne;W którym województwie leży Wrocław?;Dolnośląskie;Opolskie;Lubuskie;Wielkopolskie
Geografia i Turystyka;Polska - Regiony i Miasta;bardzo trudne;Które miasto uznawane jest za najstarszą stolicę Polski, sprzed Krakowa i Warszawy?;Gniezno;Poznań;Płock;Kraków
Geografia i Turystyka;Polska - Regiony i Miasta;bardzo trudne;W którym roku Wrocław powrócił do granic Polski po II wojnie światowej?;1945;1939;1918;1950
Geografia i Turystyka;Polska - Przyroda i Atrakcje;trudne;W jakich górach znajduje się Morskie Oko?;Tatry;Bieszczady;Karkonosze;Sudety
Geografia i Turystyka;Polska - Przyroda i Atrakcje;bardzo trudne;Jak nazywa się najgłębsze jezioro w Polsce?;Hańcza;Śniardwy;Mamry;Wigry
Geografia i Turystyka;Polska - Przyroda i Atrakcje;bardzo trudne;W którym paśmie górskim leży Babia Góra?;Beskidy;Tatry;Bieszczady;Sudety
Geografia i Turystyka;Stolice, Państwa i Flagi;łatwe;Jaka jest stolica Francji?;Paryż;Lyon;Marsylia;Nicea
Geografia i Turystyka;Stolice, Państwa i Flagi;trudne;Ile gwiazd znajduje się na fladze Unii Europejskiej?;12;15;27;10
Geografia i Turystyka;Stolice, Państwa i Flagi;bardzo trudne;Jaka jest stolica Kazachstanu?;Astana;Ałmaty;Taszkent;Biszkek
Geografia i Turystyka;Stolice, Państwa i Flagi;bardzo trudne;Który kraj jako jedyny na świecie ma flagę o nieprostokątnym kształcie?;Nepal;Szwajcaria;Watykan;Tonga
Geografia i Turystyka;Góry i Szczyty;trudne;W którym paśmie górskim leży K2, drugi najwyższy szczyt świata?;Karakorum;Himalaje;Pamir;Hindukusz
Geografia i Turystyka;Góry i Szczyty;bardzo trudne;Jak nazywa się najwyższy szczyt Ameryki Południowej, leżący w Andach?;Aconcagua;Chimborazo;Huascarán;Illimani
Geografia i Turystyka;Góry i Szczyty;bardzo trudne;Jak nazywa się najwyższy szczyt Europy, licząc Kaukaz?;Elbrus;Mont Blanc;Dufourspitze;Grossglockner
Geografia i Turystyka;Wody Świata - Rzeki, Jeziora, Morza;łatwe;Jaka rzeka uznawana jest za najdłuższą na świecie?;Nil;Amazonka;Jangcy;Missisipi
Geografia i Turystyka;Wody Świata - Rzeki, Jeziora, Morza;trudne;Jakie jest największe jezioro słodkowodne świata pod względem powierzchni?;Jezioro Górne;Bajkał;Jezioro Wiktorii;Michigan
Geografia i Turystyka;Wody Świata - Rzeki, Jeziora, Morza;bardzo trudne;Jak nazywa się cieśnina oddzielająca Europę od Afryki?;Cieśnina Gibraltarska;Cieśnina Bosfor;Cieśnina Dardanele;Cieśnina Sund
Geografia i Turystyka;Wody Świata - Rzeki, Jeziora, Morza;bardzo trudne;Jak nazywa się największy zamknięty zbiornik wodny na świecie?;Morze Kaspijskie;Jezioro Wiktorii;Jezioro Bajkał;Morze Aralskie
Geografia i Turystyka;Pustynie, Dżungle i Ekstrema;trudne;Jak nazywa się najbardziej sucha pustynia świata, leżąca w Chile?;Atakama;Sahara;Gobi;Namib
Geografia i Turystyka;Pustynie, Dżungle i Ekstrema;bardzo trudne;Jak nazywa się największa pustynia lodowa na świecie, sklasyfikowana pod względem opadów?;Antarktyda;Arktyka;Gobi;Grenlandia
Geografia i Turystyka;Pustynie, Dżungle i Ekstrema;bardzo trudne;W którym kraju leży Dolina Śmierci, jedno z najgorętszych miejsc na Ziemi?;Stany Zjednoczone;Meksyk;Australia;Egipt
Geografia i Turystyka;Wyspy i Archipelagi;łatwe;Jak nazywa się największa wyspa świata?;Grenlandia;Nowa Gwinea;Madagaskar;Borneo
Geografia i Turystyka;Wyspy i Archipelagi;trudne;Do jakiego kraju należą Wyspy Kanaryjskie?;Hiszpania;Portugalia;Włochy;Francja
Geografia i Turystyka;Wyspy i Archipelagi;trudne;Jak nazywa się archipelag, którego unikalna fauna zainspirowała Karola Darwina?;Wyspy Galapagos;Wyspy Kanaryjskie;Malediwy;Seszele
Geografia i Turystyka;Wyspy i Archipelagi;bardzo trudne;Jak nazywa się największa wyspa Morza Śródziemnego?;Sycylia;Sardynia;Cypr;Kreta
Geografia i Turystyka;Wyspy i Archipelagi;bardzo trudne;Do jakiego kraju należą Wyspy Owcze?;Dania;Norwegia;Islandia;Szwecja
Geografia i Turystyka;Geologia i Zjawiska Naturalne;łatwe;Jak nazywa się gwałtowne drżenie powierzchni Ziemi wywołane ruchami płyt tektonicznych?;Trzęsienie ziemi;Tsunami;Erupcja;Huragan
Geografia i Turystyka;Geologia i Zjawiska Naturalne;trudne;Jak nazywa się aktywny wulkan na Sycylii, jeden z najbardziej aktywnych w Europie?;Etna;Wezuwiusz;Stromboli;Wulkano
Geografia i Turystyka;Geologia i Zjawiska Naturalne;trudne;Jak nazywa się słynny gejzer w Parku Yellowstone, znany z regularnych erupcji?;Old Faithful;Strokkur;Geysir;Great Fountain
Geografia i Turystyka;Geologia i Zjawiska Naturalne;bardzo trudne;Jak nazywa się strefa najwyższej aktywności sejsmicznej i wulkanicznej otaczająca Ocean Spokojny?;Pierścień Ognia;Rów Andyjski;Rów Mariański;Wielki Rów Wschodnioafrykański
Geografia i Turystyka;Geologia i Zjawiska Naturalne;bardzo trudne;Jak nazywa się najgłębszy punkt oceaniczny na Ziemi, leżący na Pacyfiku?;Rów Mariański;Rów Portoryko;Rów Peruwiańsko-Chilijski;Rów Japoński
Geografia i Turystyka;Architektura i Cuda Świata;łatwe;Jak nazywa się słynna wieża w Paryżu, symbol Francji?;Wieża Eiffla;Big Ben;Koloseum;Empire State Building
Geografia i Turystyka;Architektura i Cuda Świata;trudne;W którym kraju znajduje się Machu Picchu?;Peru;Boliwia;Ekwador;Chile
Geografia i Turystyka;Architektura i Cuda Świata;trudne;Jak nazywa się słynny grobowiec zbudowany przez Shah Jahana w Indiach?;Tadż Mahal;Czerwony Fort;Pałac Wiatrów;Złota Świątynia
Geografia i Turystyka;Architektura i Cuda Świata;bardzo trudne;W którym kraju znajduje się starożytne miasto Petra, wykute w skale?;Jordania;Egipt;Izrael;Syria
Geografia i Turystyka;Architektura i Cuda Świata;bardzo trudne;Ile obiektów liczyła oryginalna lista Siedmiu Cudów Świata Starożytności?;7;5;9;12
Geografia i Turystyka;Metropolie i Miasta Świata;łatwe;Jakie miasto jest największe pod względem liczby ludności w Japonii?;Tokio;Osaka;Kioto;Jokohama
Geografia i Turystyka;Metropolie i Miasta Świata;trudne;Jak nazywa się stolica Indii?;New Delhi;Mumbaj;Bangalore;Kalkuta
Geografia i Turystyka;Metropolie i Miasta Świata;trudne;Jakie miasto jest stolicą Nowej Zelandii?;Wellington;Auckland;Christchurch;Hamilton
Geografia i Turystyka;Metropolie i Miasta Świata;bardzo trudne;Jak nazywa się największe miasto świata leżące niemal w całości powyżej koła podbiegunowego, w Rosji?;Murmańsk;Tromsø;Reykjavik;Norylsk
Geografia i Turystyka;Metropolie i Miasta Świata;bardzo trudne;Jak nazywała się dawniej stolica Turcji, Stambuł, w czasach Bizancjum?;Konstantynopol;Bizancjum;Ankara;Smyrna
Geografia i Turystyka;Regiony Europy;łatwe;Jak nazywa się grupa krajów obejmująca Szwecję, Norwegię i Danię?;Skandynawia;Baltia;Beneluks;Nordyk
Geografia i Turystyka;Regiony Europy;trudne;Jakie trzy kraje wchodzą w skład Beneluksu?;Belgia, Holandia, Luksemburg;Belgia, Francja, Niemcy;Holandia, Dania, Niemcy;Belgia, Szwajcaria, Austria
Geografia i Turystyka;Regiony Europy;trudne;Jak nazywa się region Włoch, w którym leży Wenecja?;Wenecja Euganejska;Toskania;Lombardia;Piemont
Geografia i Turystyka;Regiony Europy;bardzo trudne;Jak nazywa się historyczny region Hiszpanii, gdzie mówi się językiem katalońskim?;Katalonia;Andaluzja;Galicja;Kastylia
Geografia i Turystyka;Regiony Europy;bardzo trudne;Jak nazywa się region Francji słynący z win musujących, który dał nazwę szampanowi?;Szampania;Burgundia;Bordeaux;Prowansja
Geografia i Turystyka;Azja i Rosja;łatwe;Który kraj jest największy na świecie pod względem powierzchni?;Rosja;Kanada;Chiny;Stany Zjednoczone
Geografia i Turystyka;Azja i Rosja;trudne;Jak nazywa się najgłębsze jezioro świata, leżące na Syberii?;Bajkał;Bałchasz;Jezioro Aralskie;Ładoga
Geografia i Turystyka;Azja i Rosja;trudne;Jakie miasto jest stolicą Chin?;Pekin;Szanghaj;Hongkong;Kanton
Geografia i Turystyka;Azja i Rosja;bardzo trudne;Jak nazywa się pasmo górskie stanowiące naturalną granicę między europejską a azjatycką częścią Rosji?;Ural;Kaukaz;Ałtaj;Sajany
Geografia i Turystyka;Azja i Rosja;bardzo trudne;Jak nazywa się najdłuższa linia kolejowa świata, łącząca Moskwę z Władywostokiem?;Kolej Transsyberyjska;Kolej Transkaspijska;Kolej Bajkalsko-Amurska;Orient Express
Geografia i Turystyka;Afryka - Geografia i Przyroda;łatwe;Jaka rzeka jest najdłuższa w Afryce?;Nil;Kongo;Niger;Zambezi
Geografia i Turystyka;Afryka - Geografia i Przyroda;trudne;Jak nazywa się słynny wodospad na granicy Zambii i Zimbabwe?;Wodospad Wiktorii;Wodospad Niagara;Wodospad Angel;Wodospad Iguazu
Geografia i Turystyka;Afryka - Geografia i Przyroda;bardzo trudne;Jak nazywa się rozpadlina tektoniczna ciągnąca się przez wschodnią Afrykę, znana z licznych jezior i wulkanów?;Wielki Rów Wschodnioafrykański;Rów Jordański;Rów Sueski;Rów Kalahari
Geografia i Turystyka;Afryka - Geografia i Przyroda;bardzo trudne;Jak nazywa się pustynia w Namibii, słynąca z czerwonych wydm?;Pustynia Namib;Kalahari;Sahara;Pustynia Nubijska
Geografia i Turystyka;Geografia Gospodarcza i Społeczna;łatwe;Jak nazywa się waluta obowiązująca w większości krajów Unii Europejskiej?;Euro;Dolar;Frank;Funt
Geografia i Turystyka;Geografia Gospodarcza i Społeczna;trudne;Który kraj jest obecnie największym producentem ropy naftowej na świecie?;Stany Zjednoczone;Arabia Saudyjska;Rosja;Kanada
Geografia i Turystyka;Geografia Gospodarcza i Społeczna;bardzo trudne;Który kraj ma obecnie największą liczbę ludności na świecie?;Indie;Chiny;Stany Zjednoczone;Indonezja
Geografia i Turystyka;Geografia Gospodarcza i Społeczna;bardzo trudne;Jak nazywa się wskaźnik mierzący łączną wartość dóbr i usług wytworzonych w kraju w danym roku?;Produkt Krajowy Brutto;Bilans handlowy;Wskaźnik inflacji;Parytet siły nabywczej
Geografia i Turystyka;Kartografia i Orientacja;łatwe;Jak nazywa się linia na mapie łącząca miejsca o tej samej szerokości geograficznej?;Równoleżnik;Południk;Izobata;Izoterma
Geografia i Turystyka;Kartografia i Orientacja;trudne;Jak nazywa się umowna linia o długości geograficznej 0 stopni, przechodząca przez Greenwich?;Południk zerowy;Równik;Zwrotnik Raka;Koło Podbiegunowe
Geografia i Turystyka;Kartografia i Orientacja;trudne;Jakim urządzeniem nawigacyjnym wyznacza się kierunek północny za pomocą pola magnetycznego Ziemi?;Kompas;Sekstant;GPS;Teodolit
Geografia i Turystyka;Kartografia i Orientacja;bardzo trudne;Jak nazywa się odwzorowanie kartograficzne zachowujące kąty, opracowane przez Gerarda Merkatora?;Odwzorowanie Merkatora;Odwzorowanie Robinsona;Odwzorowanie Mollweidego;Odwzorowanie Galla-Petersa
Geografia i Turystyka;Kartografia i Orientacja;bardzo trudne;Jak nazywa się linia łącząca punkty o jednakowej wysokości nad poziomem morza na mapie topograficznej?;Poziomica;Izobata;Izoterma;Południk
Geografia i Turystyka;Kultura i Zwyczaje w Podróży;łatwe;W której kulturze zwyczajowo zdejmuje się buty przed wejściem do domu?;Japońskiej;Francuskiej;Włoskiej;Hiszpańskiej
Geografia i Turystyka;Kultura i Zwyczaje w Podróży;trudne;Jak nazywa się indyjski zwyczaj powitalny polegający na złożeniu dłoni i lekkim skłonie?;Namaste;Salaam;Konnichiwa;Shalom
Geografia i Turystyka;Kultura i Zwyczaje w Podróży;trudne;W której kulturze podanie wizytówki obiema rękami uznawane jest za wyraz szacunku w biznesie?;Japońskiej;Amerykańskiej;Niemieckiej;Brytyjskiej
Geografia i Turystyka;Kultura i Zwyczaje w Podróży;bardzo trudne;Jak nazywa się tradycyjny, wielogodzinny rytuał parzenia kawy w Etiopii?;Ceremonia kawowa;Ceremonia herbaciana;Kanpai;Fika
Geografia i Turystyka;Kultura i Zwyczaje w Podróży;bardzo trudne;Jak nazywa się szwedzki zwyczaj przerwy na kawę połączonej ze słodką przekąską i rozmową?;Fika;Hygge;Lagom;Kaffeklatsch
Geografia i Turystyka;Transport Turystyczny;łatwe;W jakim mieście można podróżować charakterystycznymi łodziami zwanymi gondolami?;Wenecja;Amsterdam;Brugia;Sankt Petersburg
Geografia i Turystyka;Transport Turystyczny;trudne;Jak nazywa się słynny luksusowy pociąg pasażerski kursujący od XIX wieku między Paryżem a Stambułem?;Orient Express;TGV;Shinkansen;Eurostar
Geografia i Turystyka;Transport Turystyczny;trudne;Jak nazywa się tunel pod kanałem La Manche łączący Wielką Brytanię z Francją?;Eurotunnel;Tunel pod Mont Blanc;Tunel Gotarda;Tunel Seikan
Geografia i Turystyka;Transport Turystyczny;bardzo trudne;Jak nazywa się najdłuższy tunel kolejowy świata, otwarty w Szwajcarii w 2016 roku?;Tunel bazowy Gotarda;Eurotunnel;Tunel Seikan;Tunel Lötschberg
Geografia i Turystyka;Transport Turystyczny;bardzo trudne;Jak nazywa się japoński pociąg dużych prędkości, uruchomiony w 1964 roku jako jeden z pierwszych na świecie?;Shinkansen;Maglev;TGV;ICE
Geografia i Turystyka;Parki i Rozrywka;łatwe;W którym mieście znajduje się oryginalny park rozrywki Disneyland, otwarty w 1955 roku?;Anaheim;Orlando;Paryż;Tokio
Geografia i Turystyka;Parki i Rozrywka;trudne;Jak nazywa się najstarszy park narodowy świata, utworzony w USA w 1872 roku?;Yellowstone;Yosemite;Grand Canyon;Sekwoja
Geografia i Turystyka;Parki i Rozrywka;trudne;W którym kraju znajduje się park rozrywki Europa-Park, jeden z największych w Europie?;Niemcy;Francja;Holandia;Austria
Geografia i Turystyka;Parki i Rozrywka;bardzo trudne;Jak nazywa się najstarszy nadal działający park rozrywki świata, otwarty w Danii w 1583 roku?;Bakken;Tivoli;Efteling;Gröna Lund
Geografia i Turystyka;Parki i Rozrywka;bardzo trudne;W którym roku otwarto Disneyland Paris (EuroDisney)?;1992;1989;1995;1998
Geografia i Turystyka;Przyroda i Rekordy;łatwe;Jakie jest największe zwierzę świata, żyjące w oceanach?;Płetwal błękitny;Rekin wielorybi;Kaszalot;Słoń afrykański
Geografia i Turystyka;Przyroda i Rekordy;trudne;Jakie jest najszybsze zwierzę lądowe świata?;Gepard;Antylopa gnu;Lew;Struś
Geografia i Turystyka;Przyroda i Rekordy;trudne;Jakie drzewo uznawane jest za najwyższe na świecie, rosnące w Kalifornii?;Sekwoja wieczniezielona;Sekwoja olbrzymia;Eukaliptus;Baobab
Geografia i Turystyka;Przyroda i Rekordy;bardzo trudne;Które zwierzę ma najdłuższy okres ciąży spośród ssaków lądowych?;Słoń afrykański;Żyrafa;Wieloryb;Nosorożec
Geografia i Turystyka;Przyroda i Rekordy;bardzo trudne;Jak nazywa się najmniejszy ptak świata, występujący na Kubie?;Koliberek hawański;Kolibrowiec;Mysikrólik;Strzyżyk
Geografia i Turystyka;Kontynenty i Regiony Świata;łatwe;Który kontynent jest drugim co do wielkości pod względem powierzchni?;Afryka;Ameryka Północna;Ameryka Południowa;Antarktyda
Geografia i Turystyka;Kontynenty i Regiony Świata;trudne;Który kontynent jest zarazem krajem?;Australia;Antarktyda;Grenlandia;Nowa Zelandia
Geografia i Turystyka;Kontynenty i Regiony Świata;trudne;Która cieśnina łączy Morze Śródziemne z Oceanem Atlantyckim?;Cieśnina Gibraltarska;Cieśnina Bosfor;Cieśnina Dardanele;Cieśnina Messyńska
Geografia i Turystyka;Kontynenty i Regiony Świata;bardzo trudne;Jak nazywa się umowna linia demarkacyjna dzieląca faunę Azji i Australii, opisana przez brytyjskiego przyrodnika w XIX wieku?;Linia Wallace'a;Linia Webera;Linia Lydekkera;Linia Huxleya
Geografia i Turystyka;Kontynenty i Regiony Świata;bardzo trudne;Jak nazywa się najmniejszy pod względem powierzchni kontynent świata?;Australia;Europa;Antarktyda;Ameryka Południowa
Geografia i Turystyka;Polska - Regiony i Miasta;łatwe;Jak nazywa się drugie co do wielkości miasto Polski, stolica Małopolski?;Kraków;Łódź;Wrocław;Poznań
Geografia i Turystyka;Polska - Regiony i Miasta;trudne;W którym województwie leży Gdańsk?;Pomorskie;Zachodniopomorskie;Warmińsko-Mazurskie;Kujawsko-Pomorskie
Geografia i Turystyka;Polska - Regiony i Miasta;trudne;Jak nazywa się miasto będące stolicą województwa świętokrzyskiego?;Kielce;Radom;Częstochowa;Tarnów
Geografia i Turystyka;Polska - Regiony i Miasta;bardzo trudne;Jak nazywa się najmniejsze miasto w Polsce pod względem liczby mieszkańców?;Wyśmierzyce;Debrzno;Wiślica;Ciężkowice
Geografia i Turystyka;Polska - Regiony i Miasta;bardzo trudne;Ile miast w Polsce ma status miasta na prawach powiatu?;66;50;100;40
Geografia i Turystyka;Polska - Przyroda i Atrakcje;łatwe;Jak nazywa się najstarszy park narodowy w Polsce, utworzony w 1932 roku?;Białowieski Park Narodowy;Tatrzański Park Narodowy;Ojcowski Park Narodowy;Wielkopolski Park Narodowy
Geografia i Turystyka;Polska - Przyroda i Atrakcje;trudne;Jak nazywa się najdłuższa jaskinia w Polsce, znajdująca się w Tatrach?;Jaskinia Wielka Śnieżna;Jaskinia Mroźna;Jaskinia Raj;Jaskinia Niedźwiedzia
Geografia i Turystyka;Polska - Przyroda i Atrakcje;trudne;Jak nazywa się charakterystyczna formacja skalna w Pieninach, widoczna ze spływu Dunajcem?;Trzy Korony;Sokolica;Facimiech;Gorce
Geografia i Turystyka;Polska - Przyroda i Atrakcje;bardzo trudne;Jak nazywa się najgłębszy system jaskiniowy w Polsce, znajdujący się w Tatrach Zachodnich?;Wielka Śnieżna;Jaskinia Miętusia;Jaskinia Dziura;Jaskinia Mylna
Geografia i Turystyka;Polska - Przyroda i Atrakcje;bardzo trudne;Jak nazywa się park narodowy na Pomorzu, znany z ruchomych wydm osiągających kilkanaście metrów wysokości?;Słowiński Park Narodowy;Woliński Park Narodowy;Drawieński Park Narodowy;Park Narodowy Bory Tucholskie
Geografia i Turystyka;Stolice, Państwa i Flagi;łatwe;Jaka jest stolica Włoch?;Rzym;Mediolan;Neapol;Wenecja
Geografia i Turystyka;Stolice, Państwa i Flagi;trudne;Jaka jest stolica Turcji, inna niż największe miasto Stambuł?;Ankara;Stambuł;Izmir;Antalya
Geografia i Turystyka;Stolice, Państwa i Flagi;trudne;Ile gwiazd znajduje się na fladze Stanów Zjednoczonych, symbolizujących liczbę stanów?;50;48;52;51
Geografia i Turystyka;Stolice, Państwa i Flagi;bardzo trudne;Jaka jest formalna stolica Sri Lanki, siedziba parlamentu, inna niż największe miasto Kolombo?;Sri Jayewardenepura Kotte;Kandy;Galle;Jaffna
Geografia i Turystyka;Stolice, Państwa i Flagi;bardzo trudne;Który kraj ma na swojej fladze narodowej wizerunek karabinu?;Mozambik;Gwatemala;Haiti;Boliwia
Geografia i Turystyka;Góry i Szczyty;łatwe;Jak nazywa się najwyższy szczyt Afryki, wygasły wulkan w Tanzanii?;Kilimandżaro;Góra Kenia;Ruwenzori;Atlas
Geografia i Turystyka;Góry i Szczyty;trudne;Jak nazywa się najdłuższy łańcuch górski świata, ciągnący się wzdłuż zachodniego wybrzeża Ameryki Południowej?;Andy;Góry Skaliste;Kordyliery;Sierra Nevada
Geografia i Turystyka;Góry i Szczyty;trudne;Jak nazywa się najwyższy szczyt Oceanii, licząc wraz z Nową Gwineą?;Puncak Jaya;Mount Kosciuszko;Mount Cook;Mauna Kea
Geografia i Turystyka;Góry i Szczyty;bardzo trudne;Jak nazywa się drugi najwyższy szczyt świata, znany z wysokiej śmiertelności wśród wspinaczy, nazywany "Dziką Górą"?;K2;Kanczendzonga;Lhotse;Makalu
Geografia i Turystyka;Góry i Szczyty;bardzo trudne;Jak nazywa się najwyższy nieaktywny wulkan świata, na granicy Argentyny i Chile?;Ojos del Salado;Aconcagua;Chimborazo;Cotopaxi
Geografia i Turystyka;Wody Świata - Rzeki, Jeziora, Morza;łatwe;Jaka rzeka przepływa przez Paryż?;Sekwana;Loara;Ren;Rodan
Geografia i Turystyka;Wody Świata - Rzeki, Jeziora, Morza;trudne;Jaka jest najdłuższa rzeka Europy?;Wołga;Dunaj;Ren;Dniepr
Geografia i Turystyka;Wody Świata - Rzeki, Jeziora, Morza;trudne;Jak nazywa się morze wewnętrzne uznawane za najbardziej słone na świecie, leżące między Izraelem a Jordanią?;Morze Martwe;Morze Czerwone;Morze Kaspijskie;Jezioro Aralskie
Geografia i Turystyka;Wody Świata - Rzeki, Jeziora, Morza;bardzo trudne;Jak nazywa się najdłuższa rzeka Afryki?;Nil;Kongo;Niger;Zambezi
Geografia i Turystyka;Wody Świata - Rzeki, Jeziora, Morza;bardzo trudne;Jak nazywa się jezioro tektoniczne w Afryce Wschodniej, drugie najgłębsze na świecie po Bajkale?;Jezioro Tanganika;Jezioro Wiktorii;Jezioro Malawi;Jezioro Alberta
Geografia i Turystyka;Pustynie, Dżungle i Ekstrema;łatwe;Jak nazywa się potoczne określenie rozległych, słabo zaludnionych terenów wewnętrznej Australii?;Outback;Bush;Never Never;Top End
Geografia i Turystyka;Pustynie, Dżungle i Ekstrema;trudne;Jak nazywa się pustynia w południowo-zachodniej Afryce, słynąca z czerwonych wydm i mgieł znad oceanu?;Pustynia Namib;Kalahari;Karoo;Pustynia Nubijska
Geografia i Turystyka;Pustynie, Dżungle i Ekstrema;trudne;Jak nazywa się największa dżungla świata, obejmująca dorzecze największej rzeki świata?;Amazonia;Kongo;Borneo;Nowa Gwinea
Geografia i Turystyka;Pustynie, Dżungle i Ekstrema;bardzo trudne;Jak nazywa się najbardziej wysunięty na wschód punkt kontynentalny Eurazji?;Przylądek Dieżniowa;Przylądek Czeluskin;Przylądek Horn;Przylądek Igielny
Geografia i Turystyka;Pustynie, Dżungle i Ekstrema;bardzo trudne;Jak nazywa się najzimniejsze stale zamieszkane miejsce na Ziemi, wioska w rosyjskiej Jakucji?;Ojmiakon;Wierchojańsk;Norylsk;Jakuck
Geografia i Turystyka;Wyspy i Archipelagi;łatwe;Jak nazywa się największa wyspa Morza Śródziemnego, część Włoch?;Sycylia;Sardynia;Korsyka;Kreta
Geografia i Turystyka;Wyspy i Archipelagi;trudne;Jak nazywa się stolica Malediwów?;Male;Hulhumale;Addu City;Fuvahmulah
Geografia i Turystyka;Wyspy i Archipelagi;trudne;Jak nazywa się archipelag należący do Ekwadoru, słynący z unikalnej fauny badanej przez Karola Darwina?;Wyspy Galapagos;Wyspy Kanaryjskie;Wyspy Falklandzkie;Wyspy Wielkanocne
Geografia i Turystyka;Wyspy i Archipelagi;bardzo trudne;Jak nazywa się indonezyjska część wyspy Nowa Gwinea?;Papua;Sulawesi;Sumatra;Kalimantan
Geografia i Turystyka;Wyspy i Archipelagi;bardzo trudne;Jak nazywa się wyspa na Oceanie Spokojnym słynąca z gigantycznych posągów moai?;Wyspa Wielkanocna;Wyspy Galapagos;Wyspy Salomona;Wyspy Marshalla
Geografia i Turystyka;Geologia i Zjawiska Naturalne;łatwe;Jak nazywa się naturalny wypływ gorącej wody i pary z wnętrza Ziemi, wybuchający cyklicznie, znany m.in. z Islandii?;Gejzer;Fumarola;Solfatara;Wulkan błotny
Geografia i Turystyka;Geologia i Zjawiska Naturalne;trudne;Jak nazywa się proces przemieszczania się kontynentów w czasie geologicznym, opisany przez Alfreda Wegenera?;Dryf kontynentalny;Tektonika płyt;Subdukcja;Ryft
Geografia i Turystyka;Geologia i Zjawiska Naturalne;trudne;Jak nazywa się słynny gejzer w Parku Yellowstone, znany z regularnych erupcji co ok. 90 minut?;Old Faithful;Strokkur;Geysir;Great Fountain
Geografia i Turystyka;Geologia i Zjawiska Naturalne;bardzo trudne;Jak nazywa się teoria wyjaśniająca ruch płyt litosfery jako przyczynę trzęsień ziemi, wulkanizmu i formowania gór?;Tektonika płyt;Dryf kontynentalny;Izostazja;Orogeneza
Geografia i Turystyka;Geologia i Zjawiska Naturalne;bardzo trudne;Jak nazywa się strefa graniczna, w której jedna płyta tektoniczna wsuwa się pod drugą, tworząc rowy oceaniczne?;Strefa subdukcji;Strefa ryftowa;Uskok transformacyjny;Strefa kolizji
Geografia i Turystyka;Architektura i Cuda Świata;łatwe;Jak nazywa się słynna wieża w Pizie, znana z charakterystycznego przechylenia?;Krzywa Wieża w Pizie;Wieża Eiffla;Big Ben;Wieża Belem
Geografia i Turystyka;Architektura i Cuda Świata;trudne;Jak nazywa się rzymski akwedukt w Hiszpanii, zachowany w niemal nienaruszonym stanie od czasów starożytnych?;Akwedukt w Segowii;Pont du Gard;Akwedukt Klaudiusza;Akwedukt Appijski
Geografia i Turystyka;Architektura i Cuda Świata;trudne;Jak nazywa się szklane piramidalne wejście do Luwru w Paryżu, zaprojektowane przez I.M. Pei?;Piramida Luwru;Grand Louvre;Cour Napoléon;Pavillon de Flore
Geografia i Turystyka;Architektura i Cuda Świata;bardzo trudne;Jak nazywa się megalityczna budowla w Anglii, krąg kamiennych głazów sprzed ok. 5000 lat?;Stonehenge;Avebury;Newgrange;Callanish
Geografia i Turystyka;Architektura i Cuda Świata;bardzo trudne;Jak nazywa się starożytne miasto w Jordanii, wykute w różowym piaskowcu, znane ze Skarbca?;Petra;Palmyra;Baalbek;Jerash
Geografia i Turystyka;Metropolie i Miasta Świata;łatwe;Jak nazywa się największe miasto Australii pod względem liczby ludności?;Sydney;Melbourne;Canberra;Brisbane
Geografia i Turystyka;Metropolie i Miasta Świata;trudne;Jak nazywa się największe miasto Rosji i jej stolica?;Moskwa;Sankt Petersburg;Nowosybirsk;Jekaterynburg
Geografia i Turystyka;Metropolie i Miasta Świata;trudne;Jak nazywa się stolica Japonii, uznawana za najludniejszą metropolię świata?;Tokio;Delhi;Szanghaj;Manila
Geografia i Turystyka;Metropolie i Miasta Świata;bardzo trudne;Jak nazywa się najbardziej na północ wysunięta stolica świata?;Reykjavik;Helsinki;Oslo;Ottawa
Geografia i Turystyka;Metropolie i Miasta Świata;bardzo trudne;Jak nazywa się miasto uznawane za jedno z najgęściej zaludnionych na świecie, stolica Filipin?;Manila;Dhaka;Mumbaj;Kalkuta
Geografia i Turystyka;Regiony Europy;łatwe;Jak nazywa się region południowej Francji słynący z pól lawendy i Lazurowego Wybrzeża?;Prowansja;Normandia;Bretania;Alzacja
Geografia i Turystyka;Regiony Europy;trudne;Jak nazywa się historyczny region Hiszpanii ze stolicą w Bilbao, znany z odrębnego języka?;Kraj Basków;Katalonia;Galicja;Andaluzja
Geografia i Turystyka;Regiony Europy;trudne;Jak nazywa się region Niemiec słynący z Oktoberfestu, ze stolicą w Monachium?;Bawaria;Nadrenia Północna-Westfalia;Saksonia;Hesja
Geografia i Turystyka;Regiony Europy;bardzo trudne;Jak nazywa się historyczny region na pograniczu Polski, Czech i Niemiec, znany z bogactw mineralnych i uzdrowisk?;Śląsk;Łużyce;Morawy;Kraina Kłodzka
Geografia i Turystyka;Regiony Europy;bardzo trudne;Jak nazywa się region północnych Włoch słynący z produkcji ryżu i miasta Turyn?;Piemont;Lombardia;Wenecja Euganejska;Liguria
Geografia i Turystyka;Azja i Rosja;łatwe;Jak nazywa się rzeka święta dla hindusów, przepływająca przez Waranasi?;Ganges;Brahmaputra;Indus;Jamuna
Geografia i Turystyka;Azja i Rosja;trudne;Jak nazywa się największe pod względem powierzchni jezioro słonowodne świata, między Rosją a Kazachstanem?;Morze Kaspijskie;Jezioro Bajkał;Jezioro Aralskie;Jezioro Bałchasz
Geografia i Turystyka;Azja i Rosja;trudne;Jak nazywa się najwyższy szczyt Rosji, leżący na Kaukazie?;Elbrus;Kazbek;Dychtau;Szchara
Geografia i Turystyka;Azja i Rosja;bardzo trudne;Jak nazywa się rosyjska republika autonomiczna, w której leży jezioro Bajkał?;Buriacja;Jakucja;Tatarstan;Tuwa
Geografia i Turystyka;Azja i Rosja;bardzo trudne;Jak nazywa się góra w Japonii, święta dla shintoistów i buddystów, symbol kraju?;Fudżi;Yari;Tate;Haku
Geografia i Turystyka;Afryka - Geografia i Przyroda;łatwe;Jak nazywa się największa pustynia gorąca świata, zajmująca dużą część Afryki Północnej?;Sahara;Kalahari;Namib;Pustynia Nubijska
Geografia i Turystyka;Afryka - Geografia i Przyroda;trudne;Jak nazywa się najwyższy wodospad Afryki, na rzece Tugela w RPA?;Wodospad Tugela;Wodospad Wiktorii;Wodospad Murchisona;Wodospad Kalambo
Geografia i Turystyka;Afryka - Geografia i Przyroda;trudne;Jak nazywa się drugie co do wielkości jezioro Afryki, dzielone przez Tanzanię, DR Konga i Burundi?;Jezioro Tanganika;Jezioro Wiktorii;Jezioro Malawi;Jezioro Czad
Geografia i Turystyka;Afryka - Geografia i Przyroda;bardzo trudne;Jak nazywa się archipelag u wschodnich wybrzeży Afryki, część Tanzanii, znany z produkcji goździków?;Zanzibar;Komory;Seszele;Mauritius
Geografia i Turystyka;Afryka - Geografia i Przyroda;bardzo trudne;Jak nazywa się góra w Kenii, drugi co do wysokości szczyt Afryki po Kilimandżaro?;Góra Kenia;Ruwenzori;Meru;Elgon
Geografia i Turystyka;Geografia Gospodarcza i Społeczna;łatwe;Który kraj jest obecnie największym producentem ryżu na świecie?;Chiny;Indie;Indonezja;Wietnam
Geografia i Turystyka;Geografia Gospodarcza i Społeczna;trudne;Jak nazywa się region Kalifornii nazywany "Krzemową Doliną" ze względu na koncentrację firm technologicznych?;Dolina Krzemowa;Seattle;Boston;Austin
Geografia i Turystyka;Geografia Gospodarcza i Społeczna;trudne;Jak nazywa się sojusz krajów eksportujących ropę naftową wraz z sojusznikami spoza OPEC, np. Rosją?;OPEC+;G20;BRICS;OECD
Geografia i Turystyka;Geografia Gospodarcza i Społeczna;bardzo trudne;Który kraj ma obecnie największe udokumentowane rezerwy ropy naftowej na świecie?;Wenezuela;Arabia Saudyjska;Kanada;Iran
Geografia i Turystyka;Geografia Gospodarcza i Społeczna;bardzo trudne;Jak nazywa się region Chin będący głównym centrum produkcji elektroniki, obejmujący Shenzhen?;Delta Rzeki Perłowej;Delta Jangcy;Region Pekin-Tiencin-Hebei;Zhujiang
Geografia i Turystyka;Kartografia i Orientacja;łatwe;Jak nazywa się przyrząd do wyznaczania kierunków świata za pomocą pola magnetycznego Ziemi?;Kompas;Sekstant;GPS;Teodolit
Geografia i Turystyka;Kartografia i Orientacja;trudne;Jak nazywa się umowna linia łącząca bieguny Ziemi, wzdłuż której liczona jest długość geograficzna?;Południk;Równoleżnik;Zwrotnik;Koło podbiegunowe
Geografia i Turystyka;Kartografia i Orientacja;trudne;Jak nazywa się urządzenie nawigacyjne wykorzystujące sygnały satelitarne do określania pozycji geograficznej?;GPS;Kompas;Sekstant;Żyroskop
Geografia i Turystyka;Kartografia i Orientacja;bardzo trudne;Jak nazywa się odwzorowanie kartograficzne, w którym siatka rzutowana jest na płaszczyznę styczną do globu w jednym punkcie?;Odwzorowanie azymutalne;Odwzorowanie walcowe;Odwzorowanie stożkowe;Odwzorowanie pseudocylindryczne
Geografia i Turystyka;Kartografia i Orientacja;bardzo trudne;Jak nazywał się starożytny grecki uczony, autor "Geografii" i pierwszej znanej mapy świata opartej na współrzędnych geograficznych?;Klaudiusz Ptolemeusz;Eratostenes;Strabon;Hipparch
Geografia i Turystyka;Kultura i Zwyczaje w Podróży;łatwe;Jak nazywa się tradycyjny arabski napój parzony z drobno mielonej kawy i kardamonu, serwowany podczas wizyt gościnnych?;Kawa arabska;Herbata miętowa;Yerba maté;Sake
Geografia i Turystyka;Kultura i Zwyczaje w Podróży;trudne;Jak nazywa się brazylijski i argentyński zwyczaj towarzyski picia parzonej herbaty yerba maté przez wspólną rurkę?;Ceremonia mate;Ceremonia herbaciana;Caipirinha;Feijoada
Geografia i Turystyka;Kultura i Zwyczaje w Podróży;trudne;Jak nazywa się tajski gest powitalny polegający na złożeniu dłoni i lekkim ukłonie?;Wai;Namaste;Salaam;Aloha
Geografia i Turystyka;Kultura i Zwyczaje w Podróży;bardzo trudne;Jak nazywa się duński i norweski koncept "przytulnego, kameralnego dobrostanu"?;Hygge;Fika;Lagom;Friluftsliv
Geografia i Turystyka;Kultura i Zwyczaje w Podróży;bardzo trudne;Jak nazywa się szwedzka koncepcja umiaru i równowagi w życiu codziennym, "nie za dużo, nie za mało"?;Lagom;Hygge;Fika;Sisu
Geografia i Turystyka;Transport Turystyczny;łatwe;Jak nazywa się tradycyjny transport wodny w Wenecji, wąska łódź z jednym wioślarzem?;Gondola;Kajak;Tratwa;Katamaran
Geografia i Turystyka;Transport Turystyczny;trudne;Jak nazywa się kolej linowa prowadząca na Kasprowy Wierch w Tatrach?;Kolej linowa na Kasprowy Wierch;Kolej linowa na Gubałówkę;Kolej linowa Palenica-Przehyba;Kolej Szarotka
Geografia i Turystyka;Transport Turystyczny;trudne;Jak nazywa się historyczny pociąg pasażerski łączący Moskwę z Pekinem przez Syberię i Mongolię?;Kolej Transmongolska;Kolej Transsyberyjska;Orient Express;Kolej Transkaspijska
Geografia i Turystyka;Transport Turystyczny;bardzo trudne;Jak nazywa się system transportu linowego, w którym kabiny poruszają się nieprzerwanie w pętli, popularny na krótkich trasach narciarskich?;Kolej gondolowa;Kolej linowo-terenowa;Wyciąg orczykowy;Funicular
Geografia i Turystyka;Transport Turystyczny;bardzo trudne;Jak nazywa się model czerwonego, dwupiętrowego autobusu, ikony Londynu, produkowanego od lat 50. do 60. XX wieku?;Routemaster;Borismaster;New Bus for London;RT Type
Geografia i Turystyka;Parki i Rozrywka;łatwe;Jak nazywa się park rozrywki w Kalifornii, pierwszy z sieci parków Disneya, otwarty w 1955 roku?;Disneyland;Disney World;Epcot;Universal Studios
Geografia i Turystyka;Parki i Rozrywka;trudne;Jak nazywa się fiński park rozrywki dla dzieci oparty na postaciach z książek Tove Jansson?;Muumimaailma;Linnanmäki;Särkänniemi;Powerpark
Geografia i Turystyka;Parki i Rozrywka;trudne;Jak nazywa się park narodowy w USA, pierwszy park narodowy na świecie, utworzony w 1872 roku?;Park Narodowy Yellowstone;Yosemite;Grand Canyon;Zion
Geografia i Turystyka;Parki i Rozrywka;bardzo trudne;Jak nazywa się najstarsze wesołe miasteczko w Kopenhadze, działające od 1843 roku?;Tivoli Gardens;Bakken;Djurs Sommerland;Legoland
Geografia i Turystyka;Parki i Rozrywka;bardzo trudne;Jak nazywa się duński park rozrywki zbudowany wokół klocków, pierwszy z sieci na świecie, otwarty w 1968 roku?;Legoland Billund;Legoland Windsor;Legoland California;Tivoli
Geografia i Turystyka;Przyroda i Rekordy;łatwe;Jakie jest najwyższe drzewo świata, gatunek rosnący w Kalifornii?;Sekwoja wieczniezielona;Sekwoja olbrzymia;Eukaliptus;Mamutowiec
Geografia i Turystyka;Przyroda i Rekordy;trudne;Jaki gatunek ptaka osiąga najwyższą prędkość lotu poziomego, nie licząc lotu nurkowego?;Jerzyk szpilkoogonowy;Sokół wędrowny;Jaskółka dymówka;Kolibr
Geografia i Turystyka;Przyroda i Rekordy;trudne;Jakie jest najdłużej żyjące zwierzę lądowe świata, gatunek żółwia z Seszeli?;Żółw olbrzymi;Słoń afrykański;Wieloryb grenlandzki;Waran z Komodo
Geografia i Turystyka;Przyroda i Rekordy;bardzo trudne;Które zwierzę ma najdłuższy okres ciąży spośród wszystkich ssaków, ok. 18-22 miesiące?;Słoń afrykański;Żyrafa;Wieloryb błękitny;Nosorożec
Geografia i Turystyka;Przyroda i Rekordy;bardzo trudne;Jaki gatunek uznawany jest za najbardziej trującego kręgowca świata, mały żabi mieszkaniec Kolumbii?;Drzewołaz straszliwy;Skorpion cesarski;Wąż koralowy;Mamba czarna
