Historia;Polska Piastowska;trudne;Jak miał na imię czeski biskup, który w 997 roku wyruszył z misją chrystianizacyjną do Prus i zginął śmiercią męczeńską?;Wojciech;Stanisław;Radzym Gaudenty;Bogumił
Historia;Polska Piastowska;trudne;Jak nazywał się czeski biskup, który zginął podczas misji u Prusów w 997 roku?;Wojciech;Stanisław;Radzym;Gaudenty
Historia;Polska Piastowska;trudne;Jaki dokument z ok. 991 roku oddawał państwo polskie pod opiekę papieża?;Dagome iudex;Bulla gnieźnieńska;Statut Wiślicki;Przywilej koszycki
Historia;Polska Piastowska;trudne;Jaki starołaciński dokument z około 991 roku formalnie oddawał państwo Mieszka I pod osobistą opiekę Stolicy Apostolskiej?;Dagome iudex;Bulla gnieźnieńska;Kronika Galla Anonima;Przywilej koszycki
Historia;Polska Piastowska;trudne;Kto był pierwszym koronowanym królem Polski z dynastii Piastów?;Bolesław Chrobry;Mieszko I;Kazimierz Wielki;Władysław Łokietek
Historia;Polska Piastowska;trudne;W którym roku odbył się zjazd gnieźnieński, podczas którego cesarz Otton III spotkał się z Bolesławem Chrobrym?;1000 r.;966 r.;1025 r.;997 r.
Historia;Polska Piastowska;trudne;Z jakiego potężnego czeskiego rodu wywodziła się księżniczka Dobrawa, będąca żoną pierwszego historycznego władcy Polski, Mieszka I?;Przemyślidów;Sławnikowiców;Wrszowców;Arpadów
Historia;Polska Piastowska;trudne;Z jakiego rodu wywodziła się Dobrawa, żona Mieszka I?;Przemyślidów;Sławnikowiców;Arpadów;Welfów
Historia;Polska Piastowska;łatwe;Gdzie znajdowała się pierwsza, historyczna stolica państwa Polan?;W Gnieźnie;W Krakowie;W Poznaniu;W Warszawie
Historia;Polska Piastowska;łatwe;Jaka rzeka jest historycznie uznawana za najbardziej prawdopodobne miejsce chrztu Mieszka I?;Warta;Wisła;Odra;Bug
Historia;Polska Piastowska;łatwe;Kto był pierwszym historycznym władcą Polski z dynastii Piastów?;Mieszko I;Bolesław Chrobry;Kazimierz Odnowiciel;Łokietek
Historia;Polska Piastowska;łatwe;Który polski książę podjął brzemienną w skutkach decyzję o sprowadzeniu Krzyżaków?;Konrad Mazowiecki;Bolesław Krzywousty;Władysław Łokietek;Mieszko Stary
Historia;Polska Piastowska;łatwe;W którym roku odbył się chrzest Polski?;966;1000;1410;960
Historia;Polska Piastowska;łatwe;W którym roku odbył się symboliczny chrzest Polski?;966;1000;997;1025
Historia;Polska Piastowska;łatwe;Z jakiego kraju pochodziła księżniczka Dobrawa, żona Mieszka I?;Z Czech;Z Rusi Kijowskiej;Z Węgier;Ze Świętego Cesarstwa
Historia;Polska Piastowska;łatwe;Z jakiego zachodniosłowiańskiego plemienia wywodziła się dynastia Piastów?;Z Polan;Z Wiślan;Z Mazowszan;Ze Ślężan
Historia;Historia Sportu;trudne;Jak nazywał się rzymski cesarz, który w 393 r. n.e. ostatecznie zakazał organizowania starożytnych igrzysk olimpijskich ze względów religijnych?;Teodozjusz I Wielki;Neron;Kaligula;Marek Aureliusz
Historia;Historia Sportu;trudne;Kto był głównym pomysłodawcą, wskrzesicielem nowożytnych igrzysk olimpijskich oraz założycielem Międzynarodowego Komitetu Olimpijskiego?;Pierre de Coubertin;Avery Brundage;Juan Antonio Samaranch;Henri de Baillet-Latour
Historia;Historia Sportu;trudne;Kto był wskrzesicielem nowożytnych igrzysk olimpijskich w 1896 roku?;Pierre de Coubertin;Avery Brundage;Juan Antonio Samaranch;Henri de Baillet-Latour
Historia;Historia Sportu;trudne;Który cesarz rzymski zakazał igrzysk olimpijskich w 393 roku n.e.?;Teodozjusz I;Neron;Konstantyn Wielki;Justynian
Historia;Historia Sportu;trudne;Który zawodnik zdobył złoty medal w biegu na 100 metrów podczas Igrzysk Olimpijskich w Berlinie w 1936 roku?;Jesse Owens;Luz Long;Ralph Metcalfe;Mack Robinson
Historia;Historia Sportu;trudne;W jakiej dyscyplinie Halina Konopacka zdobyła pierwszy złoty medal olimpijski dla Polski?;Rzut dyskiem;Bieg na 100m;Skok wzwyż;Pchnięcie kulą
Historia;Historia Sportu;trudne;W jakiej lekkoatletycznej dyscyplinie sportu Halina Konopacka zdobyła w 1928 r. pierwszy w historii złoty medal olimpijski dla Polski?;W rzucie dyskiem;W biegu na 100 metrów;W skoku w dal;W pchnięciu kulą
Historia;Historia Sportu;trudne;W którym roku odbyły się pierwsze nowożytne letnie igrzyska olimpijskie w Atenach?;1896;1900;1912;1888
Historia;Historia Sportu;łatwe;Jak nazywa się legendarny polski biegacz, złoty medalista z Los Angeles (1932), zamordowany w Palmirach?;Janusz Kusociński;Stanisław Marusarz;Bronisław Czech;Halina Konopacka
Historia;Historia Sportu;łatwe;Jaka wszechstronna dyscyplina sportowa była punktem kulminacyjnym antycznych igrzysk?;Pięciobój;Piłka nożna;Szermierka;Podnoszenie ciężarów
Historia;Historia Sportu;łatwe;Kto zdobył pierwszy w historii złoty medal olimpijski dla reprezentacji Polski?;Halina Konopacka;Janusz Kusociński;Stanisława Walasiewicz;Irena Szewińska
Historia;Historia Sportu;łatwe;Który polski zawodnik został królem strzelców na Mistrzostwach Świata w 1974 roku?;Grzegorz Lato;Zbigniew Boniek;Robert Lewandowski;Włodzimierz Lubański
Historia;Historia Sportu;łatwe;W jakim mieście odbyły się pierwsze nowożytne Igrzyska Olimpijskie w 1896 r.?;W Atenach;W Paryżu;W Londynie;W Rzymie
Historia;Historia Sportu;łatwe;W jakim starożytnym kraju narodziły się Igrzyska Olimpijskie?;Grecja;Rzym;Egipt;Persja
Historia;Historia Sportu;łatwe;W jakim starożytnym państwie narodziły się igrzyska olimpijskie?;W Grecji;W Rzymie;W Egipcie;W Persji
Historia;Historia Sportu;łatwe;W którym roku odbyły się letnie Igrzyska w Monachium, podczas których doszło do zamachu?;1972 r.;1968 r.;1976 r.;1980 r.
Historia;Historia USA;trudne;Jaka bitwa z 1863 roku uznawana jest za punkt zwrotny wojny secesyjnej?;Pod Gettysburgiem;Pod Antietam;Nad Bull Run;Pod Shiloh
Historia;Historia USA;trudne;Jaka zacięta bitwa z lipca 1863 roku uznawana jest powszechnie za największy i przełomowy punkt zwrotny w wojnie secesyjnej w USA?;Bitwa pod Gettysburgiem;Bitwa nad Antietam;Bitwa pod Bull Run;Bitwa o Appomattox
Historia;Historia USA;trudne;Kto był prezydentem Stanów Zjednoczonych Ameryki w momencie dramatycznego wybuchu wielkiego krachu na giełdzie w 1929 roku?;Herbert Hoover;Franklin D. Roosevelt;Woodrow Wilson;Calvin Coolidge
Historia;Historia USA;trudne;Kto był prezydentem USA w momencie wybuchu Wielkiego Kryzysu w 1929 roku?;Herbert Hoover;Franklin D. Roosevelt;Woodrow Wilson;Calvin Coolidge
Historia;Historia USA;trudne;Który z prezydentów USA jako pierwszy zginął z ręki zamachowca, podczas przedstawienia w teatrze w 1865 roku?;Abraham Lincoln;James Garfield;William McKinley;John F. Kennedy
Historia;Historia USA;trudne;W którym roku jedenaście południowych stanów USA uformowało Skonfederowane Stany Ameryki, doprowadzając do zbrojnego wybuchu wojny domowej?;1861;1859;1865;1863
Historia;Historia USA;trudne;W którym roku podpisano Deklarację Niepodległości Stanów Zjednoczonych?;1776;1783;1789;1765
Historia;Historia USA;trudne;W którym roku wybuchła wojna secesyjna w Stanach Zjednoczonych?;1861;1865;1848;1855
Historia;Historia USA;łatwe;Ile pięcioramiennych gwiazdek znajduje się na obecnej fladze USA?;50;13;51;48
Historia;Historia USA;łatwe;Jak nazywała się krwawa wojna domowa toczona w USA w latach 1861-1865?;Wojna secesyjna;Wojna o niepodległość;Wojna brytyjsko-amerykańska;Wojna meksykańska
Historia;Historia USA;łatwe;Kiedy Ojcowie Założyciele uchwalili słynną Deklarację Niepodległości USA?;4 lipca 1776 r.;14 lipca 1789 r.;11 listopada 1918 r.;3 maja 1791 r.
Historia;Historia USA;łatwe;Kto był pierwszym prezydentem Stanów Zjednoczonych?;George Washington;Abraham Lincoln;Thomas Jefferson;John Adams
Historia;Historia USA;łatwe;Kto został wybrany na pierwszego w historii prezydenta Stanów Zjednoczonych?;George Washington;Abraham Lincoln;Thomas Jefferson;John Adams
Historia;Historia USA;łatwe;Który amerykański prezydent podpisał proklamację znoszącą niewolnictwo?;Abraham Lincoln;George Washington;Franklin D. Roosevelt;John F. Kennedy
Historia;Historia USA;łatwe;W którym roku USA ogłosiły niepodległość (podpisanie Deklaracji Niepodległości)?;1776;1789;1812;1492
Historia;II Wojna Światowa;trudne;Jak nazywał się amerykański projekt badawczy, którego celem było stworzenie bomby atomowej?;Projekt Manhattan;Projekt Apollo;Operacja Overlord;Enigma
Historia;II Wojna Światowa;trudne;Jak nazywał się japoński pancernik, na którym podpisano akt kapitulacji Japonii w 1945 roku?;USS Missouri;Yamato;Musashi;USS Enterprise
Historia;II Wojna Światowa;trudne;Jak nazywała się operacja lądowania aliantów w Normandii przeprowadzona 6 czerwca 1944 roku?;Operacja Overlord;Operacja Barbarossa;Operacja Market Garden;Operacja Torch
Historia;II Wojna Światowa;trudne;Jaki kryptonim nosił niemiecki plan ataku na Związek Radziecki w 1941 roku?;Barbarossa;Fall Weiss;Seelöwe;Overlord
Historia;II Wojna Światowa;trudne;Jaki oficjalny, wojskowy kryptonim nosiła potężna niemiecka inwazja zbrojna na Związek Radziecki, zapoczątkowana 22 czerwca 1941 roku?;Operacja Barbarossa;Operacja Lew Morski;Operacja Fall Weiss;Operacja Overlord
Historia;II Wojna Światowa;trudne;Którego dnia przedstawiciele Japonii ostatecznie podpisali akt bezwarunkowej kapitulacji na pokładzie amerykańskiego pancernika USS Missouri?;2 września 1945;15 sierpnia 1945;8 maja 1945;6 sierpnia 1945
Historia;II Wojna Światowa;trudne;W jakiej krymskiej miejscowości w lutym 1945 r. spotkała się tzw. Wielka Trójka, decydując m.in. o podziale powojennej Europy i losach Polski?;W Jałcie;W Poczdamie;W Teheranie;W Moskwie
Historia;II Wojna Światowa;trudne;W jakiej miejscowości na Krymie odbyła się konferencja Wielkiej Trójki w lutym 1945 roku?;W Jałcie;W Poczdamie;W Teheranie;W Casablance
Historia;II Wojna Światowa;łatwe;Jak nazywał się główny polski ruch oporu podczas wojny?;Armia Krajowa;Gwardia Ludowa;Szare Szeregi;Bataliony Chłopskie
Historia;II Wojna Światowa;łatwe;Jak nazywało się największe polskie powstanie przeciwko Niemcom, które wybuchło 1 sierpnia 1944 roku?;Powstanie Warszawskie;Powstanie Wielkopolskie;Powstanie Styczniowe;Powstanie Listopadowe
Historia;II Wojna Światowa;łatwe;Jakie polskie miasto zostało zbombardowane jako pierwsze?;Wieluń;Warszawa;Gdańsk;Poznań
Historia;II Wojna Światowa;łatwe;Kiedy wybuchła II wojna światowa?;1 września 1939 r.;17 września 1939 r.;1 sierpnia 1944 r.;8 maja 1945 r.
Historia;II Wojna Światowa;łatwe;Kto dowodził obroną Westerplatte w pierwszych dniach wojny?;Henryk Sucharski;Stefan Starzyński;Władysław Sikorski;Władysław Anders
Historia;II Wojna Światowa;łatwe;Którego dnia 1939 roku rozpoczęła się II wojna światowa atakiem na Polskę?;1 września;17 września;11 listopada;15 sierpnia
Historia;II Wojna Światowa;łatwe;W którym roku wybuchła II wojna światowa?;1939;1914;1945;1938
Historia;II Wojna Światowa;łatwe;W którym roku wybuchło Powstanie Warszawskie?;1944 r.;1943 r.;1939 r.;1945 r.
Historia;Polska Piastowska;trudne;Jak miała na imię czwarta żona Władysława Jagiełły, matka jego następców?;Zofia Holszańska;Jadwiga Andegaweńska;Anna Cylejska;Elżbieta Granowska
Historia;Polska Piastowska;trudne;Jaki król Polski zginął w bitwie pod Warną w 1444 roku?;Władysław Warneńczyk;Władysław Jagiełło;Jan Olbracht;Aleksander Jagiellończyk
Historia;Polska Piastowska;trudne;Jaki polski i węgierski król zginął w 1444 roku w zaciętej bitwie z potężnymi wojskami Imperium Osmańskiego?;Władysław III Warneńczyk;Władysław II Jagiełło;Jan Olbracht;Kazimierz Jagiellończyk
Historia;Polska Piastowska;trudne;Jakie imię nosiła litewska księżniczka, która w 1422 roku została czwartą i ostatnią żoną wiekowego Władysława Jagiełły?;Zofia Holszańska;Anna Cylejska;Jadwiga Andegaweńska;Elżbieta Granowska
Historia;Polska Piastowska;trudne;Jakiego przydomka używano wobec Bolesława II, który nakazał zabić biskupa Stanisława?;Śmiały;Krzywousty;Wstydliwy;Rogatka
Historia;Polska Piastowska;trudne;Kto był absolutnie ostatnim, koronowanym władcą Polski wywodzącym się z królewskiej dynastii Piastów, zmarłym bezpotomnie w 1370 roku?;Kazimierz III Wielki;Władysław Łokietek;Leszek Czarny;Bolesław Krzywousty
Historia;Polska Piastowska;trudne;Kto był ostatnim królem Polski z dynastii Piastów?;Kazimierz Wielki;Władysław Łokietek;Przemysł II;Ludwik Węgierski
Historia;Polska Piastowska;trudne;Który król Polski zawarł w 1683 roku sojusz z cesarzem Leopoldem I i poprowadził odsiecz wiedeńską przeciw Turkom?;Jan III Sobieski;Władysław IV Waza;August II Mocny;Michał Korybut Wiśniowiecki
Historia;Polska Piastowska;łatwe;Jak miał na imię ostatni król z dynastii Jagiellonów?;Zygmunt II August;Zygmunt I Stary;Władysław Warneńczyk;Jan Olbracht
Historia;Polska Piastowska;łatwe;Kto był ostatnim królem Polski?;Stanisław August Poniatowski;Jan III Sobieski;Zygmunt III Waza;Stefan Batory
Historia;Polska Piastowska;łatwe;Kto był pierwszym koronowanym królem Polski?;Bolesław Chrobry;Mieszko I;Kazimierz Wielki;Władysław Łokietek
Historia;Polska Piastowska;łatwe;Kto dowodził wojskami polskimi pod Grunwaldem?;Władysław Jagiełło;Zawisza Czarny;Stefan Batory;Jan II Kazimierz
Historia;Polska Piastowska;łatwe;Który król 'zastał Polskę drewnianą, a zostawił murowaną'?;Kazimierz Wielki;Bolesław Śmiały;Jan III Sobieski;Zygmunt Stary
Historia;Polska Piastowska;łatwe;Który król Polski odniósł wielkie zwycięstwo nad Turkami pod Wiedniem w 1683 roku?;Jan III Sobieski;Władysław IV;Michał Korybut Wiśniowiecki;Jan Kazimierz
Historia;Polska Piastowska;łatwe;Który król Polski zastał Polskę drewnianą, a zostawił murowaną?;Kazimierz Wielki;Bolesław Chrobry;Władysław Jagiełło;Jan III Sobieski
Historia;Polska Królewska i Jagiellońska;bardzo trudne;Jak nazywała się pierwsza wolna elekcja w Polsce, podczas której wybrano Henryka Walezego?;1573;1569;1600;1492
Historia;Polska Królewska i Jagiellońska;bardzo trudne;Który władca był autorem Statutu Bolesława Krzywoustego?;Bolesław Krzywousty;Bolesław Chrobry;Władysław Herman;Kazimierz Sprawiedliwy
Historia;Polska Królewska i Jagiellońska;trudne;Jak nazywała się unia zawarta między Polską a Litwą w 1569 roku?;Unia Lubelska;Unia w Krewie;Unia Horodelska;Unia Brzeska
Historia;Polska Królewska i Jagiellońska;trudne;Który król zwyciężył pod Wiedniem w 1683 roku?;Jan III Sobieski;Władysław IV Waza;August II Mocny;Michał Korybut Wiśniowiecki
Historia;Polska Królewska i Jagiellońska;łatwe;Który król Polski przeniósł stolicę z Krakowa do Warszawy?;Zygmunt III Waza;Stefan Batory;Jan III Sobieski;Stanisław August Poniatowski
Historia;Polska Ludowa (PRL);bardzo trudne;Jak nazywał się ostatni prezydent RP na uchodźstwie, który przekazał insygnia Lechowi Wałęsie?;Ryszard Kaczorowski;Edward Raczyński;August Zaleski;Kazimierz Sabbat
Historia;Polska Ludowa (PRL);bardzo trudne;W którym roku wprowadzono w Polsce stan wojenny?;1981;1970;1980;1989
Historia;Polska Ludowa (PRL);trudne;Jak nazywała się bitwa z 1920 roku, znana jako "Cud nad Wisłą"?;Bitwa Warszawska;Bitwa pod Mławą;Bitwa nad Bzurą;Bitwa o Lwów
Historia;Polska Ludowa (PRL);trudne;Kto był pierwszym premierem rządu III RP po wyborach w 1989 roku?;Tadeusz Mazowiecki;Leszek Balcerowicz;Krzysztof Bielecki;Jan Olszewski
Historia;Polska Ludowa (PRL);łatwe;W którym roku Polska odzyskała niepodległość po 123 latach zaborów?;1918;1945;1989;1795
Historia;Polska Ludowa (PRL);trudne;Jak nazywał się premier PRL, który podpisał porozumienia sierpniowe w Gdańsku?;Mieczysław Jagielski;Edward Babiuch;Józef Pińkowski;Piotr Jaroszewicz
Historia;Polska Ludowa (PRL);trudne;Jak nazywało się porozumienie podpisane w sierpniu 1980 roku między Międzyzakładowym Komitetem Strajkowym a rządem PRL, które dało podstawy do rejestracji NSZZ Solidarność?;Porozumienia gdańskie;Porozumienia jastrzębskie;Porozumienia szczecińskie;Porozumienia radomskie
Historia;Polska Ludowa (PRL);trudne;Jakie konkretne, polityczne wydarzenie wywołało masowe, sierpniowe strajki na Wybrzeżu, prowadzące do podpisania porozumień w 1980 r.?;Zwolnienie Anny Walentynowicz z pracy;Podwyżki cen mięsa w 1976 r.;Represje po wydarzeniach marcowych;Opublikowanie Listu 34
Historia;Polska Ludowa (PRL);trudne;Kto został I sekretarzem KC PZPR po wydarzeniach grudnia 1970 roku?;Edward Gierek;Władysław Gomułka;Wojciech Jaruzelski;Bolesław Bierut
Historia;Polska Ludowa (PRL);trudne;Który polityk został ostatecznie mianowany na funkcję I sekretarza KC PZPR tuż po obaleniu i ustąpieniu Władysława Gomułki w grudniu 1970 r.?;Edward Gierek;Wojciech Jaruzelski;Stanisław Kania;Bolesław Bierut
Historia;Polska Ludowa (PRL);trudne;W którym roku ostatecznie uchwalono i wprowadzono Konstytucję Polskiej Rzeczypospolitej Ludowej, zmieniającą oficjalnie m.in. nazwę państwa?;1952;1944;1947;1976
Historia;Polska Ludowa (PRL);trudne;W którym roku uchwalono Konstytucję PRL (stalinowską)?;1952;1944;1947;1956
Historia;Polska Ludowa (PRL);trudne;W którym roku wprowadzono w Polsce stan wojenny?;1981;1970;1968;1989
Historia;Polska Ludowa (PRL);łatwe;Czym płacono za zachodnie towary w sklepach Pewex?;Bonami towarowymi;Złotówkami;Markami;Kartkami żywnościowymi
Historia;Polska Ludowa (PRL);łatwe;Jak nazywał się papież Polak wybrany w czasie trwania PRL-u w 1978 roku?;Jan Paweł II;Benedykt XVI;Paweł VI;Jan XXIII
Historia;Polska Ludowa (PRL);łatwe;Jak nazywał się popularny polski samochód produkowany w FSO?;Polonez;Skoda;Dacia;Łada
Historia;Polska Ludowa (PRL);łatwe;Kto był pierwszym przywódcą związku zawodowego "Solidarność"?;Lech Wałęsa;Anna Walentynowicz;Jacek Kuroń;Adam Michnik
Historia;Polska Ludowa (PRL);łatwe;Kto stał na czele NSZZ 'Solidarność'?;Lech Wałęsa;Wojciech Jaruzelski;Edward Gierek;Władysław Gomułka
Historia;Polska Ludowa (PRL);łatwe;Który papież odwiedził Polskę podczas pierwszej pielgrzymki w 1979 r.?;Jan Paweł II;Paweł VI;Benedykt XVI;Jan Paweł I
Historia;Polska Ludowa (PRL);łatwe;W którym roku wprowadzono stan wojenny w Polsce?;1981 r.;1970 r.;1989 r.;1956 r.
Historia;Polska Ludowa (PRL);łatwe;W którym roku wprowadzono w Polsce stan wojenny (13 grudnia)?;1981;1980;1983;1970
Historia;Polska pod Zaborami;trudne;Jak nazywało się powstanie, które wybuchło w nocy z 29 na 30 listopada 1830 roku?;Listopadowe;Styczniowe;Kościuszkowskie;Wielkopolskie
Historia;Polska pod Zaborami;trudne;Jaki tajny organ kierowniczy, powołany do życia z początkiem powstania styczniowego w 1863 roku, wydawał własne dekrety i pobierał podatki?;Tymczasowy Rząd Narodowy;Rząd Narodowy RP;Rada Regencyjna;Komisja Rządząca
Historia;Polska pod Zaborami;trudne;Kto był Naczelnikiem powstania kościuszkowskiego (1794) i dowódcą w bitwie pod Racławicami?;Tadeusz Kościuszko;Jan Henryk Dąbrowski;Józef Poniatowski;Józef Chłopicki
Historia;Polska pod Zaborami;trudne;Kto był najwyższym naczelnikiem powstania kościuszkowskiego w 1794 roku?;Tadeusz Kościuszko;Józef Poniatowski;Kazimierz Pułaski;Romuald Traugutt
Historia;Polska pod Zaborami;trudne;Kto był ostatnim dyktatorem powstania styczniowego?;Romuald Traugutt;Marian Langiewicz;Ludwik Mierosławski;Józef Chłopicki
Historia;Polska pod Zaborami;trudne;Które krwawe polskie zrywy niepodległościowe wybuchły w nocy z 29 na 30 listopada zbrojnym atakiem na carski Belweder w Warszawie?;Powstanie listopadowe;Powstanie styczniowe;Powstanie krakowskie;Powstanie wielkopolskie
Historia;Polska pod Zaborami;trudne;Który dyktator upadającego powstania styczniowego został w 1864 roku stracony przez Rosjan na stokach Cytadeli Warszawskiej?;Romuald Traugutt;Marian Langiewicz;Ludwik Mierosławski;Józef Chłopicki
Historia;Polska pod Zaborami;trudne;W jakiej bitwie powstania kościuszkowskiego brali udział kosynierzy Bartosza Głowackiego?;Pod Racławicami;Pod Maciejowicami;Pod Szczekocinami;Pod Zieleńcami
Historia;Polska pod Zaborami;łatwe;Jakie powstanie wybuchło 1 sierpnia 1944 roku w stolicy Polski?;Powstanie Warszawskie;Powstanie Styczniowe;Powstanie Listopadowe;Powstanie Wielkopolskie
Historia;Polska pod Zaborami;łatwe;Kto był Najwyższym Naczelnikiem powstania w 1794 roku?;Tadeusz Kościuszko;Romuald Traugutt;Józef Piłsudski;Piotr Wysocki
Historia;Polska pod Zaborami;łatwe;Które polskie powstanie zakończyło się pełnym zwycięstwem?;Powstanie wielkopolskie;Powstanie styczniowe;Powstanie listopadowe;Powstanie warszawskie
Historia;Polska pod Zaborami;łatwe;Przeciwko jakiemu państwu wybuchło powstanie styczniowe?;Imperium Rosyjskiemu;Królestwu Prus;Cesarstwu Austrii;Królestwu Szwecji
Historia;Polska pod Zaborami;łatwe;Przeciwko któremu zaborcy wybuchło powstanie kościuszkowskie?;Rosji;Prusom;Austrii;Francji
Historia;Polska pod Zaborami;łatwe;W którym roku wybuchło powstanie listopadowe?;1830 r.;1863 r.;1794 r.;1944 r.
Historia;Polska pod Zaborami;łatwe;W którym roku wybuchło powstanie styczniowe?;1863;1830;1794;1918
Historia;Oświecenie i Rewolucje;trudne;Jak nazywał się dokument z 1789 roku głoszący wolność i równość obywateli?;Deklaracja Praw Człowieka i Obywatela;Kodeks Napoleona;Konstytucja 3 Maja;Wielka Karta Swobód
Historia;Oświecenie i Rewolucje;trudne;Jak nazywał się król Francji stracony na gilocie w 1793 roku?;Ludwik XVI;Ludwik XIV;Ludwik XV;Karol X
Historia;Oświecenie i Rewolucje;trudne;Jak nazywał się radykalny klub polityczny, na którego czele stał Robespierre?;Jakobini;Żyrondyści;Kordelierzy;Feuillanci
Historia;Oświecenie i Rewolucje;trudne;Jak zwał się historyczny dokument z 1789 roku, głoszący wolność i równość, a także ustanawiający, że źródłem wszelkiej władzy jest naród?;Deklaracja Praw Człowieka i Obywatela;Konstytucja roku I;Kodeks Napoleona;Edykt nantejski
Historia;Oświecenie i Rewolucje;trudne;Jaki lekarz i radykalny, charyzmatyczny przywódca polityczny jakobinów został latem 1793 roku zamordowany w wannie przez Charlotte Corday?;Jean-Paul Marat;Georges Danton;Maximilien Robespierre;Louis de Saint-Just
Historia;Oświecenie i Rewolucje;trudne;Jakie imię i numer nosił bezwzględnie zgilotynowany król Francji, zrzucony z tronu w wyniku wybuchu Wielkiej Rewolucji Francuskiej?;Ludwik XVI;Ludwik XIV;Ludwik XV;Karol X
Historia;Oświecenie i Rewolucje;trudne;Kto stał na czele radykalnego stronnictwa jakobinów podczas rewolucji francuskiej?;Maximilien Robespierre;Georges Danton;Jean-Paul Marat;Ludwik XVI
Historia;Oświecenie i Rewolucje;trudne;Który dokument uchwalony przez Zgromadzenie Narodowe we Francji w sierpniu 1789 roku proklamował wolność, równość i prawo do oporu wobec ucisku?;Deklaracja Praw Człowieka i Obywatela;Konstytucja 3 maja;Wielka Karta Swobód;Deklaracja Niepodległości USA
Historia;Oświecenie i Rewolucje;łatwe;Jak nazywało się radykalne stronnictwo polityczne pod wodzą Robespierre'a?;Jakobini;Żyrondyści;Kordelierzy;Sankiuloci
Historia;Oświecenie i Rewolucje;łatwe;Jak nazywało się słynne paryskie więzienie, którego zdobycie 14 lipca 1789 roku rozpoczęło rewolucję?;Bastylia;Luwr;Wersal;Conciergerie
Historia;Oświecenie i Rewolucje;łatwe;Jaki autorytarny system rządów został obalony we Francji w 1789 roku?;Monarchia absolutna;Republika;Cesarstwo;Dyrektoriat
Historia;Oświecenie i Rewolucje;łatwe;Jaki instrument służący do wykonywania wyroków śmierci stał się symbolem rewolucji francuskiej?;Gilotyna;Szubienica;Miecz;Stos
Historia;Oświecenie i Rewolucje;łatwe;Jakie makabryczne urządzenie stało się symbolem rewolucyjnego terroru?;Gilotyna;Szubienica;Krzesło elektryczne;Topór katowski
Historia;Oświecenie i Rewolucje;łatwe;Który król Francji z dynastii Burbonów został zgilotynowany przez rewolucjonistów?;Ludwik XVI;Ludwik XIV;Ludwik XV;Karol X
Historia;Oświecenie i Rewolucje;łatwe;Zdobycie jakiej paryskiej twierdzy i więzienia rozpoczęło Rewolucję Francuską?;Bastylii;Wersalu;Luwru;Pałacu Inwalidów
Historia;Oświecenie i Rewolucje;łatwe;Zdobycie jakiej twierdzy w 1789 roku uważa się za początek rewolucji francuskiej?;Bastylia;Wersal;Luwr;Conciergerie
Historia;Polska Królewska i Jagiellońska;trudne;Co oznaczała zasada liberum veto w Sejmie Rzeczypospolitej Szlacheckiej?;Jeden poseł mógł zerwać obrady i unieważnić wszystkie uchwały sejmu;Król miał prawo weta wobec każdej uchwały sejmowej;Senat mógł odrzucić uchwałę przyjętą przez izbę poselską;Szlachta mogła zbojkotować elekcję królewską
Historia;Polska Królewska i Jagiellońska;trudne;Jak nazywał się słynny rozejm z 1667 roku kończący wojnę z Rosją?;W Andruszowie;W Oliwie;W Sztumskiej Wsi;W Polanowie
Historia;Polska Królewska i Jagiellońska;trudne;Jak nazywało się prawo pozwalające jednemu posłowi na zerwanie obrad Sejmu?;Liberum veto;Nihil novi;Artykuły henrykowskie;Pacta conventa
Historia;Polska Królewska i Jagiellońska;trudne;Jak nazywały się zaciężne oddziały lądowej jazdy Rzeczypospolitej, wsławione szarżami z długimi kopiami i doczepionymi skrzydłami?;Husaria;Petyhorcy;Lisowczycy;Pancerni
Historia;Polska Królewska i Jagiellońska;trudne;Kto w roku 1573 został po pierwszej wolnej elekcji wezwany na polski tron, by uciec do Francji kilkanaście miesięcy później?;Henryk Walezy;Stefan Batory;Zygmunt III Waza;Jan III Sobieski
Historia;Polska Królewska i Jagiellońska;trudne;Kto został wybrany na pierwszego króla elekcyjnego w 1573 roku?;Henryk Walezy;Stefan Batory;Zygmunt III Waza;Jan Kazimierz
Historia;Polska Królewska i Jagiellońska;trudne;W którym roku Rzeczpospolita i carska Rosja zawarły oficjalny rozejm w Andruszowie, kończący wyniszczającą i trwającą latami wojnę obu mocarstw?;1667;1656;1686;1618
Historia;Polska Królewska i Jagiellońska;trudne;W którym roku zawarto unię lubelską, tworząc Rzeczpospolitą Obojga Narodów?;1569;1385;1410;1525
Historia;Polska Królewska i Jagiellońska;łatwe;Jak nazywała się elitarna polska jazda, znana ze skrzydeł doczepianych do zbroi?;Husaria;Pancerni;Ułani;Dragoni
Historia;Polska Królewska i Jagiellońska;łatwe;Jak nazywało się prawo szlachcica do zerwania sejmu jednym głosem sprzeciwu?;Liberum veto;Nihil novi;Artykuły henrykowskie;Pacta conventa
Historia;Polska Królewska i Jagiellońska;łatwe;Jak oficjalnie nazywał się dwuizbowy parlament w Rzeczpospolitej Szlacheckiej?;Sejm Walny;Rada Państwa;Senat Rzymski;Duma Bojarska
Historia;Polska Królewska i Jagiellońska;łatwe;Jak potocznie nazywano biedną, nieposiadającą ziemi szlachtę?;Gołota;Magnateria;Ziemiaństwo;Patrycjat
Historia;Polska Królewska i Jagiellońska;łatwe;Jakie nieszczęsne prawo pozwalało pojedynczemu posłowi zerwać obrady sejmu?;Liberum veto;Prawo oporu;Artykuły henrykowskie;Pacta conventa
Historia;Polska Królewska i Jagiellońska;łatwe;Który polski hetman wygrał bitwę pod Kłuszynem w 1610 roku?;Stanisław Żółkiewski;Jan Karol Chodkiewicz;Stefan Czarniecki;Jerzy Sebastian Lubomirski
Historia;Polska Królewska i Jagiellońska;łatwe;W którym mieście w 1569 roku podpisano unię realną między Polską a Litwą?;W Lublinie;W Wilnie;W Warszawie;W Krakowie
Historia;Polska Królewska i Jagiellońska;łatwe;Z jakim agresywnym sąsiadem Rzeczpospolita toczyła tzw. Potop (1655-1660)?;Ze Szwecją;Z Rosją;Z Imperium Osmańskim;Z Tatarami
Historia;Prehistoria i Starożytny Wschód;trudne;Bitwa pod Kadesz (1274 r. p.n.e.) rozegrała się między Egiptem a państwem:;Hetytów;Asyryjczyków;Persów;Babilończyków
Historia;Prehistoria i Starożytny Wschód;trudne;Jak nazywało się pismo obrazkowe stosowane przez starożytnych Egipcjan?;Hieroglify;Pismo klinowe;Alfabet;Demotyka
Historia;Prehistoria i Starożytny Wschód;trudne;Jak nazywało się pismo znakowe starożytnych Egipcjan, które francuscy badacze rozszyfrowali ostatecznie za pomocą tzw. Kamienia z Rosetty?;Hieroglify;Pismo klinowe;Pismo linearne B;Głagolica
Historia;Prehistoria i Starożytny Wschód;trudne;Kto rozszyfrował hieroglify dzięki Kamieniowi z Rosetty?;Jean-François Champollion;Howard Carter;Napoleon Bonaparte;Heinrich Schliemann
Historia;Prehistoria i Starożytny Wschód;trudne;Która bitwa z 480 roku p.n.e. jest znana z heroicznej obrony 300 Spartan pod wodzą Leonidasa przed wojskami perskimi?;Bitwa pod Termopilami;Bitwa pod Maratonem;Bitwa pod Salaminą;Bitwa pod Platejami
Historia;Prehistoria i Starożytny Wschód;trudne;Która egipska i niezwykle polityczna władczyni z wywodzącej się z Grecji dynastii Ptolemeuszów wdała się w romans z Rzymianinem Juliuszem Cezarem?;Kleopatra VII;Nefertiti;Hatszepsut;Sobekneferu
Historia;Prehistoria i Starożytny Wschód;trudne;Który faraon zjednoczył Górny i Dolny Egipt około 3100 r. p.n.e.?;Narmer;Ramzes II;Tutenchamon;Cheops
Historia;Prehistoria i Starożytny Wschód;trudne;W jakiej wielkiej, nierozstrzygniętej bitwie w 1274 r. p.n.e. starły się siły faraona Ramzesa II z armią państwa hetyckiego?;Bitwa pod Kadesz;Bitwa pod Megiddo;Bitwa pod Gaugamelą;Bitwa pod Peluzjum
Historia;Prehistoria i Starożytny Wschód;łatwe;Gdzie znajdują się najsłynniejsze i największe piramidy?;W Gizie;W Luksorze;W Aleksandrii;W Tebach
Historia;Prehistoria i Starożytny Wschód;łatwe;Jak nazywali się władcy starożytnego Egiptu?;Faraonowie;Cesarze;Królowie;Sułtani
Historia;Prehistoria i Starożytny Wschód;łatwe;Jak nazywano absolutnych władców starożytnego Egiptu?;Faraon;Cesarz;Król;Sułtan
Historia;Prehistoria i Starożytny Wschód;łatwe;Jaka rzeka była kluczowa dla rozwoju rolnictwa w starożytnym Egipcie?;Nil;Tygrys;Eufrat;Jordan
Historia;Prehistoria i Starożytny Wschód;łatwe;Jaki innowacyjny materiał pisarski wynaleźli starożytni Egipcjanie?;Papirus;Pergamin;Papier;Gliniane tabliczki
Historia;Prehistoria i Starożytny Wschód;łatwe;Który młody faraon słynie ze słynnej złotej maski grobowej?;Tutanchamon;Ramzes II;Cheops;Echnaton
Historia;Prehistoria i Starożytny Wschód;łatwe;Nad jaką wielką rzeką rozwinęła się cywilizacja starożytnego Egiptu?;Nad Nilem;Nad Eufratem;Nad Tybrem;Nad Indusem
Historia;Prehistoria i Starożytny Wschód;łatwe;Wzdłuż jakiej rzeki rozwijała się starożytna cywilizacja egipska?;Nil;Tygrys;Eufrat;Ganges
Historia;Starożytna Grecja i Rzym;bardzo trudne;Jak nazywali się urzędnicy w republice rzymskiej, którzy mieli prawo veta i chronili plebejuszy?;Trybuni ludowi;Konsulowie;Pretorzy;Cenzorzy
Historia;Starożytna Grecja i Rzym;bardzo trudne;Który cesarz rzymski wydał Edykt Mediolański dający wolność chrześcijanom?;Konstantyn Wielki;Neron;Oktawian August;Trajan
Historia;Starożytna Grecja i Rzym;bardzo trudne;Który faraon próbował wprowadzić w Egipcie monoteistyczny kult boga Atona?;Echnaton;Ramzes II;Tutanchamon;Seti I
Historia;Starożytna Grecja i Rzym;bardzo trudne;W którym roku upadło Cesarstwo Zachodniorzymskie?;476 n.e.;395 n.e.;1000 n.e.;44 p.n.e.
Historia;Starożytna Grecja i Rzym;trudne;Bitwa pod Termopilami rozegrała się między Persami a...?;Spartanami;Ateńczykami;Rzymianami;Egipcjanami
Historia;Starożytna Grecja i Rzym;trudne;Jak nazywała się główna świątynia na Akropolu w Atenach?;Partenon;Erechtejon;Panteon;Koloseum
Historia;Starożytna Grecja i Rzym;trudne;Jak nazywało się pismo starożytnych Egipcjan?;Hieroglify;Klinowe;Runy;Fenickie
Historia;Starożytna Grecja i Rzym;trudne;Kto zwyciężył w bitwie pod Gaugamelą, kładąc kres imperium perskiemu?;Aleksander Wielki;Cezar;Leonidas;Perykles
Historia;Starożytna Grecja i Rzym;łatwe;Jak nazywała się rzeka, nad którą powstała cywilizacja starożytnego Egiptu?;Nil;Eufrat;Tygrys;Ganges
Historia;Starożytna Grecja i Rzym;łatwe;Kto był pierwszym mitycznym królem Rzymu?;Romulus;Remus;Cezar;August
Historia;Wielcy Polacy i Dowódcy;trudne;Jak nazywał się kartagiński wódz, który przeszedł Alpy z słoniami, by zaatakować Rzym?;Hannibal;Hamilkar;Hazdrubal;Scypion
Historia;Wielcy Polacy i Dowódcy;trudne;Jaki starożytny dowódca, dziedzicząc macedoński tron, przedwcześnie zmarł w wieku 32 lat po niemal całkowitym podboju Imperium Perskiego?;Aleksander Macedoński;Filip II;Ptolemeusz I Soter;Seleukos I
Historia;Wielcy Polacy i Dowódcy;trudne;Jaką godność i przydomek nosił rzymski konsul, który ostatecznie pokonał wielkiego Hannibala w 202 r. p.n.e. w przełomowej bitwie pod Zamą?;Scypion Afrykański Starszy;Marek Antoniusz;Pompejusz Wielki;Oktawian August
Historia;Wielcy Polacy i Dowódcy;trudne;Kto dowodził husarią pod Kircholmem w 1605 roku?;Jan Karol Chodkiewicz;Stanisław Żółkiewski;Stefan Czarniecki;Jan Zamoyski
Historia;Wielcy Polacy i Dowódcy;trudne;Kto dowodził oddziałami potężnej husarii, odnosząc w 1605 r. pod Kircholmem błyskotliwe zwycięstwo nad armią szwedzkiego króla?;Jan Karol Chodkiewicz;Stanisław Żółkiewski;Stefan Czarniecki;Jan Zamoyski
Historia;Wielcy Polacy i Dowódcy;trudne;Który kartagiński wódz przeszedł z armią i słoniami bojowymi przez Alpy, by zaatakować Rzym?;Hannibal;Scypion Afrykański;Spartakus;Pyrrus
Historia;Wielcy Polacy i Dowódcy;trudne;Który starożytny wódz macedoński podbił Imperium Perskie?;Aleksander Wielki;Filip II;Leonidas;Cyrus Wielki
Historia;Wielcy Polacy i Dowódcy;trudne;Pod jaką miejscowością Napoleon Bonaparte poniósł ostateczną klęskę w 1815 roku, co zakończyło epokę napoleońską?;Waterloo;Austerlitz;Lipsk;Borodino
Historia;Wielcy Polacy i Dowódcy;łatwe;Jak nazywał się wódz Kartaginy, który przeprawił się przez Alpy ze słoniami?;Hannibal;Scypion Afrykański;Pyrrus;Hasdrubal
Historia;Wielcy Polacy i Dowódcy;łatwe;Jaki francuski wódz i cesarz poniósł ostateczną klęskę pod Waterloo w 1815 roku?;Napoleon Bonaparte;Ludwik XIV;Karol Wielki;Joanna d'Arc
Historia;Wielcy Polacy i Dowódcy;łatwe;Jaki francuski wódz i cesarz zdominował Europę na początku XIX wieku?;Napoleon Bonaparte;Ludwik XIV;Karol Wielki;Joachim Murat
Historia;Wielcy Polacy i Dowódcy;łatwe;Jaki polski król i wódz obronił Wiedeń przed najazdem tureckim?;Jan III Sobieski;Władysław Jagiełło;Stefan Batory;Zygmunt III Waza
Historia;Wielcy Polacy i Dowódcy;łatwe;Kto był naczelnym wodzem wojsk polskich podczas bitwy warszawskiej 1920 roku?;Józef Piłsudski;Edward Rydz-Śmigły;Józef Haller;Władysław Sikorski
Historia;Wielcy Polacy i Dowódcy;łatwe;Kto dowodził zwycięskimi rzymskimi legionami podczas podboju Galii?;Juliusz Cezar;Marek Antoniusz;Oktawian August;Pompejusz Wielki
Historia;Wielcy Polacy i Dowódcy;łatwe;Kto ostatecznie pokonał potężne wojska perskie pod Gaugamelą?;Aleksander Macedoński;Hannibal;Spartakus;Leonidas
Historia;Wielcy Polacy i Dowódcy;łatwe;Który słynny cesarz francuski zmarł na wygnaniu na Wyspie Świętej Heleny?;Napoleon Bonaparte;Juliusz Cezar;Aleksander Wielki;Karol Wielki
Historia;Wielcy Polacy i Dowódcy;bardzo trudne;Jak nazywał się polski generał, bohater trzech narodów, który zginął w bitwie pod Savannah?;Kazimierz Pułaski;Tadeusz Kościuszko;Józef Poniatowski;Jan Henryk Dąbrowski
Historia;Wielcy Polacy i Dowódcy;bardzo trudne;Która Polka jako jedyna kobieta w historii otrzymała dwie Nagrody Nobla?;Maria Skłodowska-Curie;Wisława Szymborska;Olga Tokarczuk;Maria Konopnicka
Historia;Wielcy Polacy i Dowódcy;trudne;Jak nazywał się polski astronom, który "wstrzymał Słońce, ruszył Ziemię"?;Mikołaj Kopernik;Jan Heweliusz;Aleksander Wolszczan;Michał Heller
Historia;Wielcy Polacy i Dowódcy;trudne;Który polski król odniósł wielkie zwycięstwo nad Zakonem Krzyżackim pod Grunwaldem?;Władysław Jagiełło;Kazimierz Wielki;Zygmunt Stary;Jan Sobieski
Historia;Wielcy Polacy i Dowódcy;łatwe;Który Polak otrzymał Pokojową Nagrodę Nobla i był liderem "Solidarności"?;Lech Wałęsa;Jan Paweł II;Czesław Miłosz;Aleksander Kwaśniewski
Historia;Wielkie Odkrycia Geograficzne;trudne;Jak nazywał się niezłomny, portugalski eksplorator, który w 1488 roku jako absolutnie pierwszy dopłynął statkiem do Przylądka Dobrej Nadziei?;Bartłomiej Diaz;Vasco da Gama;Henryk Żeglarz;Pedro Álvares Cabral
Historia;Wielkie Odkrycia Geograficzne;trudne;Kto w 1488 roku odkrył Przylądek Dobrej Nadziei?;Bartłomiej Diaz;Vasco da Gama;Ferdynand Magellan;Amerigo Vespucci
Historia;Wielkie Odkrycia Geograficzne;trudne;Który Portugalczyk jako pierwszy dotarł drogą morską do Indii w 1498 roku?;Vasco da Gama;Bartłomiej Diaz;Krzysztof Kolumb;Pedro Cabral
Historia;Wielkie Odkrycia Geograficzne;trudne;Który żeglarz jako pierwszy Europejczyk dotarł drogą morską do Indii w 1498 roku?;Vasco da Gama;Bartłomiej Diaz;James Cook;Amerigo Vespucci
Historia;Wielkie Odkrycia Geograficzne;trudne;Który żeglarz jako pierwszy przepłynął dookoła Ziemi (choć sam zginął w drodze), a jego wyprawa zakończyła się w 1522 roku?;Ferdynand Magellan;Vasco da Gama;Amerigo Vespucci;Bartolomeu Dias
Historia;Wielkie Odkrycia Geograficzne;trudne;Który żeglarz stanął na czele zuchwałej hiszpańskiej wyprawy, która w latach 1519–1522 po raz pierwszy opłynęła całą kulę ziemską?;Ferdynand Magellan;Vasco da Gama;James Cook;Amerigo Vespucci
Historia;Wielkie Odkrycia Geograficzne;trudne;Od czyjego imienia pochodzi nazwa kontynentu Ameryka?;Amerigo Vespucci;Krzysztof Kolumb;Krystyna Amerykańska;Jan z Kolna
Historia;Wielkie Odkrycia Geograficzne;trudne;Pod egidą jakiej korony państwowej Krzysztof Kolumb zorganizował w 1492 r. epokową ekspedycję morską przez Atlantyk?;Korony hiszpańskiej;Korony portugalskiej;Republiki Genui;Królestwa Anglii
Historia;Wielkie Odkrycia Geograficzne;łatwe;Czyja ekspedycja jako pierwsza opłynęła Ziemię dookoła?;Ferdynanda Magellana;Krzysztofa Kolumba;Francisa Drake'a;Wikingów
Historia;Wielkie Odkrycia Geograficzne;łatwe;Jaki kontynent został odkryty i zbadany przez Jamesa Cooka?;Australia;Antarktyda;Ameryka Północna;Azja
Historia;Wielkie Odkrycia Geograficzne;łatwe;Jaki kraj europejski jako pierwszy zainicjował erę wielkich odkryć?;Portugalia;Hiszpania;Anglia;Francja
Historia;Wielkie Odkrycia Geograficzne;łatwe;Kto odkrył Amerykę w 1492 roku?;Krzysztof Kolumb;Vasco da Gama;Ferdynand Magellan;Amerigo Vespucci
Historia;Wielkie Odkrycia Geograficzne;łatwe;Kto oficjalnie odkrył Amerykę w 1492 roku?;Krzysztof Kolumb;Vasco da Gama;Ferdynand Magellan;Marco Polo
Historia;Wielkie Odkrycia Geograficzne;łatwe;Kto w 1492 roku odkrył Amerykę, wierząc, że dotarł do Indii?;Krzysztof Kolumb;Ferdynand Magellan;Vasco da Gama;Marco Polo
Historia;Wielkie Odkrycia Geograficzne;łatwe;Który żeglarz jako pierwszy dopłynął drogą morską z Europy do Indii?;Vasco da Gama;Bartłomiej Diaz;James Cook;Amerigo Vespucci
Historia;Wielkie Odkrycia Geograficzne;łatwe;Który żeglarz jako pierwszy opłynął świat (choć sam zginął w trakcie wyprawy)?;Ferdynand Magellan;James Cook;Marco Polo;Vasco da Gama
Historia;II Wojna Światowa;bardzo trudne;Jak nazywała się operacja desantowa aliantów w Normandii w 1944 roku?;Overlord;Barbarossa;Market Garden;Cytadela
Historia;II Wojna Światowa;bardzo trudne;Kto był brytyjskim premierem przez większość II wojny światowej?;Winston Churchill;Neville Chamberlain;Clement Attlee;Anthony Eden
Historia;II Wojna Światowa;trudne;Gdzie doszło do podpisania rozejmu kończącego I wojnę światową?;Compiègne;Wersal;Berlin;Paryż
Historia;II Wojna Światowa;trudne;Jak nazywał się sojusz Niemiec, Włoch i Japonii podczas II wojny światowej?;Oś;Ententa;Trójprzymierze;Alianci
Historia;II Wojna Światowa;łatwe;W którym roku wybuchła II wojna światowa?;1939;1914;1945;1918
Historia;Współczesna Polska i Świat;trudne;Kto był pierwszym niekomunistycznym premierem Polski po II wojnie światowej, wybranym w 1989 r.?;Tadeusz Mazowiecki;Lech Wałęsa;Jan Olszewski;Leszek Balcerowicz
Historia;Współczesna Polska i Świat;trudne;Kto w bezprecedensowych, powszechnych wyborach w 1990 roku uzyskał większość i objął po raz pierwszy nowożytny urząd Prezydenta RP?;Lech Wałęsa;Aleksander Kwaśniewski;Wojciech Jaruzelski;Tadeusz Mazowiecki
Historia;Współczesna Polska i Świat;trudne;Kto w kwietniu 1997 roku, w imieniu ówczesnego lewicowego gabinetu Rady Ministrów, podpisał uchwaloną Konstytucję Rzeczypospolitej Polskiej?;Włodzimierz Cimoszewicz;Leszek Miller;Józef Oleksy;Waldemar Pawlak
Historia;Współczesna Polska i Świat;trudne;Kto wygrał pierwsze powszechne wybory prezydenckie w 1990 roku?;Lech Wałęsa;Tadeusz Mazowiecki;Stanisław Tymiński;Aleksander Kwaśniewski
Historia;Współczesna Polska i Świat;trudne;W którym roku Polska wstąpiła do Sojuszu Północnoatlantyckiego (NATO)?;1999;1991;2004;1997
Historia;Współczesna Polska i Świat;trudne;W którym roku Polska została przyjęta do sojuszu NATO?;1999;2004;1997;2001
Historia;Współczesna Polska i Świat;trudne;W którym roku tragicznie i nagle zginął w katastrofie lotniczej pod Smoleńskiem, udający się na obchody katyńskie, prezydent Lech Kaczyński?;2010;2008;2011;2012
Historia;Współczesna Polska i Świat;trudne;W którym roku uchwalono obecnie obowiązującą Konstytucję RP?;1997;1989;1992;2000
Historia;Współczesna Polska i Świat;łatwe;Jaki nadrzędny dokument prawny, uchwalony w 1997 roku, obowiązuje w Polsce?;Konstytucja RP;Kodeks Karny;Karta Praw Podstawowych;Statut Państwowy
Historia;Współczesna Polska i Świat;łatwe;Kto był pierwszym, historycznym niekomunistycznym premierem RP po 1989 roku?;Tadeusz Mazowiecki;Leszek Balcerowicz;Jan Krzysztof Bielecki;Jan Olszewski
Historia;Współczesna Polska i Świat;łatwe;Kto wygrał pierwsze w pełni wolne i powszechne wybory prezydenckie w Polsce w 1990 r.?;Lech Wałęsa;Aleksander Kwaśniewski;Tadeusz Mazowiecki;Lech Kaczyński
Historia;Współczesna Polska i Świat;łatwe;Kto został pierwszym premierem III RP?;Tadeusz Mazowiecki;Krzysztof Bielecki;Jan Olszewski;Leszek Balcerowicz
Historia;Współczesna Polska i Świat;łatwe;W którym roku Polska dołączyła do Paktu Północnoatlantyckiego (NATO)?;1999 r.;1997 r.;2004 r.;2001 r.
Historia;Współczesna Polska i Świat;łatwe;W którym roku Polska oficjalnie przystąpiła do Unii Europejskiej?;2004;1999;1989;2010
Historia;Współczesna Polska i Świat;łatwe;W którym roku Polska przystąpiła do Unii Europejskiej?;2004;1999;2010;1989
Historia;Współczesna Polska i Świat;łatwe;W którym roku Rzeczpospolita Polska oficjalnie wstąpiła do Unii Europejskiej?;2004 r.;1999 r.;2007 r.;2001 r.
Historia;Współczesna Polska i Świat;bardzo trudne;Kto był premierem rządu polskiego w momencie wejścia do NATO?;Jerzy Buzek;Leszek Miller;Marek Belka;Donald Tusk
Historia;Współczesna Polska i Świat;bardzo trudne;W którym roku uchwalono obecnie obowiązującą Konstytucję RP?;1997;1989;1992;2000
Historia;Współczesna Polska i Świat;trudne;Jak nazywał się związek zawodowy założony w 1980 roku, któremu przewodził Lech Wałęsa?;Solidarność;OPZZ;NZS;KOR
Historia;Współczesna Polska i Świat;trudne;W którym roku Polska wstąpiła do Unii Europejskiej?;2004;1999;2000;2010
Historia;Współczesna Polska i Świat;łatwe;Kto był pierwszym prezydentem III RP wybranym w wyborach powszechnych?;Lech Wałęsa;Wojciech Jaruzelski;Aleksander Kwaśniewski;Lech Kaczyński
Historia;Zamki i Twierdze;trudne;Jak nazywa się jedyna w Polsce i Europie twierdza górska położona w Sudetach?;Srebrna Góra;Kłodzko;Modlin;Boyen
Historia;Zamki i Twierdze;trudne;Jak nazywa się potężna fortyfikacja w polskich Sudetach Wschodnich, zaprojektowana w XVIII w. z nakazu pruskiego króla Fryderyka II?;Twierdza Srebrnogórska;Twierdza Kłodzko;Twierdza Modlin;Twierdza Boyen
Historia;Zamki i Twierdze;trudne;Jak nazywa się zamek typu "palazzo in fortezza" w Ujeździe?;Krzyżtopór;Łańcut;Krasiczyn;Nieborów
Historia;Zamki i Twierdze;trudne;Jaki polski zamek jest największym na świecie zamkiem zbudowanym z cegły?;Zamek w Malborku;Zamek Książ;Zamek w Niedzicy;Krzyżtopór
Historia;Zamki i Twierdze;trudne;Kto na przełomie XIII i XIV wieku ufundował, rozbudowywał i zajmował gigantyczny zamek w Malborku, przenosząc tam swą stolicę z Wenecji?;Zakon krzyżacki;Król Kazimierz Wielki;Książęta mazowieccy;Zakon templariuszy
Historia;Zamki i Twierdze;trudne;Który z zachowanych do dziś, majestatycznych zamków leżących na wzniesieniach na Jurze Krakowsko-Częstochowskiej wchodził w system Orlich Gniazd?;Zamek Ogrodzieniec;Zamek Książ;Zamek Czocha;Zamek Krzyżtopór
Historia;Zamki i Twierdze;trudne;Który zamek krzyżacki, zbudowany w XIV wieku nad Wisłą, jest uważany za jeden z największych gotyckich zamków na świecie?;Zamek w Malborku;Zamek na Wawelu;Zamek w Chęcinach;Zamek w Golubiu-Dobrzyniu
Historia;Zamki i Twierdze;trudne;Który zamek na Jurze Krakowsko-Częstochowskiej uznawany jest za najbardziej imponujące "Orle Gniazdo"?;Ogrodzieniec;Pieskowa Skała;Bobolice;Mirów
Historia;Zamki i Twierdze;łatwe;Jak nazywa się królewska rezydencja na wzgórzu w Krakowie?;Wawel;Zamek Królewski;Wilanów;Łazienki
Historia;Zamki i Twierdze;łatwe;Jak nazywa się malowniczy zamek z maczugą Herkulesa na Szlaku Orlich Gniazd?;Pieskowa Skała;Zamek Czocha;Zamek w Kórniku;Zamek w Gołuchowie
Historia;Zamki i Twierdze;łatwe;Jak nazywają się imponujące ruiny ogromnego zamku w województwie świętokrzyskim?;Krzyżtopór;Zamek w Chęcinach;Ogrodzieniec;Zamek w Bobolicach
Historia;Zamki i Twierdze;łatwe;Jaki zamek w Krakowie był wielowiekową siedzibą polskich królów?;Wawel;Zamek Królewski w Warszawie;Zamek w Malborku;Książ
Historia;Zamki i Twierdze;łatwe;Który potężny zamek w Polsce był siedzibą Wielkich Mistrzów Zakonu Krzyżackiego?;Zamek w Malborku;Zamek Wawelski;Zamek Książ;Zamek w Niedzicy
Historia;Zamki i Twierdze;łatwe;Który władca przeniósł dwór i nakazał rozbudowę Zamku Królewskiego w Warszawie?;Zygmunt III Waza;Kazimierz Wielki;Jan III Sobieski;Bolesław Chrobry
Historia;Zamki i Twierdze;łatwe;W jakim historycznym miejscu w Krakowie rezydowali przez wieki polscy królowie?;Na Wawelu;W Zamku Królewskim;W Pałacu w Łazienkach;W Pałacu w Wilanowie
Historia;Zamki i Twierdze;łatwe;W jakim mieście znajduje się największy zamek krzyżacki zbudowany z cegły?;W Malborku;W Kwidzynie;W Gniewie;W Toruniu
Historia;Zimna Wojna;trudne;Jak nazywał się pierwszy sztuczny satelita Ziemi, wystrzelony przez ZSRR w 1957 roku?;Sputnik 1;Łajka;Wostok 1;Apollo 11
Historia;Zimna Wojna;trudne;Jak nazywał się plan pomocy gospodarczej USA dla Europy po II wojnie światowej?;Plan Marshalla;Plan Schumana;Nowy Ład;Plan Trumana
Historia;Zimna Wojna;trudne;Jak nazywał się plan pomocy gospodarczej USA dla krajów Europy Zachodniej ogłoszony w 1947 roku, który miał przeciwdziałać ekspansji komunizmu?;Plan Marshalla;Doktryna Trumana;Plan Schumana;Plan Dawesa
Historia;Zimna Wojna;trudne;Jaki sojusz wojskowy państw komunistycznych powstał w 1955 roku jako odpowiedź na NATO?;Układ Warszawski;RWPG;Kominform;Pakt Bezpieczeństwa
Historia;Zimna Wojna;trudne;Jaki wielonarodowy i zrzeszający kilkanaście państw sojusz zbrojny, podpisany w 1949 r., uformowano przeciwko potencjalnej, sowieckiej agresji?;Pakt Północnoatlantycki (NATO);Układ Warszawski;Liga Narodów;Organizacja Bezpieczeństwa (OBWE)
Historia;Zimna Wojna;trudne;Który amerykański sekretarz stanu przedstawił w 1947 r. hojny, oficjalnie nazywany "Planem Odbudowy Europy", program pomocy powojennej?;George Marshall;Harry Truman;Charles Dawes;Dwight Eisenhower
Historia;Zimna Wojna;trudne;Mieszkańcy którego wschodnioeuropejskiego kraju wzniecili jesienią 1956 r. antyradziecką, krwawo zgniecioną przez czołgi rewolucję?;Węgier;Czechosłowacji;Polski;Rumunii
Historia;Zimna Wojna;trudne;W którym roku doszło do kryzysu kubańskiego, który niemal doprowadził do wojny atomowej?;1962;1961;1963;1959
Historia;Zimna Wojna;łatwe;Jak nazywał się fizyczny mur dzielący byłą stolicę Niemiec?;Mur Berliński;Mur Chiński;Wał Pomorski;Linia Maginota
Historia;Zimna Wojna;łatwe;Jak nazywała się "niewidzialna" granica dzieląca Europę na blok wschodni i zachodni?;Żelazna kurtyna;Mur berliński;Linia Maginota;Linia Odry i Nysy
Historia;Zimna Wojna;łatwe;Jaka wojna zastępcza toczyła się w Azji w latach 1950-1953?;Wojna koreańska;Wojna wietnamska;Wojna w Afganistanie;I wojna w Zatoce Perskiej
Historia;Zimna Wojna;łatwe;Jaki sojusz wojskowy założyły państwa zachodnie w 1949 roku?;NATO;Układ Warszawski;ONZ;Liga Narodów
Historia;Zimna Wojna;łatwe;Kto był przywódcą ZSRR w czasie groźnego kryzysu kubańskiego?;Nikita Chruszczow;Józef Stalin;Leonid Breżniew;Michaił Gorbaczow
Historia;Zimna Wojna;łatwe;Kto ogłosił politykę 'pierestrojki' i 'głasnosti' w ZSRR?;Michaił Gorbaczow;Borys Jelcyn;Władimir Putin;Jurij Andropow
Historia;Zimna Wojna;łatwe;Mur w jakim niemieckim mieście stał się symbolem podziału świata w czasie zimnej wojny?;Berlin;Monachium;Frankfurt;Hamburg
Historia;Zimna Wojna;łatwe;W którym roku upadł mur berliński?;1989;1980;1991;1975
Historia;Średniowiecze;trudne;Jaka, przeplatana rozejmami wojna między potęgami Anglii i Francji o francuskie lenna, ukształtowała w dużej mierze realia XIV i XV-wiecznej Europy?;Wojna stuletnia;Wojna trzydziestoletnia;Wojna Dwóch Róż;Wojny włoskie
Historia;Średniowiecze;trudne;Kto został uroczyście koronowany podczas świąt Bożego Narodzenia w roku 800 przez rzymskiego papieża, zostając cesarzem zjednoczonego Zachodu?;Karol Wielki;Chlodwig I;Pepin Krótki;Karol Młot
Historia;Średniowiecze;trudne;Który władca został koronowany na cesarza rzymskiego w 800 roku n.e.?;Karol Wielki;Chlodwig;Pepin Krótki;Ludwik Pobożny
Historia;Średniowiecze;trudne;W którym przełomowym roku wojska Wilhelma Zdobywcy dokonały inwazji i odniosły decydujące nad Anglosasami zwycięstwo w bitwie pod Hastings?;1066;1099;1215;1314
Historia;Średniowiecze;trudne;W którym roku Wilhelm Zdobywca pokonał króla Harolda II w bitwie pod Hastings i podbił Anglię?;1066;1054;1095;1099
Historia;Średniowiecze;trudne;W którym roku Wilhelm Zdobywca zwyciężył w bitwie pod Hastings?;1066;1215;1099;1314
Historia;Średniowiecze;trudne;W którym roku cesarz Teodozjusz Wielki ostatecznie podzielił cesarstwo rzymskie?;395 r.;476 r.;313 r.;1453 r.
Historia;Średniowiecze;trudne;Wojna stuletnia (1337-1453) toczyła się między Anglią a:;Francją;Hiszpanią;Niemcami;Szkocją
Historia;Średniowiecze;łatwe;Jak nazywał się system społeczno-gospodarczy oparty na zależności między seniorem a wasalem?;Feudalizm;Kapitalizm;Absolutyzm;Demokracja
Historia;Średniowiecze;łatwe;Jak nazywały się wyprawy zbrojne chrześcijaństwa mające na celu odzyskanie Ziemi Świętej?;Krucjaty;Rebeki;Inkwizycje;Misje
Historia;Średniowiecze;łatwe;Jak nazywały się wyprawy zbrojne organizowane do Ziemi Świętej?;Krucjaty;Pielgrzymki;Konkwisty;Rekonkwisty
Historia;Średniowiecze;łatwe;Jaka niszczycielska epidemia zdziesiątkowała Europę w XIV wieku?;Czarna śmierć (dżuma);Hiszpanka;Cholera;Ospa prawdziwa
Historia;Średniowiecze;łatwe;Jaka wyniszczająca choroba, znana jako czarna śmierć, zdziesiątkowała Europę w XIV wieku?;Dżuma;Cholera;Ospa;Tyfus
Historia;Średniowiecze;łatwe;Kto założył znany zakon żebraczy w Asyżu?;Św. Franciszek;Św. Dominik;Św. Benedykt;Św. Ignacy Loyola
Historia;Średniowiecze;łatwe;Kto został koronowany na cesarza rzymskiego w 800 roku?;Karol Wielki;Otton I;Mieszko I;Ryszard Lwie Serce
Historia;Średniowiecze;łatwe;W jakim stylu architektonicznym budowano strzeliste katedry z witrażami?;Gotyckim;Romańskim;Barokowym;Renesansowym
Historia;Średniowiecze;bardzo trudne;Jak nazywał się dokument wydany przez Jana bez Ziemi w 1215 roku?;Wielka Karta Swobód;Złota Bulla;Statuty Wiślickie;Edykt Mediolański
Historia;Średniowiecze;bardzo trudne;Jak nazywała się rzesza niemiecka po koronacji Ottona I w 962 roku?;Święte Cesarstwo Rzymskie;Związek Reński;Cesarstwo Niemieckie;Prusy
Historia;Średniowiecze;bardzo trudne;Która bitwa w 1066 roku zdecydowała o podboju Anglii przez Normanów?;Pod Hastings;Pod Agincourt;Pod Poitiers;Pod Bouvines
Historia;Średniowiecze;bardzo trudne;Która dynastia panowała we Francji przed Kapetyngami?;Karolingowie;Walezjusze;Burbonowie;Merowingowie
Historia;Średniowiecze;trudne;Jak nazywała się epidemia, która w XIV wieku zabiła 1/3 ludności Europy?;Czarna śmierć;Dżuma justyniańska;Cholera;Tyfus
Historia;Średniowiecze;trudne;Kto koronował się na pierwszego króla Polski?;Bolesław Chrobry;Mieszko I;Władysław Łokietek;Kazimierz Wielki
Historia;Średniowiecze;trudne;Który król Polski założył Akademię Krakowską w 1364 roku?;Kazimierz Wielki;Władysław Łokietek;Władysław Jagiełło;Bolesław Chrobry
Historia;Średniowiecze;trudne;W którym roku odbyła się bitwa pod Grunwaldem?;1410;1385;1444;1525
Historia;Średniowiecze;łatwe;Jak nazywał się system społeczno-polityczny oparty na zależności senior-wasal?;Feudalizm;Demokracja;Absolutyzm;Teokracja
Historia;Średniowiecze;łatwe;Jak nazywała się wyprawa zbrojna rycerstwa europejskiego do Ziemi Świętej?;Krucjata;Konkfistador;Inkwizycja;Reforma
Historia;II Wojna Światowa;łatwe;W którym roku rozpoczęła się II wojna światowa?;1939;1914;1945;1918
Historia;II Wojna Światowa;trudne;Jak nazywał się kryptonim niemieckiego ataku na Związek Radziecki w 1941 roku?;Plan Barbarossa;Operacja Overlord;Plan Fall Weiss;Operacja Market Garden
Historia;II Wojna Światowa;trudne;Która bitwa uznawana jest za największą bitwę pancerną w historii?;Bitwa na Łuku Kurskim;Bitwa pod El Alamein;Bitwa o Stalingrad;Bitwa o Ardeny
Historia;II Wojna Światowa;bardzo trudne;Kto był dowódcą japońskiej floty podczas ataku na Pearl Harbor?;Isoroku Yamamoto;Hideki Tōjō;Hirohito;Chuichi Nagumo
Historia;II Wojna Światowa;bardzo trudne;Jak nazywał się niemiecki statek, którego zatopienie w 1945 roku przez radziecką łódź podwodną S-13 pochłonęło najwięcej ofiar w historii żeglugi?;Wilhelm Gustloff;Goya;Steuben;Bismarck
Historia;II Wojna Światowa;łatwe;Kto był premierem Wielkiej Brytanii przez większość czasu trwania II wojny światowej?;Winston Churchill;Neville Chamberlain;Clement Attlee;Franklin D. Roosevelt
Historia;II Wojna Światowa;trudne;Na której wyspie Pacyfiku rozegrała się jedna z najbardziej krwawych bitew piechoty morskiej USA, upamiętniona słynnym zdjęciem zatknięcia flagi?;Iwo Jima;Okinawa;Guadalcanal;Midway
Historia;II Wojna Światowa;trudne;Jak nazywał się tajny projekt rządu USA, którego celem było zbudowanie bomby atomowej?;Projekt Manhattan;Projekt Apollo;Operacja Paperclip;Projekt Ultra
Historia;II Wojna Światowa;bardzo trudne;Jak nazywała się największa niemiecka operacja desantowa przeprowadzona wyłącznie przez wojska spadochronowe, skierowana przeciwko Krecie?;Operacja Merkur;Operacja Seelöwe;Operacja Weserübung;Operacja Marita
Historia;I Wojna Światowa i Nowoczesność;łatwe;W którym roku rozpoczęła się II wojna światowa?;1939;1914;1945;1918
Historia;I Wojna Światowa i Nowoczesność;łatwe;Kto był pierwszym prezydentem USA?;George Washington;Thomas Jefferson;Abraham Lincoln;John Kennedy
Historia;I Wojna Światowa i Nowoczesność;trudne;W którym roku doszło do katastrofy w elektrowni jądrowej w Czarnobylu?;1986;1980;1991;1979
Historia;I Wojna Światowa i Nowoczesność;trudne;Jak nazywała się pierwsza sztuczna satelita Ziemi wystrzelona w 1957 roku?;Sputnik 1;Vostok 1;Apollo 11;Explorer 1
Historia;I Wojna Światowa i Nowoczesność;trudne;Kto był twórcą ideologii znanej jako "neocentryzm" w kontekście polityki gospodarczej?;John Maynard Keynes;Milton Friedman;Adam Smith;Karl Marx
Historia;I Wojna Światowa i Nowoczesność;trudne;W którym roku upadł mur berliński?;1989;1991;1987;1985
Historia;I Wojna Światowa i Nowoczesność;bardzo trudne;Jak nazywał się japoński premier, który podpisał akt bezwarunkowej kapitulacji Japonii na pokładzie pancernika Missouri?;Kuniaki Koiso;Kantaro Suzuki;Hideki Tojo;Fumimaro Konoe
Historia;I Wojna Światowa i Nowoczesność;bardzo trudne;W którym roku podpisano Traktaty Rzymskie, dające początek Europejskiej Wspólnocie Gospodarczej?;1957;1951;1945;1962
Historia;I Wojna Światowa i Nowoczesność;bardzo trudne;Kto był dowódcą sił ONZ podczas wojny koreańskiej do momentu jego odwołania w 1951 roku?;Douglas MacArthur;Dwight Eisenhower;George Patton;Matthew Ridgway
Historia;I Wojna Światowa i Nowoczesność;bardzo trudne;Jak nazywała się tajna operacja wywiadu USA mająca na celu obalenie rządu Mohammada Mosaddegha w Iranie w 1953 roku?;Operacja Ajax;Operacja Overlord;Operacja Barbarossa;Operacja Rolling Thunder
Historia;Wiek XIX;łatwe;Kto był cesarzem Francuzów i twórcą potęgi militarnej Francji na początku XIX wieku?;Napoleon Bonaparte;Ludwik XVI;Karol X;Ludwik Filip I
Historia;Wiek XIX;łatwe;W którym roku wybuchło w Polsce powstanie styczniowe?;1863;1830;1848;1794
Historia;Wiek XIX;trudne;Jak nazywał się proces zjednoczenia Niemiec realizowany przez Ottona von Bismarcka?;Małoniemiecki;Wielkoniemiecki;Federacyjny;Demokratyczny
Historia;Wiek XIX;trudne;Która bitwa z 1813 roku nazywana jest "Bitwą Narodów"?;Bitwa pod Lipskiem;Bitwa pod Waterloo;Bitwa pod Austerlitz;Bitwa pod Borodino
Historia;Wiek XIX;trudne;Jak nazywała się konferencja z lat 1814–1815, która ustaliła nowy ład w Europie po wojnach napoleońskich?;Kongres wiedeński;Kongres berliński;Traktat wersalski;Pokój paryski
Historia;Wiek XIX;trudne;W którym roku zniesiono niewolnictwo w Stanach Zjednoczonych na mocy 13. poprawki do Konstytucji?;1865;1861;1848;1870
Historia;Wiek XIX;bardzo trudne;Jak nazywała się tajna organizacja włoska dążąca do zjednoczenia kraju i wyzwolenia spod obcych wpływów?;Karbonariusze;Czerwone Koszule;Młoda Europa;Ruch Odrodzenia
Historia;Wiek XIX;bardzo trudne;Kto był inicjatorem powstania Czerwonego Krzyża po bitwie pod Solferino?;Henri Dunant;Florence Nightingale;Ludwik Pasteur;Robert Koch
Historia;Wiek XIX;bardzo trudne;W którym roku doszło do tzw. depeszy emskiej, która stała się bezpośrednią przyczyną wojny francusko-pruskiej?;1870;1866;1871;1864
Historia;Wiek XIX;bardzo trudne;Jak nazywał się traktat kończący wojnę krymską w 1856 roku?;Traktat paryski;Traktat adrianopolski;Pokój w San Stefano;Konwencja londyńska
Historia;II Wojna Światowa;łatwe;W którym roku zakończyła się II wojna światowa?;1945;1944;1946;1939
Historia;II Wojna Światowa;łatwe;Jak nazywał się sojusz Niemiec, Włoch i Japonii podczas II wojny światowej?;Oś;Alianci;Trójporozumienie;Ententa
Historia;II Wojna Światowa;trudne;Jak nazywała się największa operacja desantowa w historii, rozpoczęta 6 czerwca 1944 roku?;Overlord;Barbarossa;Market Garden;Husky
Historia;II Wojna Światowa;trudne;Która bitwa morska z 1942 roku uznawana jest za punkt zwrotny w wojnie na Pacyfiku?;Bitwa o Midway;Bitwa na Morzu Koralowym;Bitwa o Guadalcanal;Bitwa w Zatoce Leyte
Historia;II Wojna Światowa;trudne;Kto był brytyjskim premierem przez większość okresu II wojny światowej?;Winston Churchill;Neville Chamberlain;Clement Attlee;Anthony Eden
Historia;II Wojna Światowa;trudne;Jak nazywał się plan niemieckiej inwazji na Związek Radziecki z 1941 roku?;Plan Barbarossa;Plan Cytadela;Plan Zółty;Plan Biały
Historia;II Wojna Światowa;bardzo trudne;Gdzie odbyła się pierwsza konferencja tzw. Wielkiej Trójki (Stalin, Roosevelt, Churchill) w 1943 roku?;W Teheranie;W Jałcie;W Poczdamie;W Casablance
Historia;II Wojna Światowa;bardzo trudne;Jak nazywał się ostatni dowódca obrony Westerplatte w 1939 roku?;Franciszek Dąbrowski;Henryk Sucharski;Edward Śmigły-Rydz;Władysław Raginis
Historia;II Wojna Światowa;bardzo trudne;W którym roku i w jakim mieście podpisano traktat brzeski, kończący udział Rosji w I wojnie światowej?;1918, Brześć Litewski;1917, Piotrogród;1919, Wersal;1918, Mińsk
Historia;II Wojna Światowa;bardzo trudne;Jak nazywał się japoński dyplomata, który podczas II wojny światowej ratował Żydów, wystawiając im wizy tranzytowe w Kownie?;Chiune Sugihara;Raoul Wallenberg;Oskar Schindler;Irena Sendlerowa
Historia;Zimna Wojna;łatwe;Jak nazywała się bariera dzieląca Berlin na część wschodnią i zachodnią w latach 1961–1989?;Mur Berliński;Żelazna Kurtyna;Linia Maginota;Wał Atlantycki
Historia;Zimna Wojna;łatwe;Kto był przywódcą ZSRR w czasie kryzysu kubańskiego?;Nikita Chruszczow;Józef Stalin;Leonid Breżniew;Michał Gorbaczow
Historia;Zimna Wojna;trudne;Jak nazywał się amerykański program pomocy gospodarczej dla Europy po II wojnie światowej?;Plan Marshalla;New Deal;Doktryna Trumana;Lend-Lease
Historia;Zimna Wojna;trudne;W którym roku powstał sojusz wojskowy NATO?;1949;1945;1955;1952
Historia;Zimna Wojna;trudne;Jak nazywał się pierwszy człowiek w kosmosie?;Jurij Gagarin;Neil Armstrong;John Glenn;Aleksiej Leonow
Historia;Zimna Wojna;trudne;Która wojna z lat 1950–1953 zakończyła się podziałem półwyspu wzdłuż 38. równoleżnika?;Wojna koreańska;Wojna wietnamska;Wojna domowa w Chinach;Wojna indochińska
Historia;Zimna Wojna;bardzo trudne;Jak nazywała się radziecka doktryna zakładająca ograniczoną suwerenność państw bloku wschodniego?;Doktryna Breżniewa;Doktryna Żdanowa;Doktryna Gromyki;Doktryna powstrzymywania
Historia;Zimna Wojna;bardzo trudne;W którym roku doszło do lądowania w Zatoce Świń, nieudanej próby obalenia Fidela Castro?;1961;1959;1963;1962
Historia;Zimna Wojna;bardzo trudne;Kto był twórcą polityki "pierestrojki" i "głasnosti" w Związku Radzieckim?;Michał Gorbaczow;Jurij Andropow;Konstantin Czernienko;Borys Jelcyn
Historia;Zimna Wojna;bardzo trudne;Jak nazywało się porozumienie z 1975 roku, które miało na celu poprawę stosunków między Zachodem a blokiem komunistycznym?;Akt końcowy Konferencji Bezpieczeństwa i Współpracy w Europie;Traktat SALT I;Układ Warszawski;Protokół Genewski
Historia;Średniowiecze;łatwe;Który król polski zyskał przydomek "Wielki"?;Kazimierz III;Bolesław I;Władysław I;Mieszko II
Historia;Średniowiecze;łatwe;Jak nazywała się wyprawa zbrojna rycerstwa europejskiego do Ziemi Świętej?;Krucjata;Rekonkwista;Inwestytura;Schizma
Historia;Średniowiecze;trudne;W którym roku odbył się zjazd gnieźnieński?;1000;966;1025;1138
Historia;Średniowiecze;trudne;Kto był zwycięzcą w bitwie pod Hastings w 1066 roku?;Wilhelm Zdobywca;Harold II;Ryszard Lwie Serce;Edward Wyznawca
Historia;Średniowiecze;trudne;Jak nazywał się dokument wydany w 1138 roku dzielący Polskę na dzielnice?;Statut Bolesława Krzywoustego;Przywilej koszycki;Statuty kazimierzowskie;Ugoda sandomierska
Historia;Średniowiecze;trudne;Która dynastia władała Francją od 987 roku?;Kapetyngowie;Merowingowie;Karolingowie;Walezjusze
Historia;Średniowiecze;bardzo trudne;Jak nazywała się formacja ciężkiej jazdy bizantyńskiej, w której zarówno jeździec, jak i koń byli opancerzeni?;Kataphraktoi;Hajduk;Rajtar;Stradioti
Historia;Średniowiecze;bardzo trudne;Kto był autorem "Pieśni o Rolandzie", opisującej wyprawę Karola Wielkiego?;Turold;Gall Anonim;Wincenty Kadłubek;Chrétien de Troyes
Historia;Średniowiecze;bardzo trudne;W którym roku rozpoczęła się niewola awiniońska papieży?;1309;1294;1378;1417
Historia;Średniowiecze;bardzo trudne;Jak nazywał się traktat z 1385 roku, który zapoczątkował unię polsko-litewską?;Unia w Krewie;Unia horodelska;Unia lubelska;Unia wileńsko-radomska
Historia;I Wojna Światowa i Nowoczesność;łatwe;Kto odkrył Amerykę w 1492 roku?;Krzysztof Kolumb;Vasco da Gama;Ferdynand Magellan;Amerigo Vespucci
Historia;I Wojna Światowa i Nowoczesność;łatwe;Jak nazywa się epoka w kulturze i sztuce następująca po średniowieczu, stawiająca człowieka w centrum?;Renesans;Barok;Oświecenie;Romantyzm
Historia;I Wojna Światowa i Nowoczesność;trudne;Kto ogłosił 95 tez w Wittenberdze w 1517 roku?;Marcin Luter;Jan Kalwin;Ulrich Zwingli;Erazm z Rotterdamu
Historia;I Wojna Światowa i Nowoczesność;trudne;Który polski król został pokonany przez Szwedów podczas Potopu?;Jan II Kazimierz;Michał Korybut Wiśniowiecki;Jan III Sobieski;Władysław IV Waza
Historia;I Wojna Światowa i Nowoczesność;trudne;Jak nazywała się rewolucyjna zmiana w rolnictwie i przemyśle zapoczątkowana w XVIII-wiecznej Anglii?;Rewolucja przemysłowa;Rewolucja agrarna;Chwalebna rewolucja;Wiosna Ludów
Historia;I Wojna Światowa i Nowoczesność;trudne;Kto był głównym autorem Deklaracji Niepodległości Stanów Zjednoczonych?;Thomas Jefferson;Benjamin Franklin;George Washington;Alexander Hamilton
Historia;I Wojna Światowa i Nowoczesność;bardzo trudne;Jak nazywała się bitwa z 1571 roku, w której Święta Liga pokonała flotę osmańską?;Bitwa pod Lepanto;Bitwa pod Mohaczem;Bitwa pod Wiedniem;Bitwa pod Chocimiem
Historia;I Wojna Światowa i Nowoczesność;bardzo trudne;Który władca Rosji wprowadził podatek od bród w ramach okcydentalizacji kraju?;Piotr I Wielki;Iwan IV Groźny;Katarzyna II Wielka;Mikołaj I
Historia;I Wojna Światowa i Nowoczesność;bardzo trudne;Jak nazywał się dokument z 1573 roku gwarantujący wolność wyznania szlachcie w Rzeczypospolitej?;Konfederacja warszawska;Artykuły henrykowskie;Pacta conventa;Przywilej mielnicki
Historia;I Wojna Światowa i Nowoczesność;bardzo trudne;W którym roku zawarto pokój w Karłowicach, kończący dominację Turcji w Europie Środkowej?;1699;1683;1717;1648
Historia;Współczesna Polska i Świat;łatwe;Która organizacja powstała po II wojnie światowej, aby zapobiegać konfliktom?;ONZ;NATO;UE;Czerwony Krzyż
Historia;Współczesna Polska i Świat;łatwe;Kto był przywódcą "Solidarności" i laureatem Pokojowej Nagrody Nobla?;Lech Wałęsa;Andrzej Duda;Tadeusz Mazowiecki;Donald Tusk
Historia;Współczesna Polska i Świat;trudne;W którym roku Polska wstąpiła do Unii Europejskiej?;2004;1999;2007;1991
Historia;Współczesna Polska i Świat;trudne;Jak nazywała się katastrofa statku kosmicznego w 1986 roku?;Challenger;Columbia;Apollo 13;Discovery
Historia;Współczesna Polska i Świat;trudne;Kto został pierwszym niekomunistycznym premierem Polski po 1989 roku?;Tadeusz Mazowiecki;Leszek Balcerowicz;Bronisław Geremek;Jan Olszewski
Historia;Współczesna Polska i Świat;trudne;W którym roku miały miejsce ataki terrorystyczne na World Trade Center?;2001;1999;2003;2005
Historia;Współczesna Polska i Świat;bardzo trudne;Jak nazywało się porozumienie kończące wojnę w Bośni w 1995 roku?;Układ w Dayton;Traktat z Maastricht;Porozumienie z Oslo;Protokół z Kioto
Historia;Współczesna Polska i Świat;bardzo trudne;Kto został prezydentem RPA w 1994 r. po upadku apartheidu?;Nelson Mandela;Desmond Tutu;Frederick de Klerk;Thabo Mbeki
Historia;Współczesna Polska i Świat;bardzo trudne;W którym roku wprowadzono w Polsce stan wojenny?;1981;1980;1982;1979
Historia;Współczesna Polska i Świat;bardzo trudne;Jak nazywała się operacja wojskowa koalicji międzynarodowej w Iraku w 1991 roku?;Pustynna Burza;Irańska Wolność;Czerwony Świt;Pustynny Lis
Historia;Prehistoria i Starożytny Wschód;łatwe;Jak nazywa się starsza epoka kamienia?;Paleolit;Mezolit;Neolit;Eneolit
Historia;Prehistoria i Starożytny Wschód;łatwe;Który metal, obok miedzi, jest składnikiem brązu?;Cyna;Żelazo;Złoto;Srebro
Historia;Prehistoria i Starożytny Wschód;trudne;Jak nazywa się proces przechodzenia ludzkości z koczowniczego trybu życia na osiadły?;Rewolucja neolityczna;Rewolucja przemysłowa;Urbanizacja;Migracja
Historia;Prehistoria i Starożytny Wschód;trudne;W którym kraju znajduje się słynna jaskinia Lascaux z malowidłami naskalnymi?;Francja;Hiszpania;Włochy;Niemcy
Historia;Prehistoria i Starożytny Wschód;trudne;Jak określa się wielkie konstrukcje kamienne, takie jak Stonehenge?;Megality;Zigguraty;Mastaby;Dolmeny
Historia;Prehistoria i Starożytny Wschód;trudne;Który gatunek człowieka jako pierwszy zaczął regularnie posługiwać się ogniem?;Homo erectus;Homo habilis;Australopitek;Homo sapiens
Historia;Prehistoria i Starożytny Wschód;bardzo trudne;Jak nazywa się kultura archeologiczna z terenu Polski słynąca z osady obronnej w Biskupinie?;Kultura łużycka;Kultura pucharów lejkowatych;Kultura wstęgowa;Kultura pomorska
Historia;Prehistoria i Starożytny Wschód;bardzo trudne;Około ilu tysięcy lat temu wymarł neandertalczyk?;30-40 tysięcy;10 tysięcy;100 tysięcy;5 tysięcy
Historia;Prehistoria i Starożytny Wschód;bardzo trudne;Jak nazywa się stanowisko archeologiczne w Turcji uważane za najstarszą znaną świątynię świata?;Göbekli Tepe;Çatalhöyük;Jerycho;Ur
Historia;Prehistoria i Starożytny Wschód;bardzo trudne;Która epoka lodowcowa była ostatnim wielkim zlodowaceniem, w którym żyły mamuty?;Plejstocen;Holocen;Pliocen;Miocen
Historia;Polska Piastowska;łatwe;Kto był pierwszym koronowanym królem Polski?;Bolesław Chrobry;Mieszko I;Kazimierz Odnowiciel;Władysław Łokietek
Historia;Polska Piastowska;łatwe;Który władca sprowadził Krzyżaków do Polski w 1226 roku?;Konrad Mazowiecki;Henryk Pobożny;Leszek Biały;Przemysł II
Historia;Polska Piastowska;trudne;W którym roku odbyła się bitwa pod Legnicą z Mongołami?;1241;1226;1331;1109
Historia;Polska Piastowska;trudne;Jak nazywał się najstarszy syn Bolesława Krzywoustego, który jako pierwszy objął tron krakowski na mocy statutu?;Władysław II Wygnaniec;Bolesław Kędzierzawy;Mieszko III Stary;Kazimierz Sprawiedliwy
Historia;Polska Piastowska;trudne;Który król zjednoczył Polskę po rozbiciu dzielnicowym w 1320 roku?;Władysław Łokietek;Przemysł II;Henryk Probus;Wacław II
Historia;Polska Piastowska;trudne;Gdzie odbył się chrzest Polski w 966 roku (według najbardziej prawdopodobnych hipotez)?;Gniezno lub Ostrów Lednicki;Kraków;Wrocław;Poznań
Historia;Polska Piastowska;bardzo trudne;Jak nazywała się żona Mieszka I, czeska księżniczka?;Dobrawa;Rycheza;Judyta;Wierzchosława
Historia;Polska Piastowska;bardzo trudne;Kto zamordował króla Przemysła II w Rogoźnie w 1296 roku?;Brandenburczycy;Krzyżacy;Czesi;Rusini
Historia;Polska Piastowska;bardzo trudne;W bitwie pod Płowcami w 1331 roku Polacy walczyli przeciwko?;Krzyżakom;Mongołom;Czechom;Litwinom
Historia;Polska Piastowska;bardzo trudne;Który władca piastowski odzyskał dla Polski Pomorze Gdańskie w 990 roku?;Mieszko I;Bolesław Chrobry;Mieszko II;Kazimierz Odnowiciel
Historia;Oświecenie i Rewolucje;łatwe;Kto był autorem "Umowy społecznej"?;Jean-Jacques Rousseau;Voltaire;Monteskiusz;Immanuel Kant
Historia;Oświecenie i Rewolucje;łatwe;Jak nazywał się rosyjski władca, "Wielki", który zmodernizował kraj na wzór zachodni?;Piotr I;Iwan IV;Mikołaj I;Paweł I
Historia;Oświecenie i Rewolucje;trudne;Kto sformułował zasadę trójpodziału władzy?;Monteskiusz;John Locke;Diderot;Adam Smith
Historia;Oświecenie i Rewolucje;trudne;W którym państwie panował Fryderyk II Wielki?;Prusy;Austria;Rosja;Francja
Historia;Oświecenie i Rewolucje;trudne;Jak nazywała się wielka publikacja zbiorowa pod redakcją Diderota podsumowująca wiedzę XVIII wieku?;Encyklopedia;Słownik Filozoficzny;Wielka Księga;Kompendium Oświecenia
Historia;Oświecenie i Rewolucje;trudne;Kto był ostatnim królem Polski?;Stanisław August Poniatowski;August II Mocny;August III Sas;Stanisław Leszczyński
Historia;Oświecenie i Rewolucje;bardzo trudne;Jak nazywało się przymierze polskiej szlachty przeciwko królowi i Rosji zawiązane w 1768 roku?;Konfederacja barska;Konfederacja targowicka;Konfederacja radomska;Konfederacja słucka
Historia;Oświecenie i Rewolucje;bardzo trudne;W którym roku uchwalono Deklarację Praw Człowieka i Obywatela?;1789;1791;1776;1793
Historia;Oświecenie i Rewolucje;bardzo trudne;Kto był twórcą teorii ekonomicznej leseferyzmu w "Bogactwie narodów"?;Adam Smith;David Ricardo;Thomas Malthus;François Quesnay
Historia;Oświecenie i Rewolucje;bardzo trudne;Jak nazywało się stronnictwo podczas Sejmu Wielkiego dążące do reform i uchwalenia konstytucji?;Stronnictwo Patriotyczne;Stronnictwo Dworskie;Stronnictwo Hetmańskie;Famila
Historia;Polska Królewska i Jagiellońska;łatwe;W którym roku podpisano unię lubelską, tworzącą Rzeczpospolitą Obojga Narodów?;1569;1573;1605;1410
Historia;Polska Królewska i Jagiellońska;łatwe;Jak nazywała się ciężkozbrojna jazda polska z charakterystycznymi skrzydłami?;Husaria;Pancerni;Lisowczycy;Petyhorcy
Historia;Polska Królewska i Jagiellońska;trudne;Kto był pierwszym królem Polski wybranym w drodze wolnej elekcji?;Henryk Walezy;Stefan Batory;Zygmunt III Waza;Jan Kazimierz
Historia;Polska Królewska i Jagiellońska;trudne;Jak nazywało się prawo pozwalające jednemu posłowi na zerwanie sejmu?;Liberum veto;Nihil novi;Pacta conventa;Artykuły henrykowskie
Historia;Polska Królewska i Jagiellońska;trudne;W którym roku miało miejsce oblężenie Jasnej Góry podczas potopu szwedzkie?;1655;1648;1660;1683
Historia;Polska Królewska i Jagiellońska;trudne;Który hetman polski odniósł wielkie zwycięstwo nad Rosjanami pod Kłuszynem w 1610 roku?;Stanisław Żółkiewski;Jan Karol Chodkiewicz;Stefan Czarniecki;Jeremi Wiśniowiecki
Historia;Polska Królewska i Jagiellońska;bardzo trudne;Jak nazywał się traktat z 1667 roku, który dzielił Ukrainę między Polskę a Rosję wzdłuż Dniepru?;Rozejm andruszowski;Pokój wieczysty Grzymułtowskiego;Ugoda hadziacka;Traktat w Buczaczu
Historia;Polska Królewska i Jagiellońska;bardzo trudne;Kto był przywódcą największego powstania kozackiego przeciwko Rzeczypospolitej w 1648 roku?;Bohdan Chmielnicki;Piotr Konaszewicz-Sahajdaczny;Iwan Mazepa;Semem Palej
Historia;Polska Królewska i Jagiellońska;bardzo trudne;Jak nazywało się najwyższe odznaczenie wojskowe ustanowione przez Stanisława Augusta Poniatowskiego w 1792 roku?;Virtuti Militari;Order Orła Białego;Order Świętego Stanisława;Krzyż Zasługi
Historia;Polska Królewska i Jagiellońska;bardzo trudne;W którym roku i w jakim mieście zawarto unię brzeską, tworzącą Kościół unicki?;1596, Brześć Litewski;1569, Lublin;1573, Warszawa;1605, Wilno
Historia;Starożytna Grecja i Rzym;łatwe;Jak nazywało się główne miasto-państwo słynące z surowego wychowania i potęgi militarnej?;Sparta;Ateny;Teby;Korynt
Historia;Starożytna Grecja i Rzym;łatwe;Kto był bogiem mórz i oceanów w mitologii greckiej?;Posejdon;Hades;Zeus;Hefajstos
Historia;Starożytna Grecja i Rzym;trudne;W którym roku odbyła się bitwa pod Termopilami?;480 p.n.e.;490 p.n.e.;479 p.n.e.;449 p.n.e.
Historia;Starożytna Grecja i Rzym;trudne;Jak nazywał się ateński polityk, twórca potęgi floty, zwycięzca spod Salaminy?;Temistokles;Perykles;Miltiades;Alcybiades
Historia;Starożytna Grecja i Rzym;trudne;Która wojna toczyła się między Atenami a Spartą w latach 431–404 p.n.e.?;Wojna peloponeska;Wojna trojańska;Wojny perskie;Wojna koryncka
Historia;Starożytna Grecja i Rzym;trudne;Kto był nauczycielem Aleksandra Wielkiego?;Arystoteles;Platon;Sokrates;Zenon z Kition
Historia;Starożytna Grecja i Rzym;bardzo trudne;Jak nazywało się święte przymierze miast greckich opiekujących się wyrocznią w Delfach?;Amfiktionia Delficka;Związek Delijski;Związek Beocki;Symmachia
Historia;Starożytna Grecja i Rzym;bardzo trudne;Kto wygrał bitwę pod Leuktrami w 371 r. p.n.e., kończąc hegemonię Sparty?;Teby;Ateny;Macedonia;Persja
Historia;Starożytna Grecja i Rzym;bardzo trudne;Jak nazywał się grecki rzeźbiarz, twórca posągu Zeusa w Olimpii oraz Ateny Partenos?;Fidiasz;Poliklet;Myron;Praksyteles
Historia;Starożytna Grecja i Rzym;bardzo trudne;W którym roku rzymski wódz Mummiusz zburzył Korynt, kończąc niepodległość Grecji?;146 p.n.e.;168 p.n.e.;197 p.n.e.;86 p.n.e.
Historia;Starożytna Grecja i Rzym;łatwe;Jak nazywał się pierwszy król Rzymu?;Romulus;Numa Pompiliusz;Tuliusz Hostiliusz;Ankus Marcjusz
Historia;Starożytna Grecja i Rzym;łatwe;Która rzeka przepływa przez Rzym?;Tyber;Arno;Pad;Rubikon
Historia;Starożytna Grecja i Rzym;trudne;W którym roku Rzym stał się cesarstwem pod rządami Oktawiana Augusta?;27 p.n.e.;44 p.n.e.;31 p.n.e.;14 n.e.
Historia;Starożytna Grecja i Rzym;trudne;Jak nazywał się wódz Kartaginy, który przekroczył Alpy podczas II wojny punickiej?;Hannibal;Hamilkar Barkas;Hazdrubal;Masynissa
Historia;Starożytna Grecja i Rzym;trudne;Kto tworzył I triumwirat wraz z Cezarem i Pompejuszem?;Marek Krassus;Marek Antoniusz;Lepidus;Sulla
Historia;Starożytna Grecja i Rzym;trudne;Jak nazywała się rzymska formacja piechoty składająca się z około 5000 żołnierzy?;Legion;Manipuł;Kohorta;Centuria
Historia;Starożytna Grecja i Rzym;bardzo trudne;Który cesarz rzymski wydał Edykt o cenach maksymalnych w 301 roku?;Dioklecjan;Konstantyn Wielki;Teodozjusz;Trajan
Historia;Starożytna Grecja i Rzym;bardzo trudne;Gdzie w 9 r. n.e. Rzymianie ponieśli klęskę, tracąc trzy legiony w starciu z Germanami?;Las Teutoburski;Pola Katalaunijskie;Adrianopol;Farsalos
Historia;Starożytna Grecja i Rzym;bardzo trudne;Jak nazywał się ostatni cesarz rzymski rezydujący na Zachodzie?;Romulus Augustulus;Juliusz Nepos;Antemiusz;Majorian
Historia;Starożytna Grecja i Rzym;bardzo trudne;W którym roku uchwalono Prawo Dwunastu Tablic?;450 p.n.e.;509 p.n.e.;390 p.n.e.;287 p.n.e.
Historia;Współczesna Polska i Świat;łatwe;W którym roku Polska odzyskała niepodległość?;1918;1945;1989;1795
Historia;Współczesna Polska i Świat;łatwe;Kto był pierwszym premierem III RP?;Tadeusz Mazowiecki;Lech Wałęsa;Jan Olszewski;Leszek Balcerowicz
Historia;Współczesna Polska i Świat;trudne;W którym roku uchwalono obecnie obowiązującą Konstytucję RP?;1997;1992;1989;2004
Historia;Współczesna Polska i Świat;trudne;Gdzie podpisano porozumienia sierpniowe w 1980 roku?;W Gdańsku;W Warszawie;W Krakowie;W Poznaniu
Historia;Współczesna Polska i Świat;trudne;Jak nazywała się reforma gospodarcza wprowadzona w 1990 roku?;Plan Balcerowicza;Plan Sześcioletni;Nowy Ład;Plan Marshalla
Historia;Współczesna Polska i Świat;trudne;Kto był prezydentem Polski w momencie wejścia do Unii Europejskiej?;Aleksander Kwaśniewski;Lech Wałęsa;Lech Kaczyński;Andrzej Duda
Historia;Współczesna Polska i Świat;bardzo trudne;W którym roku odbył się tzw. "Marsz Głodowy" kobiet w Łodzi?;1981;1970;1976;1982
Historia;Współczesna Polska i Świat;bardzo trudne;Jak nazywał się zamordowany przez SB kapelan Solidarności?;Jerzy Popiełuszko;Stefan Wyszyński;Franciszek Blachnicki;Andrzej Zeja
Historia;Współczesna Polska i Świat;bardzo trudne;W którym roku Polska została członkiem Rady Europy?;1991;1989;1993;1999
Historia;Współczesna Polska i Świat;bardzo trudne;Jak nazywały się obrady przedstawicieli władz PRL i opozycji w 1989 roku?;Okrągły Stół;Konferencja w Magdalence;Sejm Kontraktowy;Forum Obywatelskie
Historia;Oświecenie i Rewolucje;łatwe;W którym państwie Napoleon poniósł ostateczną klęskę pod Waterloo?;Belgia;Francja;Niemcy;Holandia
Historia;Oświecenie i Rewolucje;łatwe;Jak nazywała się wyspa, na którą zesłano Napoleona po raz pierwszy?;Elba;Święta Helena;Korsyka;Sycylia
Historia;Oświecenie i Rewolucje;trudne;W którym roku utworzono Księstwo Warszawskie?;1807;1804;1815;1795
Historia;Oświecenie i Rewolucje;trudne;Jak nazywała się bitwa z 1805 roku, znana jako bitwa trzech cesarzy?;Bitwa pod Austerlitz;Bitwa pod Jeną;Bitwa pod Wagram;Bitwa pod Frydlandem
Historia;Oświecenie i Rewolucje;trudne;Kto dowodził flotą brytyjską w bitwie pod Trafalgarem?;Horatio Nelson;Arthur Wellesley;Francis Drake;James Cook
Historia;Oświecenie i Rewolucje;trudne;Jak nazywał się system blokady handlowej wymierzony w Wielką Brytanię?;Blokada kontynentalna;System europejski;Zatoka handlowa;Embargo paryskie
Historia;Oświecenie i Rewolucje;bardzo trudne;Który polski generał zginął w nurtach Elstery podczas bitwy pod Lipskiem?;Józef Poniatowski;Jan Henryk Dąbrowski;Józef Chłopicki;Karol Kniaziewicz
Historia;Oświecenie i Rewolucje;bardzo trudne;W którym roku Napoleon podpisał konkordat z papieżem Piusem VII?;1801;1804;1799;1810
Historia;Oświecenie i Rewolucje;bardzo trudne;Jak nazywał się traktat pokojowy zawarty między Francją a Rosją i Prusami na tratwie na Niemnie?;Pokój w Tylży;Traktat w Preszburgu;Pokój w Schonbrunn;Traktat w Amiens
Historia;Oświecenie i Rewolucje;bardzo trudne;Kto był autorem słów Mazurka Dąbrowskiego, powstałego w 1797 roku?;Józef Wybicki;Jan Henryk Dąbrowski;Adam Mickiewicz;Juliusz Słowacki
Historia;II Rzeczpospolita;łatwe;Kto sprawował funkcję Naczelnika Państwa po odzyskaniu niepodległości?;Józef Piłsudski;Roman Dmowski;Ignacy Jan Paderewski;Gabriel Narutowicz
Historia;II Rzeczpospolita;łatwe;W którym roku odbył się "Cud nad Wisłą"?;1920;1918;1921;1926
Historia;II Rzeczpospolita;trudne;Kto był pierwszym prezydentem II RP?;Gabriel Narutowicz;Stanisław Wojciechowski;Ignacy Mościcki;Wojciech Trampczyński
Historia;II Rzeczpospolita;trudne;Jak nazywał się obóz polityczny utworzony przez Piłsudskiego po przewrocie majowym?;Sanacja;Endecja;Centrolew;Front Morges
Historia;II Rzeczpospolita;trudne;W którym roku uchwalono konstytucję marcową?;1921;1919;1926;1935
Historia;II Rzeczpospolita;trudne;Który port został zbudowany od podstaw przez Polskę w okresie międzywojennym?;Gdynia;Gdańsk;Szczecin;Elbląg
Historia;II Rzeczpospolita;bardzo trudne;Jak nazywała się reforma walutowa wprowadzona przez Władysława Grabskiego?;Reforma złotowa;Reforma markowa;Reforma bankowa;Reforma handlowa
Historia;II Rzeczpospolita;bardzo trudne;W którym roku podpisano pakt o nieagresji z Niemcami?;1934;1932;1939;1930
Historia;II Rzeczpospolita;bardzo trudne;Kto był liderem Narodowej Demokracji (Endecji)?;Roman Dmowski;Wincenty Witos;Ignacy Daszyński;Maciej Rataj
Historia;II Rzeczpospolita;bardzo trudne;Jak nazywała się wielka inwestycja przemysłowa realizowana pod koniec lat 30. (COP)?;Centralny Okręg Przemysłowy;Częstochowski Obszar Produkcyjny;Centralny Ośrodek Paliwowy;Cieszyński Okręg Pracy
Historia;Historia USA;łatwe;Kto był prezydentem USA podczas wojny secesyjnej?;Abraham Lincoln;Ulysses Grant;Jefferson Davis;Andrew Johnson
Historia;Historia USA;łatwe;Pomiędzy którymi stronami toczyła się wojna secesyjna?;Północą a Południem;USA a Anglią;USA a Meksykiem;USA a Francją
Historia;Historia USA;trudne;W którym roku wybuchła wojna secesyjna?;1861;1865;1848;1870
Historia;Historia USA;trudne;Jak nazywało się państwo utworzone przez stany południowe?;Skonfederowane Stany Ameryki;Unia Stanów Południowych;Republika Południowa;Sojusz Bawełniany
Historia;Historia USA;trudne;Która bitwa z 1863 roku jest uznawana za punkt zwrotny wojny?;Bitwa pod Gettysburgiem;Bitwa pod Antietam;Bitwa nad Bull Run;Bitwa pod Shiloh
Historia;Historia USA;trudne;Kto był naczelnym dowódcą wojsk Konfederacji?;Robert E. Lee;Ulysses S. Grant;William Sherman;George McClellan
Historia;Historia USA;bardzo trudne;Jak nazywała się proklamacja z 1863 r. znosząca niewolnictwo na terenach rebelianckich?;Proklamacja Emancypacji;Bill of Rights;Karta Wolności;Manifest Północy
Historia;Historia USA;bardzo trudne;Gdzie generał Lee podpisał akt kapitulacji w 1865 roku?;Appomattox;Richmond;Washington;Charleston
Historia;Historia USA;bardzo trudne;Jak potocznie nazywano żołnierzy Północy?;Jankesi;Rebelianci;Dixie;Szare Kurtki
Historia;Historia USA;bardzo trudne;Która poprawka do Konstytucji USA ostatecznie zakazała niewolnictwa?;Trzynasta;Czternasta;Piętnasta;Dziesiąta
Historia;Wielkie Odkrycia Geograficzne;łatwe;Kto jako pierwszy opłynął świat dookoła (choć zginął w trakcie wyprawy)?;Ferdynand Magellan;Krzysztof Kolumb;Vasco da Gama;Bartłomiej Diaz
Historia;Wielkie Odkrycia Geograficzne;łatwe;Który kraj reprezentowali konkwistadorzy tacy jak Hernán Cortés?;Hiszpania;Portugalia;Anglia;Francja
Historia;Wielkie Odkrycia Geograficzne;trudne;Kto w 1498 roku jako pierwszy dotarł drogą morską do Indii płynąc wokół Afryki?;Vasco da Gama;Krzysztof Kolumb;Amerigo Vespucci;John Cabot
Historia;Wielkie Odkrycia Geograficzne;trudne;Jak nazywały się trzy statki Kolumba z jego pierwszej wyprawy w 1492 roku?;Santa Maria, Niña, Pinta;Victoria, Trinidad, Santiago;Golden Hind, Endeavour, Beagle;Mayflower, Discovery, Enterprise
Historia;Wielkie Odkrycia Geograficzne;trudne;Który żeglarz jako pierwszy dotarł do Przylądka Dobrej Nadziei w 1488 roku?;Bartłomiej Diaz;Vasco da Gama;Ferdynand Magellan;Pedro Cabral
Historia;Wielkie Odkrycia Geograficzne;trudne;Jak nazywał się traktat z 1494 roku dzielący nowo odkryte ziemie między Hiszpanię a Portugalię?;Traktat w Tordesillas;Traktat w Saragossie;Pokój w Utrechcie;Akt Nawigacyjny
Historia;Wielkie Odkrycia Geograficzne;bardzo trudne;Kto odkrył Brazylię w 1500 roku, płynąc początkowo w stronę Indii?;Pedro Álvares Cabral;Vasco da Gama;Francisco Pizarro;Amerigo Vespucci
Historia;Wielkie Odkrycia Geograficzne;bardzo trudne;Który odkrywca w służbie Anglii dotarł do brzegów Ameryki Północnej w 1497 roku?;Giovanni Caboto (John Cabot);Henry Hudson;Francis Drake;Walter Raleigh
Historia;Wielkie Odkrycia Geograficzne;bardzo trudne;Jak nazywał się hiszpański podróżnik, który jako pierwszy Europejczyk ujrzał Ocean Spokojny od strony Ameryki?;Vasco Núñez de Balboa;Hernando de Soto;Juan Ponce de León;Diego de Almagro
Historia;Wielkie Odkrycia Geograficzne;bardzo trudne;Który żeglarz w służbie holenderskiej jako pierwszy dotarł do Nowej Zelandii i Tasmanii?;Abel Tasman;Willem Barents;James Cook;Roald Amundsen
Historia;Oświecenie i Rewolucje;łatwe;Kto był głównym dowódcą armii amerykańskiej w wojnie o niepodległość?;George Washington;Thomas Jefferson;Benjamin Franklin;John Adams
Historia;Oświecenie i Rewolucje;łatwe;Która twierdza w Paryżu została zdobyta 14 lipca 1789 roku?;Bastylia;Luwr;Wersal;Conciergerie
Historia;Oświecenie i Rewolucje;trudne;Jak nazywał się król Francji stracony na gilotynie w 1793 roku?;Ludwik XVI;Ludwik XIV;Ludwik XV;Karol X
Historia;Oświecenie i Rewolucje;trudne;Kto był czołowym przywódcą jakobinów podczas okresu Wielkiego Terroru?;Maximilien Robespierre;Georges Danton;Jean-Paul Marat;Napoleon Bonaparte
Historia;Oświecenie i Rewolucje;trudne;W którym roku uchwalono Konstytucję USA?;1787;1776;1791;1789
Historia;Oświecenie i Rewolucje;trudne;Jak nazywał się polski bohater wojny o niepodległość USA, który zginął pod Savannah?;Kazimierz Pułaski;Tadeusz Kościuszko;Józef Poniatowski;Jan Henryk Dąbrowski
Historia;Oświecenie i Rewolucje;bardzo trudne;Która bitwa z 1794 roku była największym starciem powstania kościuszkowskiego?;Bitwa pod Maciejowicami;Bitwa pod Racławicami;Bitwa pod Szczekocinami;Obrona Pragi
Historia;Oświecenie i Rewolucje;bardzo trudne;Jak nazywał się dokument z 1791 roku, który nadał równe prawa obywatelskie Żydom we Francji?;Dekret o emancypacji;Deklaracja Praw;Edykt nantejski;Konstytucja cywilna kleru
Historia;Oświecenie i Rewolucje;bardzo trudne;Kto był dowódcą "Rządu Narodowego" podczas powstania w 1794 roku?;Tadeusz Kościuszko;Tomasz Wawrzecki;Julian Ursyn Niemcewicz;Hugo Kołłątaj
Historia;Oświecenie i Rewolucje;bardzo trudne;Jak nazywało się stronnictwo radykalne podczas rewolucji francuskiej, konkurujące z jakobinami?;Kordelierzy;Żyrondyści;Feuillanci;Termidorianie
Historia;Polska pod Zaborami;łatwe;Kto był dyktatorem powstania kościuszkowskiego?;Tadeusz Kościuszko;Józef Poniatowski;Jan Henryk Dąbrowski;Romuald Traugutt
Historia;Polska pod Zaborami;łatwe;W którym roku wybuchło powstanie listopadowe?;1830;1863;1794;1848
Historia;Polska pod Zaborami;trudne;Jak nazywało się autonomiczne państwo polskie utworzone w 1815 roku pod berłem cara?;Królestwo Kongresowe;Wielkie Księstwo Poznańskie;Rzeczpospolita Krakowska;Księstwo Warszawskie
Historia;Polska pod Zaborami;trudne;Kto był ostatnim dyktatorem powstania styczniowego?;Romuald Traugutt;Marian Langiewicz;Ludwik Mierosławski;Józef Chłopicki
Historia;Polska pod Zaborami;trudne;Jak nazywała się tajna organizacja studencka w Wilnie, do której należał Adam Mickiewicz?;Filomaci;Wolnomularze;Węglarze;Sokoły
Historia;Polska pod Zaborami;trudne;W którym roku doszło do trzeciego rozbioru Polski, kończącego byt państwowy?;1795;1793;1772;1815
Historia;Polska pod Zaborami;bardzo trudne;Jak nazywał się pruski urząd zajmujący się wykupem ziemi od Polaków w zaborze pruskim?;Komisja Kolonizacyjna;Hakata;Rugipruskie;Urząd Osadniczy
Historia;Polska pod Zaborami;bardzo trudne;Która bitwa powstania listopadowego z 1831 r. była jedną z największych bitew epoki?;Bitwa pod Olszynką Grochowską;Bitwa pod Stoczkiem;Bitwa pod Iganiami;Bitwa pod Ostrołęką
Historia;Polska pod Zaborami;bardzo trudne;Jak nazywał się proces germanizacji dzieci polskich we Wrześni w 1901 roku?;Strajk szkolny;Kulturkampf;Akcja antypolska;Pacyfikacja
Historia;Polska pod Zaborami;bardzo trudne;Kto był twórcą Hotelu Lambert, centrum polskiego życia politycznego w Paryżu?;Adam Jerzy Czartoryski;Fryderyk Chopin;Adam Mickiewicz;Joachim Lelewel
Historia;Prehistoria i Starożytny Wschód;łatwe;Nad jakimi dwiema rzekami leżała Mezopotamia?;Tygrys i Eufrat;Nil i Jordan;Indus i Ganges;Jangcy i Huang He
Historia;Prehistoria i Starożytny Wschód;łatwe;Jak nazywało się pismo starożytnych Sumerów?;Klinowe;Hieroglificzne;Alfabetyczne;Demotyczne
Historia;Prehistoria i Starożytny Wschód;trudne;Kto stworzył najstarszy zachowany w całości zbiór praw, oparty na zasadzie "oko za oko"?;Hammurabi;Sargon Wielki;Nabuchodonozor;Asurbanipal
Historia;Prehistoria i Starożytny Wschód;trudne;Która cywilizacja jako pierwsza wynalazła koło i pismo?;Sumeryjska;Egipska;Asyryjska;Indusu
Historia;Prehistoria i Starożytny Wschód;trudne;Jak nazywał się perski władca, który podbił Babilon i wyzwolił Żydów z niewoli?;Cyrus II Wielki;Dariusz I;Kserkses;Artakserkses
Historia;Prehistoria i Starożytny Wschód;trudne;Który lud starożytny jako pierwszy powszechnie stosował żelazo do produkcji broni?;Hebeje;Hetyci;Fenicjanie;Lidyjczycy
Historia;Prehistoria i Starożytny Wschód;bardzo trudne;Jak nazywała się stolica Asyrii znana z wielkiej biblioteki glinianych tabliczek?;Niniwa;Aszur;Kalchu;Dur-Szarrukin
Historia;Prehistoria i Starożytny Wschód;bardzo trudne;W którym roku odbyła się bitwa pod Kadesz między Egiptem a państwem Hetytów?;1274 p.n.e.;1457 p.n.e.;1184 p.n.e.;1550 p.n.e.
Historia;Prehistoria i Starożytny Wschód;bardzo trudne;Który lud jako pierwszy wprowadził do obiegu monety kruszcowe?;Lidyjczycy;Fenicjanie;Egipcjanie;Izraelici
Historia;Prehistoria i Starożytny Wschód;bardzo trudne;Jak nazywało się pismo używane w dolinie Indusu, które do dziś nie zostało w pełni odczytane?;Pismo harappańskie;Linearne A;Linearne B;Pismo protoelamickie
Historia;Zimna Wojna;łatwe;Jak nazywał się pierwszy człowiek na Księżycu?;Neil Armstrong;Jurij Gagarin;Buzz Aldrin;John Glenn
Historia;Zimna Wojna;łatwe;Kto był liderem ruchu na rzecz praw obywatelskich w USA, autorem przemówienia "I Have a Dream"?;Martin Luther King;Malcolm X;Nelson Mandela;Rosa Parks
Historia;Zimna Wojna;trudne;Która wojna z lat 1955–1975 zakończyła się ucieczką Amerykanów z Sajgonu?;Wojna wietnamska;Wojna koreańska;Wojna w Zatoce;Wojna algierska
Historia;Zimna Wojna;trudne;Kto był pierwszym prezydentem niepodległych Indii?;Jawaharlal Nehru;Mahatma Gandhi;Indira Gandhi;Rajiv Gandhi
Historia;Zimna Wojna;trudne;W którym roku doszło do kryzysu kubańskiego, który niemal doprowadził do wojny jądrowej?;1962;1961;1963;1959
Historia;Zimna Wojna;trudne;Jak nazywał się sojusz obronny państw bloku wschodniego pod wodzą ZSRR?;Układ Warszawski;NATO;RWPG;Kominform
Historia;Zimna Wojna;bardzo trudne;Jak nazywał się pierwszy prezydent Egiptu, który znacjonalizował Kanał Sueski w 1956 roku?;Gamal Abdel Naser;Anwar Sadat;Hosni Mubarak;Król Faruk
Historia;Zimna Wojna;bardzo trudne;Która konferencja z 1955 roku zapoczątkowała Ruch Państw Niezaangażowanych?;Konferencja w Bandungu;Konferencja w Jałcie;Konferencja w Casablance;Konferencja w Genewie
Historia;Zimna Wojna;bardzo trudne;Jak nazywała się francuska klęska w 1954 roku, która zakończyła ich panowanie w Indochinach?;Bitwa pod Dien Bien Phu;Bitwa o Algier;Bitwa pod Hue;Oblężenie Khe Sanh
Historia;Zimna Wojna;bardzo trudne;Kto został wybrany na papieża w 1958 r. i zwołał Sobór Watykański II?;Jan XXIII;Pius XII;Paweł VI;Jan Paweł I
Historia;Współczesna Polska i Świat;łatwe;Jak nazywała się radziecka polityka "otwartości" wprowadzona przez Gorbaczowa?;Głasnost;Pierestrojka;Uskorenije;Apparaczik
Historia;Współczesna Polska i Świat;łatwe;Który kraj rozpadł się w krwawy sposób w latach 90. na m.in. Chorwację i Serbię?;Jugosławia;Czechosłowacja;ZSRR;NRD
Historia;Współczesna Polska i Świat;trudne;W którym roku doszło do zjednoczenia Niemiec?;1990;1989;1991;1992
Historia;Współczesna Polska i Świat;trudne;Jak nazywała się pierwsza wojna transmitowana na żywo w telewizji (1991)?;Wojna w Zatoce Perskiej;Wojna w Czeczenii;Wojna w Jugosławii;Wojna w Afganistanie
Historia;Współczesna Polska i Świat;trudne;Która waluta została wprowadzona w formie gotówkowej w 12 państwach UE w 2002 roku?;Euro;Ecu;Dolar europejski;Marka
Historia;Współczesna Polska i Świat;trudne;Kto został pierwszym czarnoskórym prezydentem RPA po upadku apartheidu?;Nelson Mandela;Desmond Tutu;Kofi Annan;Robert Mugabe
Historia;Współczesna Polska i Świat;bardzo trudne;Jak nazywał się traktat z 1992 roku, który formalnie powołał Unię Europejską?;Traktat z Maastricht;Traktat Amsterdamski;Traktat z Nicei;Traktat Lizboński
Historia;Współczesna Polska i Świat;bardzo trudne;W którym roku doszło do masakry na placu Tian'anmen w Pekinie?;1989;1988;1990;1991
Historia;Współczesna Polska i Świat;bardzo trudne;Jak nazywała się operacja mająca na celu schwytanie Osamy bin Ladena w 2011 roku?;Operacja Włócznia Neptuna;Operacja Pustynny Lis;Operacja Czerwony Świt;Operacja Wyzwolenie
Historia;Współczesna Polska i Świat;bardzo trudne;Kto był pierwszym prezydentem Federacji Rosyjskiej po rozwiązaniu ZSRR?;Borys Jelcyn;Władimir Putin;Michał Gorbaczow;Dmitrij Miedwiediew
Historia;Oświecenie i Rewolucje;łatwe;Kto był ostatnim królem Polski?;Stanisław August Poniatowski;August III Sas;Stanisław Leszczyński;August II Mocny
Historia;Oświecenie i Rewolucje;łatwe;Jak nazywała się pierwsza w Europie nowoczesna konstytucja uchwalona w 1791 roku?;Konstytucja 3 maja;Konstytucja marcowa;Konstytucja kwietniowa;Mała Konstytucja
Historia;Oświecenie i Rewolucje;trudne;Jak nazywał się organ doradczy króla utworzony na Sejmie Wielkim, pełniący rolę rządu?;Straż Praw;Rada Nieustająca;Komisja Edukacji Narodowej;Rada Najwyższa Narodowa
Historia;Oświecenie i Rewolucje;trudne;Kto był założycielem Collegium Nobilium, nowoczesnej szkoły dla szlachty?;Stanisław Konarski;Hugo Kołłątaj;Ignacy Potocki;Adam Kazimierz Czartoryski
Historia;Oświecenie i Rewolucje;trudne;W którym roku powołano Komisję Edukacji Narodowej?;1773;1764;1788;1791
Historia;Oświecenie i Rewolucje;trudne;Jak nazywało się pismo społeczno-polityczne wydawane w latach 1765–1785, propagujące reformy?;Monitor;Zabawy Przyjemne i Pożyteczne;Gazeta Warszawska;Kuźnica Kołłątajowska
Historia;Oświecenie i Rewolucje;bardzo trudne;Jak nazywało się ugrupowanie reformatorskie podczas Sejmu Wielkiego, w którego skład wchodzili m.in. Ignacy Potocki i Hugo Kołłątaj?;Stronnictwo Patriotyczne;Stronnictwo Hetmańskie;Familia;Stronnictwo Dworskie
Historia;Oświecenie i Rewolucje;bardzo trudne;Kto był autorem słynnego dzieła "Przestrogi dla Polski", wydanego w 1790 roku?;Stanisław Staszic;Hugo Kołłątaj;Franciszek Salezy Jezierski;Józef Wybicki
Historia;Oświecenie i Rewolucje;bardzo trudne;Jak nazywało się wystąpienie mieszczan z 1789 roku, domagających się praw na Sejmie Wielkim?;Czarna procesja;Konfederacja radomska;Bunt krakowski;Marsz na Warszawę
Historia;Oświecenie i Rewolucje;bardzo trudne;Który z traktatów rozbiorowych został ratyfikowany na sejmie w Grodnie w 1793 roku?;II rozbiór Polski;I rozbiór Polski;III rozbiór Polski;Traktat warszawski
Historia;I Wojna Światowa i Nowoczesność;łatwe;Jak nazywał się następca tronu Austro-Węgier, którego zabójstwo stało się pretekstem do wybuchu I wojny?;Franciszek Ferdynand;Franciszek Józef;Karol I;Rudolf Habsburg
Historia;I Wojna Światowa i Nowoczesność;łatwe;W którym roku zakończyła się I wojna światowa?;1918;1914;1917;1919
Historia;I Wojna Światowa i Nowoczesność;trudne;Jak nazywał się traktat pokojowy kończący wojnę z Niemcami, podpisany w 1919 roku?;Traktat wersalski;Traktat w Locarno;Pokój brzeski;Traktat w Trianon
Historia;I Wojna Światowa i Nowoczesność;trudne;Która bitwa z 1916 roku przeszła do historii jako najkrwawsza bitwa materiałowa?;Bitwa pod Verdun;Bitwa nad Marną;Bitwa pod Sommą;Bitwa pod Gorlicami
Historia;I Wojna Światowa i Nowoczesność;trudne;Jak nazywało się przymierze państw: Wielkiej Brytanii, Francji i Rosji?;Ententa;Trójprzymierze;Oś;Święte Przymierze
Historia;I Wojna Światowa i Nowoczesność;trudne;Która broń masowego rażenia została po raz pierwszy użyta przez Niemców pod Ypres w 1915 roku?;Gazy bojowe;Czołgi;Samoloty;Okręty podwodne
Historia;I Wojna Światowa i Nowoczesność;bardzo trudne;Jak nazywał się niemiecki plan wojny błyskawicznej zakładający atak na Francję przez neutralną Belgię?;Plan Schlieffena;Plan Barbarossa;Plan Fall Weiss;Plan Otto
Historia;I Wojna Światowa i Nowoczesność;bardzo trudne;Gdzie w 1917 roku doszło do buntu w armii francuskiej po nieudanej ofensywie Nivelle'a?;Chemin des Dames;Passchendaele;Gallipoli;Caporetto
Historia;I Wojna Światowa i Nowoczesność;bardzo trudne;Jak nazywała się największa bitwa morska I wojny światowej?;Bitwa jutlandzka;Bitwa pod Dogger Bank;Bitwa pod Helgolandem;Bitwa pod Coronel
Historia;I Wojna Światowa i Nowoczesność;bardzo trudne;Kto był dowódcą wojsk brytyjskich podczas tragicznej kampanii o Gallipoli?;Ian Hamilton;Douglas Haig;John French;Herbert Kitchener
Historia;Polska Piastowska;łatwe;Kto był pierwszym historycznym władcą Polski?;Mieszko I;Bolesław Chrobry;Siemowit;Kazimierz Odnowiciel
Historia;Polska Piastowska;łatwe;W którym roku odbył się chrzest Polski?;966;1000;997;1025
Historia;Polska Piastowska;trudne;Jak nazywał się syn Mieszka I, pierwszy koronowany król Polski?;Bolesław Chrobry;Mieszko II;Bezprym;Otto
Historia;Polska Piastowska;trudne;Gdzie zginął św. Wojciech podczas misji do Prus?;W Świętym Gaju;W Gdańsku;W Gnieźnie;W Kołobrzegu
Historia;Polska Piastowska;trudne;Który cesarz przybył na zjazd gnieźnieński w 1000 roku?;Otton III;Otton I;Henryk II;Otton II
Historia;Polska Piastowska;trudne;Jak nazywała się żona Mieszka I, księżniczka czeska?;Dobrawa;Rycheza;Judyta;Oda
Historia;Polska Piastowska;bardzo trudne;W której bitwie w 972 roku Mieszko I pokonał margrabiego Hodona?;Bitwa pod Cedynią;Bitwa pod Niemczą;Bitwa pod Budziszynem;Bitwa pod Głogowem
Historia;Polska Piastowska;bardzo trudne;Jak nazywał się traktat pokojowy z 1018 roku kończący wojny Bolesława Chrobrego z Henrykiem II?;Pokój w Budziszynie;Pokój w Merseburgu;Pokój w Quedlinburgu;Pokój w Pradze
Historia;Polska Piastowska;bardzo trudne;Który z braci Bolesława Chrobrego został przez niego wygnany z kraju na początku panowania?;Lamber;Mieszko;Świętopełk;Bezprym
Historia;Polska Piastowska;bardzo trudne;Jak nazywało się główne grodzisko Wiślan, zdobyte prawdopodobnie przez państwo wielkomorawskie?;Wiślica;Stradów;Kraków;Sandomierz
Historia;Starożytna Grecja i Rzym;łatwe;Kto był pierwszym cesarzem Rzymu?;Oktawian August;Juliusz Cezar;Neron;Konstantyn Wielki
Historia;Starożytna Grecja i Rzym;łatwe;Jak nazywał się język używany przez starożytnych Rzymian?;Łacina;Greka;Etruski;Fenicjański
Historia;Starożytna Grecja i Rzym;trudne;W którym roku założono Rzym według tradycji?;753 p.n.e.;509 p.n.e.;44 p.n.e.;27 p.n.e.
Historia;Starożytna Grecja i Rzym;trudne;Jak nazywał się rzymski wódz, który podbił Galię, a potem przekroczył Rubikon?;Juliusz Cezar;Pompejusz;Marek Antoniusz;Sulla
Historia;Starożytna Grecja i Rzym;trudne;Który cesarz rzymski jako pierwszy przyjął chrześcijaństwo?;Konstantyn Wielki;Teodozjusz Wielki;Trajan;Hadrian
Historia;Starożytna Grecja i Rzym;trudne;Jak nazywała się główna arena walk gladiatorów w Rzymie?;Koloseum;Cyrk Wielki;Forum Romanum;Panteon
Historia;Starożytna Grecja i Rzym;bardzo trudne;Który cesarz rzymski zginął w bitwie pod Adrianopolem w 378 roku?;Walens;Walentynian I;Gracjan;Teodozjusz
Historia;Starożytna Grecja i Rzym;bardzo trudne;Jak nazywał się traktat pokojowy z 241 r. p.n.e. kończący I wojnę punicką?;Pokój Lutacjusza;Pokój w Fenike;Traktat w Dardanos;Pokój w Apamei
Historia;Starożytna Grecja i Rzym;bardzo trudne;Kto był autorem słynnego dzieła "O naturze rzeczy" (De rerum natura)?;Lukrecjusz;Cyceron;Seneka;Tacyt
Historia;Starożytna Grecja i Rzym;bardzo trudne;Jak nazywała się najwyższa klasa majątkowa w Rzymie, służąca pierwotnie w konnicy?;Ekwici;Patrycjusze;Optymaci;Nobiles
Historia;II Wojna Światowa;łatwe;W którym roku wybuchło powstanie warszawskie?;1944;1943;1942;1945
Historia;II Wojna Światowa;łatwe;Jak nazywała się największa polska organizacja zbrojna w konspiracji?;Armia Krajowa;Gwardia Ludowa;Bataliony Chłopskie;Narodowe Siły Zbrojne
Historia;II Wojna Światowa;trudne;Kto był Naczelnym Wodzem Polskich Sił Zbrojnych, który zginął w katastrofie w Gibraltarze?;Władysław Sikorski;Edward Śmigły-Rydz;Kazimierz Sosnkowski;Władysław Anders
Historia;II Wojna Światowa;trudne;Jak nazywało się zwycięskie starcie polskich żołnierzy o klasztor we Włoszech w 1944 roku?;Bitwa o Monte Cassino;Bitwa o Loreto;Bitwa pod Ankoną;Bitwa pod Bolonią
Historia;II Wojna Światowa;trudne;Gdzie w 1943 roku wybuchło powstanie w getcie przeciwko Niemcom?;W Warszawie;W Krakowie;W Łodzi;W Białymstoku
Historia;II Wojna Światowa;trudne;Jak nazywał się kryptonim planu ogólnopolskiego powstania zbrojnego AK w 1944 roku?;Burza;Ostra Brama;Wachlarz;Wieniec
Historia;II Wojna Światowa;bardzo trudne;Kto był dowódcą Kedywu KG AK, który nadzorował zamach na Kutscherę?;Emil Fieldorf "Nil";Stefan Rowecki "Grot";Tadeusz Bór-Komorowski;Leopold Okulicki
Historia;II Wojna Światowa;bardzo trudne;Jak nazywała się rada pomagająca Żydom podczas okupacji?;Żegota;Rada Jedności Narodowej;Delegatura Rządu;Związek Odwetu
Historia;II Wojna Światowa;bardzo trudne;Gdzie we wrześniu 1939 roku miała miejsce bitwa nad Bzurą?;Pod Kutnem i Łowiczem;Pod Wizną;Pod Mławą;Pod Kockiem
Historia;II Wojna Światowa;bardzo trudne;Która polska dywizja pancerna pod dowództwem gen. Maczka brała udział w bitwie pod Falaise?;1. Dywizja Pancerna;2. Dywizja Pancerna;10. Brygada Kawalerii;Dywizja Karpacka
Historia;Wiek XIX;łatwe;W którym roku wybuchła rewolucja francuska?;1789;1815;1848;1776
Historia;Wiek XIX;łatwe;Kto był cesarzem Francuzów, który podbił większość Europy na początku wieku?;Napoleon Bonaparte;Ludwik XVI;Karol X;Napoleon III
Historia;Wiek XIX;trudne;Jak nazywała się seria zrywów rewolucyjnych w Europie w 1848 roku?;Wiosna Ludów;Jesień Narodów;Wielka Trwoga;Wojna Krymska
Historia;Wiek XIX;trudne;Kto był kanclerzem Prus, głównym architektem zjednoczenia Niemiec?;Otto von Bismarck;Wilhelm I;Klemens von Metternich;Giuseppe Garibaldi
Historia;Wiek XIX;trudne;W którym roku doszło do zjednoczenia Włoch?;1861;1848;1871;1830
Historia;Wiek XIX;trudne;Jak nazywał się brytyjski naukowiec, twórca teorii ewolucji (1859)?;Charles Darwin;Isaac Newton;James Watt;Gregor Mendel
Historia;Wiek XIX;bardzo trudne;Kto był inicjatorem powstania Czerwonego Krzyża po bitwie pod Solferino?;Henri Dunant;Florence Nightingale;Ludwik Pasteur;Robert Koch
Historia;Wiek XIX;bardzo trudne;Jak nazywał się traktat pokojowy z 1815 roku kończący epokę napoleońską?;Kongres Wiedeński;Pokój Paryski;Traktat Wersalski;Związek Niemiecki
Historia;Wiek XIX;bardzo trudne;W którym roku wybuchła wojna krymska?;1853;1848;1870;1821
Historia;Wiek XIX;bardzo trudne;Jak nazywał się dokument z 1848 roku autorstwa Marksa i Engelsa?;Manifest Komunistyczny;Kapitał;Karta Ludu;Deklaracja Praw
Historia;Prehistoria i Starożytny Wschód;łatwe;W jakiej epoce ludzie zaczęli po raz pierwszy używać narzędzi kamiennych?;Paleolit;Neolit;Epoka brązu;Epoka żelaza
Historia;Prehistoria i Starożytny Wschód;trudne;Które starożytne państwo stworzyło jeden z pierwszych spisanych kodeksów prawnych, Kodeks Hammurabiego?;Babilonia;Egipt;Asyria;Sumer
Historia;Prehistoria i Starożytny Wschód;trudne;Jak nazywało się pismo stosowane w starożytnej Mezopotamii, zapisywane rylcem na glinianych tabliczkach?;Pismo klinowe;Hieroglify;Alfabet fenicki;Runy
Historia;Prehistoria i Starożytny Wschód;bardzo trudne;Jak nazywała się starożytna cywilizacja z terenu dzisiejszego Iraku, której przypisuje się wynalezienie koła i pisma?;Sumerowie;Akadowie;Asyryjczycy;Fenicjanie
Historia;Prehistoria i Starożytny Wschód;bardzo trudne;W którym tysiącleciu p.n.e. rozpoczęła się rewolucja neolityczna, czyli przejście do rolnictwa?;X tysiąclecie p.n.e.;V tysiąclecie p.n.e.;XX tysiąclecie p.n.e.;II tysiąclecie p.n.e.
Historia;Starożytna Grecja i Rzym;łatwe;Jak nazywała się stolica starożytnego Cesarstwa Rzymskiego?;Rzym;Ateny;Konstantynopol;Kartagina
Historia;Starożytna Grecja i Rzym;trudne;Jak nazywała się bitwa z 480 roku p.n.e., w której niewielki oddział Spartan bronił przełęczy przed Persami?;Bitwa pod Termopilami;Bitwa pod Maratonem;Bitwa pod Salaminą;Bitwa pod Platejami
Historia;Starożytna Grecja i Rzym;trudne;Kto był pierwszym cesarzem rzymskim?;Oktawian August;Juliusz Cezar;Neron;Tyberiusz
Historia;Starożytna Grecja i Rzym;bardzo trudne;Jak nazywało się zgromadzenie obywateli w demokracji ateńskiej, podejmujące najważniejsze decyzje polityczne?;Ekklesia;Areopag;Senat;Boule
Historia;Średniowiecze;łatwe;Jak nazywali się wojownicy chrześcijańscy biorący udział w wyprawach do Ziemi Świętej?;Krzyżowcy;Templariusze;Wikingowie;Rycerze Zakonu Krzyżackiego
Historia;Średniowiecze;trudne;W którym roku miała miejsce bitwa pod Grunwaldem?;1410;1385;1444;1466
Historia;Średniowiecze;trudne;Jak nazywała się epidemia dżumy, która w XIV wieku wyludniła znaczną część Europy?;Czarna Śmierć;Hiszpanka;Cholera;Ospa
Historia;Średniowiecze;bardzo trudne;Jak nazywał się system społeczno-gospodarczy średniowiecznej Europy oparty na hierarchii lenn i wasali?;Feudalizm;Absolutyzm;Merkantylizm;Kapitalizm
Historia;Średniowiecze;bardzo trudne;W którym roku podpisano angielską Wielką Kartę Swobód, Magna Carta?;1215;1189;1265;1348
Historia;Polska Piastowska;łatwe;W którym roku przyjęto chrzest Polski?;966;988;1025;1050
Historia;Polska Piastowska;trudne;Kto jako pierwszy polski władca został koronowany na króla?;Bolesław Chrobry;Mieszko I;Bolesław Śmiały;Przemysł II
Historia;Polska Piastowska;bardzo trudne;Na ile dzielnic podzielił Polskę Bolesław Krzywousty w swoim testamencie z 1138 roku?;5;3;4;7
Historia;Polska Piastowska;bardzo trudne;Jak nazywał się syn Bolesława Krzywoustego, który jako senior nie zdołał utrzymać władzy zwierzchniej nad braćmi i został wygnany z kraju?;Władysław II Wygnaniec;Bolesław Kędzierzawy;Mieszko III Stary;Henryk Sandomierski
Historia;Polska Królewska i Jagiellońska;łatwe;Który polski król jako jedyny otrzymał przydomek Wielki?;Kazimierz Wielki;Bolesław Chrobry;Władysław Jagiełło;Zygmunt Stary
Historia;Polska Królewska i Jagiellońska;trudne;W którym roku zawarto unię w Krewie między Polską a Litwą?;1385;1410;1569;1401
Historia;Polska Królewska i Jagiellońska;trudne;Jak nazywała się dynastia panująca w Polsce od 1386 do 1572 roku?;Jagiellonowie;Piastowie;Wazowie;Andegawenowie
Historia;Polska Królewska i Jagiellońska;bardzo trudne;Kto był ostatnim królem Polski z dynastii Jagiellonów, zmarłym bezpotomnie w 1572 roku?;Zygmunt II August;Zygmunt Stary;Stefan Batory;Henryk Walezy
Historia;Polska Królewska i Jagiellońska;bardzo trudne;W którym roku odnowiono Akademię Krakowską dzięki fundacji królowej Jadwigi, po okresie jej upadku?;1400;1364;1385;1410
Historia;Wielkie Odkrycia Geograficzne;łatwe;Kto w 1492 roku dopłynął do Ameryki, sądząc, że dotarł do Indii?;Krzysztof Kolumb;Vasco da Gama;Ferdynand Magellan;Amerigo Vespucci
Historia;Wielkie Odkrycia Geograficzne;trudne;Czyja wyprawa jako pierwsza opłynęła świat, choć jej dowódca zginął po drodze na Filipinach?;Ferdynand Magellan;Krzysztof Kolumb;Vasco da Gama;Francis Drake
Historia;Wielkie Odkrycia Geograficzne;trudne;Który portugalski żeglarz jako pierwszy Europejczyk dotarł drogą morską do Indii?;Vasco da Gama;Krzysztof Kolumb;Bartolomeu Dias;Ferdynand Magellan
Historia;Wielkie Odkrycia Geograficzne;bardzo trudne;Który żeglarz jako pierwszy opłynął przylądek Dobrej Nadziei w 1488 roku?;Bartolomeu Dias;Vasco da Gama;Henryk Żeglarz;Ferdynand Magellan
Historia;Oświecenie i Rewolucje;łatwe;W którym roku wybuchła Rewolucja Francuska?;1789;1799;1804;1776
Historia;Oświecenie i Rewolucje;trudne;Jak nazywała się twierdza-więzienie w Paryżu, której zdobycie 14 lipca 1789 roku symbolizuje początek rewolucji?;Bastylia;Luwr;Wersal;Conciergerie
Historia;Oświecenie i Rewolucje;trudne;Kto był autorem koncepcji trójpodziału władzy, kluczowej dla myśli oświeceniowej?;Monteskiusz;Wolter;Rousseau;John Locke
Historia;Oświecenie i Rewolucje;bardzo trudne;Jak nazywała się konfederacja zbrojna zawiązana w 1792 roku przez polską szlachtę przeciwną Konstytucji 3 maja, wspierana przez Rosję?;Konfederacja targowicka;Konfederacja barska;Konfederacja warszawska;Konfederacja tarnogrodzka
Historia;Oświecenie i Rewolucje;bardzo trudne;Jak nazywał się okres terroru podczas Rewolucji Francuskiej, kierowany przez Robespierre'a?;Wielki Terror;Restauracja;Dyrektoriat;Konsulat
Historia;Polska pod Zaborami;łatwe;Ile było rozbiorów Polski?;3;2;4;5
Historia;Polska pod Zaborami;trudne;W którym roku miał miejsce pierwszy rozbiór Polski?;1772;1793;1795;1791
Historia;Polska pod Zaborami;trudne;Jak nazywało się powstanie narodowe z 1830 roku, wymierzone przeciwko Rosji?;Powstanie listopadowe;Powstanie styczniowe;Powstanie kościuszkowskie;Wiosna Ludów
Historia;Polska pod Zaborami;bardzo trudne;Jak nazywało się formalnie niepodległe państwo polskie utworzone przez Napoleona w 1807 roku?;Księstwo Warszawskie;Królestwo Polskie;Wolne Miasto Kraków;Galicja
Historia;Wiek XIX;łatwe;Jak nazywała się fala rewolucji, która w 1848 roku ogarnęła wiele krajów Europy?;Wiosna Ludów;Rewolucja Październikowa;Kongres Wiedeński;Restauracja
Historia;Wiek XIX;trudne;Który kongres z 1815 roku ustalił nowy porządek polityczny w Europie po wojnach napoleońskich?;Kongres wiedeński;Kongres berliński;Kongres paryski;Kongres westfalski
Historia;Wiek XIX;trudne;W którym roku zjednoczono Włochy w jedno państwo?;1861;1848;1871;1900
Historia;Wiek XIX;bardzo trudne;Który kanclerz doprowadził do zjednoczenia Niemiec w 1871 roku?;Otto von Bismarck;Wilhelm I;Metternich;Friedrich Engels
Historia;Wiek XIX;bardzo trudne;Jak nazywała się wojna między Prusami a Francją w latach 1870-1871, zakończona zjednoczeniem Niemiec?;Wojna francusko-pruska;Wojna krymska;Wojna siedmioletnia;Wojna o sukcesję hiszpańską
Historia;Historia USA;łatwe;W którym roku Stany Zjednoczone ogłosiły niepodległość?;1776;1789;1804;1812
Historia;Historia USA;trudne;Jak nazywała się wojna domowa w USA toczona w latach 1861-1865?;Wojna secesyjna;Wojna o niepodległość;Wojna 1812 roku;Wojna hiszpańsko-amerykańska
Historia;Historia USA;bardzo trudne;Który dokument z 1787 roku jest najstarszą wciąż obowiązującą pisaną konstytucją państwową na świecie?;Konstytucja Stanów Zjednoczonych;Deklaracja Niepodległości;Karta Praw (Bill of Rights);Artykuły Konfederacji
Historia;Historia USA;bardzo trudne;Jak nazywała się transakcja z 1803 roku, na mocy której USA kupiły od Francji ogromne terytorium Luizjany?;Zakup Luizjany;Traktat paryski;Traktat z Gwadelupe Hidalgo;Zakup Alaski
Historia;I Wojna Światowa i Nowoczesność;łatwe;W którym roku wybuchła I wojna światowa?;1914;1912;1917;1918
Historia;I Wojna Światowa i Nowoczesność;trudne;Jakie wydarzenie z 28 czerwca 1914 roku uznaje się za bezpośrednią przyczynę wybuchu I wojny światowej?;Zamach w Sarajewie;Inwazja na Belgię;Bitwa nad Marną;Zatopienie Lusitanii
Historia;I Wojna Światowa i Nowoczesność;trudne;Jak nazywał się traktat pokojowy kończący I wojnę światową, podpisany w 1919 roku?;Traktat wersalski;Traktat z Brześcia;Traktat w Locarno;Traktat z Saint-Germain
Historia;I Wojna Światowa i Nowoczesność;bardzo trudne;Jak nazywała się linia frontu na zachodzie Europy podczas I wojny światowej, znana z długotrwałej wojny pozycyjnej w okopach?;Front zachodni;Front wschodni;Linia Maginota;Linia Zygfryda
Historia;I Wojna Światowa i Nowoczesność;bardzo trudne;W którym roku Stany Zjednoczone przystąpiły do I wojny światowej?;1917;1914;1916;1918
Historia;II Wojna Światowa;trudne;Jak nazywała się operacja lądowania aliantów w Normandii w 1944 roku?;Operacja Overlord;Operacja Barbarossa;Operacja Market Garden;Operacja Torch
Historia;II Wojna Światowa;trudne;Jak nazywała się niemiecka inwazja na ZSRR rozpoczęta w 1941 roku?;Operacja Barbarossa;Operacja Overlord;Operacja Fall Weiss;Operacja Cytadela
Historia;II Wojna Światowa;bardzo trudne;Na jakiej konferencji w 1945 roku alianci ustalili powojenny podział Niemiec i Europy?;Konferencja jałtańska;Konferencja poczdamska;Konferencja teherańska;Konferencja casablankańska
Historia;II Wojna Światowa;bardzo trudne;Jak nazywała się operacja kryptonimowa sowieckiego kontrataku, który doprowadził do okrążenia niemieckiej 6. Armii pod Stalingradem w listopadzie 1942 roku?;Operacja Uran;Operacja Saturn;Operacja Mars;Operacja Kutuzow
Historia;II Rzeczpospolita;trudne;Kto był Naczelnikiem Państwa Polskiego w latach 1918-1922?;Józef Piłsudski;Ignacy Paderewski;Gabriel Narutowicz;Stanisław Wojciechowski
Historia;II Rzeczpospolita;trudne;Jak nazywała się wojna Polski z Rosją Radziecką, zakończona w 1921 roku pokojem ryskim?;Wojna polsko-bolszewicka;Wojna polsko-ukraińska;Powstanie wielkopolskie;III powstanie śląskie
Historia;II Rzeczpospolita;bardzo trudne;Który prezydent II Rzeczpospolitej został zamordowany tydzień po objęciu urzędu w 1922 roku?;Gabriel Narutowicz;Stanisław Wojciechowski;Ignacy Mościcki;Ignacy Paderewski
Historia;II Rzeczpospolita;bardzo trudne;Jak nazywała się waluta wprowadzona w 1924 roku w wyniku reformy Władysława Grabskiego, zastępująca zdewaluowaną markę polską?;Złoty;Talar;Rubel;Korona
Historia;Polska Ludowa (PRL);łatwe;Jak nazywała się partia komunistyczna rządząca Polską w czasach PRL?;Polska Zjednoczona Partia Robotnicza;Polska Partia Socjalistyczna;Polska Partia Robotnicza;Zjednoczone Stronnictwo Ludowe
Historia;Polska Ludowa (PRL);trudne;Jak nazywał się niezależny związek zawodowy powstały w 1980 roku w Stoczni Gdańskiej?;Solidarność;Wolność i Pokój;KOR;Wolna Europa
Historia;Polska Ludowa (PRL);bardzo trudne;Jak nazywał się kryptonim planu wprowadzenia stanu wojennego opracowanego przez władze PRL?;Operacja Jodła;Operacja Wisła;Operacja Dunaj;Operacja Lawina
Historia;Polska Ludowa (PRL);bardzo trudne;Jak nazywały się protesty robotnicze na Wybrzeżu w grudniu 1970 roku, brutalnie stłumione przez milicję i wojsko?;Grudzień '70;Czerwiec '76;Marzec '68;Sierpień '80
Historia;Zimna Wojna;łatwe;Jak nazywał się mur, który od 1961 do 1989 roku dzielił Berlin na część wschodnią i zachodnią?;Mur Berliński;Żelazna Kurtyna;Linia Maginota;Mur Chiński
Historia;Zimna Wojna;trudne;Jak nazywał się kryzys z 1962 roku, gdy świat znalazł się na granicy wojny nuklearnej między USA a ZSRR?;Kryzys kubański;Kryzys berliński;Kryzys sueski;Kryzys koreański
Historia;Zimna Wojna;trudne;Jak nazywał się sojusz wojskowy państw komunistycznych, odpowiednik NATO, utworzony w 1955 roku?;Układ Warszawski;Kominform;RWPG;Pakt Bałkański
Historia;Zimna Wojna;bardzo trudne;Jak nazywał się amerykański samolot szpiegowski zestrzelony nad terytorium ZSRR w 1960 roku, co wywołało poważny kryzys dyplomatyczny?;U-2;SR-71 Blackbird;B-52;F-4 Phantom
Historia;Zimna Wojna;bardzo trudne;Jak nazywała się linia telefoniczna ustanowiona między Moskwą a Waszyngtonem po kryzysie kubańskim w 1963 roku, mająca zapobiec przypadkowej wojnie nuklearnej?;Czerwony Telefon;Zielona Linia;Biała Linia;Niebieski Kanał
Historia;Współczesna Polska i Świat;trudne;W którym roku Polska przystąpiła do NATO?;1999;1991;2004;1997
Historia;Współczesna Polska i Świat;trudne;Jak nazywano pierwsze częściowo wolne wybory w powojennej Polsce, które odbyły się 4 czerwca 1989 roku?;Wybory kontraktowe;Wybory parlamentarne 1991;Wybory prezydenckie 1990;Referendum konstytucyjne 1997
Historia;Współczesna Polska i Świat;bardzo trudne;Jak nazywał się szczyt NATO w 1997 roku, na którym formalnie zaproszono Polskę, Czechy i Węgry do członkostwa?;Szczyt madrycki;Szczyt lizboński;Szczyt praski;Szczyt brukselski
Historia;Współczesna Polska i Świat;bardzo trudne;W którym roku wprowadzono w Polsce denominację złotego, wymieniając 10 000 starych złotych na 1 nowy?;1995;1990;1999;2004
Historia;Wielcy Polacy i Dowódcy;łatwe;Która polska uczona jako pierwsza na świecie otrzymała dwie Nagrody Nobla, z fizyki i chemii?;Maria Skłodowska-Curie;Wisława Szymborska;Olga Tokarczuk;Czesław Miłosz
Historia;Wielcy Polacy i Dowódcy;trudne;Jak nazywał się polski dowódca zwycięski w bitwie pod Wiedniem w 1683 roku?;Jan III Sobieski;Stefan Czarniecki;Stanisław Żółkiewski;Stanisław Koniecpolski
Historia;Wielcy Polacy i Dowódcy;trudne;Kto dowodził jako Naczelny Wódz w Bitwie Warszawskiej w 1920 roku, zwanej Cudem nad Wisłą?;Józef Piłsudski;Władysław Sikorski;Tadeusz Rozwadowski;Edward Rydz-Śmigły
Historia;Wielcy Polacy i Dowódcy;bardzo trudne;Kto był głównodowodzącym Armii Krajowej w momencie wybuchu powstania warszawskiego w 1944 roku?;Tadeusz Bór-Komorowski;Stefan Rowecki "Grot";Leopold Okulicki;Antoni Chruściel "Monter"
Historia;Wielcy Polacy i Dowódcy;bardzo trudne;Kto był szefem sztabu generalnego, który opracował kluczowy plan kontrofensywy znad Wieprza w Bitwie Warszawskiej 1920 roku?;Tadeusz Rozwadowski;Józef Piłsudski;Władysław Sikorski;Kazimierz Sosnkowski
Historia;Zamki i Twierdze;łatwe;Jak nazywa się największy zamek na świecie pod względem powierzchni, znajdujący się w Malborku?;Zamek w Malborku;Zamek Wawelski;Zamek Książ;Zamek Krzyżtopór
Historia;Zamki i Twierdze;trudne;Który zakon rycerski wybudował zamek w Malborku jako swoją stolicę?;Zakon Krzyżacki;Zakon Templariuszy;Zakon Joannitów;Zakon Kawalerów Mieczowych
Historia;Zamki i Twierdze;trudne;Jak nazywa się warowny zamek królewski w Krakowie, dawna siedziba władców Polski?;Wawel;Malbork;Niepołomice;Ojców
Historia;Zamki i Twierdze;bardzo trudne;Jak nazywa się barokowy zamek w Ujeździe, znany z licznych legend, zwany "polskim Palmyrą" ze względu na ruiny?;Zamek Krzyżtopór;Zamek Książ;Zamek Ogrodzieniec;Zamek Czocha
Historia;Zamki i Twierdze;bardzo trudne;Ile sal bankietowych, według legendy odpowiadających liczbie dni w roku, miał posiadać zamek Krzyżtopór w Ujeździe?;365;300;400;52
Historia;Historia Sportu;łatwe;W którym mieście odbyły się pierwsze nowożytne Igrzyska Olimpijskie w 1896 roku?;Ateny;Paryż;Londyn;Rzym
Historia;Historia Sportu;trudne;Kto jest uważany za twórcę nowożytnych Igrzysk Olimpijskich?;Pierre de Coubertin;Avery Brundage;Juan Antonio Samaranch;Demetrios Vikelas
Historia;Historia Sportu;trudne;W którym roku polscy siatkarze zdobyli złoty medal mistrzostw świata w Katowicach?;2014;2006;2018;2022
Historia;Historia Sportu;bardzo trudne;Kto była pierwszą Polką, która zdobyła złoty medal olimpijski w historii, w rzucie dyskiem na igrzyskach w Amsterdamie w 1928 roku?;Halina Konopacka;Stanisława Walasiewicz;Janusz Kusociński;Irena Szewińska
Historia;Historia Sportu;bardzo trudne;W którym roku reprezentacja Polski w piłce nożnej pod wodzą Kazimierza Górskiego zdobyła złoty medal na Igrzyskach Olimpijskich w Monachium?;1972;1968;1976;1980
Historia;Prehistoria i Starożytny Wschód;łatwe;Jak nazywa się epoka poprzedzająca erę pisma, badana głównie na podstawie znalezisk archeologicznych?;Prehistoria;Starożytność;Średniowiecze;Antyk
Historia;Prehistoria i Starożytny Wschód;trudne;Jak nazywało się jedno z pierwszych miast-państw w Mezopotamii, z którego pochodził legendarny król Gilgamesz?;Uruk;Ur;Babilon;Niniwa
Historia;Prehistoria i Starożytny Wschód;trudne;Jak nazywał się zestaw praw spisany przez babilońskiego króla ok. 1750 r. p.n.e.?;Kodeks Hammurabiego;Kodeks Ur-Nammu;Prawa Draka;Dwanaście Tablic
Historia;Prehistoria i Starożytny Wschód;bardzo trudne;Jak nazywało się imperium starożytnego Bliskiego Wschodu, znane z brutalnych podbojów, ze stolicą w Niniwie?;Asyria;Babilonia;Persja;Sumer
Historia;Prehistoria i Starożytny Wschód;bardzo trudne;Jak nazywa się okres epoki kamienia charakteryzujący się pojawieniem rolnictwa i osiadłego trybu życia?;Neolit;Paleolit;Mezolit;Epoka brązu
Historia;Starożytna Grecja i Rzym;łatwe;Jak nazywały się igrzyska sportowe organizowane w starożytnej Grecji na cześć Zeusa?;Igrzyska Olimpijskie;Igrzyska Pytyjskie;Igrzyska Istmijskie;Igrzyska Nemejskie
Historia;Starożytna Grecja i Rzym;trudne;Jak nazywał się ateński polityk i mówca, twórca "złotego wieku" demokracji ateńskiej w V wieku p.n.e.?;Perykles;Solon;Klejstenes;Temistokles
Historia;Starożytna Grecja i Rzym;trudne;Jak nazywał się rzymski wódz, który przekroczył Rubikon w 49 r. p.n.e., rozpoczynając wojnę domową?;Juliusz Cezar;Pompejusz;Marek Antoniusz;Oktawian August
Historia;Starożytna Grecja i Rzym;bardzo trudne;Jak nazywał się ateński polityk, twórca reform ustrojowych z 508 r. p.n.e., uznawany za "ojca demokracji ateńskiej"?;Klejstenes;Solon;Perykles;Drakon
Historia;Starożytna Grecja i Rzym;bardzo trudne;Jak nazywała się bitwa morska z 480 r. p.n.e., w której flota grecka pokonała perską pod wodzą Temistoklesa?;Bitwa pod Salaminą;Bitwa pod Maratonem;Bitwa pod Platejami;Bitwa pod Termopilami
Historia;Średniowiecze;łatwe;Jak nazywał się ustrój społeczno-polityczny średniowiecznej Europy oparty na hierarchii lenn?;Feudalizm;Absolutyzm;Republika;Teokracja
Historia;Średniowiecze;trudne;Jak nazywała się seria wypraw zbrojnych chrześcijan do Ziemi Świętej w latach 1096-1291?;Krucjaty;Rekonkwista;Wielka Schizma;Inkwizycja
Historia;Średniowiecze;trudne;Jak nazywał się dokument z 1215 roku ograniczający władzę angielskiego króla Jana bez Ziemi?;Wielka Karta Swobód;Złota Bulla;Statut Kaliski;Bill of Rights
Historia;Średniowiecze;bardzo trudne;Jak nazywała się bitwa z 1066 roku, w której Wilhelm Zdobywca pokonał Anglosasów i podbił Anglię?;Bitwa pod Hastings;Bitwa pod Bosworth;Bitwa pod Agincourt;Bitwa pod Crécy
Historia;Średniowiecze;bardzo trudne;Jak nazywał się mongolski wódz, twórca największego imperium lądowego w historii świata na przełomie XII i XIII wieku?;Czyngis-chan;Kubilaj-chan;Batu-chan;Timur
Historia;Polska Piastowska;łatwe;Jak nazywał się pierwszy koronowany król Polski?;Bolesław Chrobry;Mieszko I;Kazimierz Odnowiciel;Bolesław Krzywousty
Historia;Polska Piastowska;trudne;Jak nazywała się stolica Polski za czasów pierwszych Piastów, przed przeniesieniem do Krakowa?;Gniezno;Poznań;Płock;Wrocław
Historia;Polska Piastowska;trudne;Jak nazywał się syn Mieszka I, który kontynuował chrystianizację i koronował się na pierwszego króla Polski?;Bolesław Chrobry;Mieszko II;Kazimierz Odnowiciel;Władysław Herman
Historia;Polska Piastowska;bardzo trudne;Jak nazywał się zjazd monarchów w Gnieźnie w 1000 roku, podczas którego cesarz Otto III odwiedził grób świętego Wojciecha?;Zjazd gnieźnieński;Zjazd łęczycki;Zjazd w Merseburgu;Synod w Sutri
Historia;Polska Piastowska;bardzo trudne;Jak nazywał się syn Bolesława Krzywoustego, senior dzielnicowy wygnany z kraju po nieudanej próbie zjednoczenia władzy?;Władysław II Wygnaniec;Bolesław Kędzierzawy;Mieszko III Stary;Henryk Sandomierski
Historia;Polska Królewska i Jagiellońska;łatwe;Jak nazywa się dynastia panująca w Polsce po Piastach, założona przez Władysława Jagiełłę?;Jagiellonowie;Andegawenowie;Wazowie;Piastowie
Historia;Polska Królewska i Jagiellońska;trudne;Jak nazywała się żona Władysława Jagiełły, która wniosła mu koronę polską, córka Ludwika Węgierskiego?;Jadwiga Andegaweńska;Anna Cylejska;Elżbieta Granowska;Zofia Holszańska
Historia;Polska Królewska i Jagiellońska;trudne;Jak nazywała się bitwa z 1444 roku, w której zginął król Władysław III Warneńczyk w starciu z Turkami?;Bitwa pod Warną;Bitwa pod Grunwaldem;Bitwa pod Wiedniem;Bitwa pod Chocimiem
Historia;Polska Królewska i Jagiellońska;bardzo trudne;Jak nazywał się ostatni król Polski z dynastii Jagiellonów, zmarły bezpotomnie w 1572 roku?;Zygmunt II August;Zygmunt Stary;Stefan Batory;Henryk Walezy
Historia;Polska Królewska i Jagiellońska;bardzo trudne;Jak nazywał się akt z 1525 roku, w którym książę pruski złożył hołd lenny królowi Polski?;Hołd pruski;Hołd ruski;Unia horodelska;Traktat toruński
Historia;Wielkie Odkrycia Geograficzne;łatwe;Kto jako pierwszy Europejczyk opłynął Przylądek Dobrej Nadziei w 1488 roku?;Bartolomeu Dias;Vasco da Gama;Krzysztof Kolumb;Ferdynand Magellan
Historia;Wielkie Odkrycia Geograficzne;trudne;Jak nazywał się portugalski książę, mecenas i organizator wypraw odkrywczych wzdłuż wybrzeży Afryki w XV wieku?;Henryk Żeglarz;Jan II Portugalski;Manuel I;Alfons V
Historia;Wielkie Odkrycia Geograficzne;trudne;Kto jako pierwszy dotarł drogą lądową do Chin z Europy i opisał to w "Opisaniu świata"?;Marco Polo;Krzysztof Kolumb;Vasco da Gama;Ferdynand Magellan
Historia;Wielkie Odkrycia Geograficzne;bardzo trudne;Jak nazywał się hiszpański konkwistador, zdobywca imperium Azteków w latach 1519-1521?;Hernán Cortés;Francisco Pizarro;Diego Velázquez;Vasco Núñez de Balboa
Historia;Wielkie Odkrycia Geograficzne;bardzo trudne;Jak nazywał się hiszpański konkwistador, zdobywca imperium Inków w latach 30. XVI wieku?;Francisco Pizarro;Hernán Cortés;Diego de Almagro;Pedro de Alvarado
Historia;Oświecenie i Rewolucje;łatwe;Jak nazywał się francuski filozof oświeceniowy, autor "Umowy społecznej", zwolennik suwerenności ludu?;Jan Jakub Rousseau;Wolter;Monteskiusz;Diderot
Historia;Oświecenie i Rewolucje;trudne;Jak nazywał się ostatni król Polski, panujący w czasach rozbiorów?;Stanisław August Poniatowski;August III Sas;August II Mocny;Stanisław Leszczyński
Historia;Oświecenie i Rewolucje;trudne;Jak nazywał się francuski rewolucjonista, przywódca rządów jakobińskich, twórca Wielkiego Terroru, ścięty w 1794 roku?;Maksymilian Robespierre;Georges Danton;Jean-Paul Marat;Louis de Saint-Just
Historia;Oświecenie i Rewolucje;bardzo trudne;Jak nazywał się traktat kończący wojnę o niepodległość Stanów Zjednoczonych w 1783 roku?;Traktat paryski;Traktat wersalski;Traktat gandawski;Traktat utrechcki
Historia;Oświecenie i Rewolucje;bardzo trudne;Jak nazywał się przywódca powstania z 1794 roku, weteran wojny o niepodległość USA?;Tadeusz Kościuszko;Jan Henryk Dąbrowski;Józef Poniatowski;Kazimierz Pułaski
Historia;Polska pod Zaborami;łatwe;Który zaborca uzyskał największą część terytorium Polski w wyniku rozbiorów?;Rosja;Prusy;Austria;Turcja
Historia;Polska pod Zaborami;trudne;Jak nazywało się powstanie z 1863 roku, największe i najdłużej trwające powstanie narodowe przeciw Rosji?;Powstanie styczniowe;Powstanie listopadowe;Powstanie kościuszkowskie;Wiosna Ludów
Historia;Polska pod Zaborami;trudne;Jak nazywał się austriacki region Polski pod zaborami, obejmujący Kraków i Lwów?;Galicja;Kongresówka;Wielkopolska;Śląsk
Historia;Polska pod Zaborami;bardzo trudne;Jak nazywał się przywódca powstania listopadowego, dyktator w pierwszym okresie walk 1830-1831?;Józef Chłopicki;Jan Skrzynecki;Ludwik Mierosławski;Romuald Traugutt
Historia;Polska pod Zaborami;bardzo trudne;Jak nazywał się ostatni dyktator powstania styczniowego, powieszony przez Rosjan w 1864 roku?;Romuald Traugutt;Marian Langiewicz;Zygmunt Padlewski;Aleksander Wielopolski
Historia;Wiek XIX;łatwe;Jak nazywał się francuski cesarz, który podbił znaczną część Europy na początku XIX wieku?;Napoleon Bonaparte;Ludwik XVI;Karol X;Ludwik Filip
Historia;Wiek XIX;trudne;Jak nazywała się bitwa z 1815 roku, w której Napoleon poniósł ostateczną klęskę?;Bitwa pod Waterloo;Bitwa pod Lipskiem;Bitwa pod Austerlitz;Bitwa pod Borodino
Historia;Wiek XIX;trudne;Jak nazywała się fala rewolucji społecznych i narodowych, która w 1848 roku ogarnęła niemal całą Europę?;Wiosna Ludów;Kongres wiedeński;Restauracja;Komuna Paryska
Historia;Wiek XIX;bardzo trudne;Jak nazywał się kanclerz Prus i Niemiec, architekt zjednoczenia Niemiec, zwany "żelaznym kanclerzem"?;Otto von Bismarck;Wilhelm I;Helmuth von Moltke;Albrecht von Roon
Historia;Wiek XIX;bardzo trudne;Jak nazywała się krótkotrwała rewolucyjna władza robotnicza w Paryżu w 1871 roku?;Komuna Paryska;Wiosna Ludów;Rewolucja Lipcowa;Drugie Cesarstwo
Historia;Historia USA;łatwe;Jak nazywa się dokument z 1776 roku ogłaszający niepodległość Stanów Zjednoczonych od Wielkiej Brytanii?;Deklaracja Niepodległości;Konstytucja USA;Karta Praw;Artykuły Konfederacji
Historia;Historia USA;trudne;Jak nazywała się słynna wyprawa lądowa z lat 1804-1806, badająca nowo zakupione terytoria zachodnie USA?;Wyprawa Lewisa i Clarka;Szlak Oregoński;Gorączka złota;Manifest Destiny
Historia;Historia USA;trudne;Jak nazywała się polityka ekspansji terytorialnej USA w XIX wieku, oparta na przekonaniu o "boskim przeznaczeniu" zajęcia kontynentu?;Manifest Destiny;Doktryna Monroe'a;Nowy Ład;Wielkie Społeczeństwo
Historia;Historia USA;bardzo trudne;Jak nazywał się generał wojsk Konfederacji podczas wojny secesyjnej, uznawany za jednego z najzdolniejszych dowódców tej strony?;Robert E. Lee;Ulysses S. Grant;Stonewall Jackson;William Sherman
Historia;Historia USA;bardzo trudne;Jak nazywała się bitwa z 1863 roku, uznawana za punkt zwrotny wojny secesyjnej na korzyść Unii?;Bitwa pod Gettysburgiem;Bitwa nad Antietam;Bitwa o Fort Sumter;Bitwa nad Bull Run
Historia;I Wojna Światowa i Nowoczesność;łatwe;Które państwa tworzyły główny sojusz przeciwny Ententy w I wojnie światowej?;Państwa Centralne;Trójprzymierze;Trójporozumienie;Mocarstwa Osi
Historia;I Wojna Światowa i Nowoczesność;trudne;Jak nazywał się traktat pokojowy kończący I wojnę światową, podpisany w 1919 roku w Wersalu?;Traktat wersalski;Traktat z Saint-Germain;Traktat w Trianon;Traktat brzeski
Historia;I Wojna Światowa i Nowoczesność;trudne;Jak nazywała się rewolucja z 1917 roku, która obaliła carat w Rosji i doprowadziła do władzy bolszewików?;Rewolucja Październikowa;Rewolucja Francuska;Wiosna Ludów;Rewolucja 1905 roku
Historia;I Wojna Światowa i Nowoczesność;bardzo trudne;Jak nazywała się niemiecka linia umocnień obronnych na froncie zachodnim, przełamana przez aliantów w 1918 roku?;Linia Hindenburga;Linia Maginota;Linia Zygfryda;Linia Mannerheima
Historia;I Wojna Światowa i Nowoczesność;bardzo trudne;Jak nazywała się bitwa z 1916 roku pod Verdun, jedna z najkrwawszych w historii I wojny światowej?;Bitwa pod Verdun;Bitwa nad Sommą;Bitwa pod Ypres;Bitwa pod Marną
Historia;II Wojna Światowa;łatwe;Który kraj zaatakowała III Rzesza 1 września 1939 roku, rozpoczynając II wojnę światową w Europie?;Polska;Francja;ZSRR;Czechosłowacja
Historia;II Wojna Światowa;trudne;Jak nazywała się operacja obrony Wielkiej Brytanii przed niemieckimi nalotami lotniczymi w 1940 roku?;Bitwa o Anglię;Operacja Lew Morski;Blitz;Operacja Dynamo
Historia;II Wojna Światowa;trudne;Jak nazywała się ewakuacja wojsk alianckich z francuskiego portu w 1940 roku, po okrążeniu przez Niemców?;Operacja Dynamo;Operacja Lew Morski;Operacja Overlord;Operacja Market Garden
Historia;II Wojna Światowa;bardzo trudne;Jak nazywała się konferencja z lutego 1945 roku, na której alianci ustalili powojenny podział wpływów w Europie?;Konferencja jałtańska;Konferencja poczdamska;Konferencja teherańska;Konferencja casablankańska
Historia;II Wojna Światowa;bardzo trudne;Jak nazywała się operacja desantu aliantów na Sycylię w 1943 roku, pierwszy krok inwazji na Włochy?;Operacja Husky;Operacja Avalanche;Operacja Shingle;Operacja Torch
Historia;II Rzeczpospolita;łatwe;Kto jako marszałek Sejmu pełnił obowiązki prezydenta po zabójstwie Gabriela Narutowicza w 1922 roku?;Maciej Rataj;Stanisław Wojciechowski;Ignacy Mościcki;Wincenty Witos
Historia;II Rzeczpospolita;trudne;Jak nazywała się waluta obowiązująca w Polsce przed reformą Grabskiego z 1924 roku, silnie zdewaluowana inflacją?;Marka polska;Złoty;Rubel;Frank polski
Historia;II Rzeczpospolita;trudne;Jak nazywał się polski minister spraw zagranicznych w latach 30., współtwórca polityki równowagi między ZSRR a Niemcami?;Józef Beck;August Zaleski;Roman Dmowski;Ignacy Paderewski
Historia;II Rzeczpospolita;bardzo trudne;Jak nazywał się zamach stanu przeprowadzony przez Józefa Piłsudskiego w maju 1926 roku?;Przewrót majowy;Zamach majowy;Pucz warszawski;Rewolucja majowa
Historia;II Rzeczpospolita;bardzo trudne;Jak nazywał się system rządów autorytarnych wprowadzony po 1926 roku przez obóz Piłsudskiego?;Sanacja;Endecja;ONR;BBWR
Historia;Polska Ludowa (PRL);łatwe;Jak nazywała się polska tajna policja polityczna w czasach stalinowskich w PRL?;Urząd Bezpieczeństwa;Milicja Obywatelska;SB;ORMO
Historia;Polska Ludowa (PRL);trudne;Jak nazywał się polski papież wybrany w 1978 roku, którego pielgrzymki miały ogromny wpływ na opozycję w PRL?;Jan Paweł II;Paweł VI;Jan XXIII;Benedykt XVI
Historia;Polska Ludowa (PRL);trudne;Jak nazywał się przewodniczący "Solidarności", późniejszy prezydent Polski, laureat Pokojowej Nagrody Nobla w 1983 roku?;Lech Wałęsa;Tadeusz Mazowiecki;Bronisław Geremek;Jacek Kuroń
Historia;Polska Ludowa (PRL);bardzo trudne;Jak nazywały się rozmowy między władzą PRL a opozycją solidarnościową na przełomie 1988 i 1989 roku?;Obrady Okrągłego Stołu;Porozumienia sierpniowe;Konferencja jałtańska;Plan Balcerowicza
Historia;Polska Ludowa (PRL);bardzo trudne;Jak nazywał się plan reform gospodarczych z 1990 roku, wprowadzający gospodarkę rynkową w Polsce?;Plan Balcerowicza;Plan Sześcioletni;Plan Kołodki;Plan Rywina
Historia;Zimna Wojna;łatwe;Jak nazywał się mur dzielący Berlin na część wschodnią i zachodnią w latach 1961-1989?;Mur Berliński;Żelazna Kurtyna;Linia Odry-Nysy;Mur Koreański
Historia;Zimna Wojna;trudne;Jak nazywał się konflikt zbrojny w Azji Południowo-Wschodniej w latach 1955-1975, wspierany przez USA przeciw komunistycznej Północy?;Wojna wietnamska;Wojna koreańska;Wojna w Kambodży;Konflikt laotański
Historia;Zimna Wojna;trudne;Jak nazywała się rywalizacja technologiczna między USA a ZSRR o dominację w eksploracji kosmosu?;Wyścig kosmiczny;Wyścig zbrojeń;Zimna wojna technologiczna;Doktryna Trumana
Historia;Zimna Wojna;bardzo trudne;Jak nazywała się doktryna polityczna USA z 1947 roku, zakładająca powstrzymywanie ekspansji komunizmu?;Doktryna Trumana;Doktryna Eisenhowera;Plan Marshalla;Doktryna Nixona
Historia;Zimna Wojna;bardzo trudne;Jak nazywał się program pomocy gospodarczej USA dla powojennej Europy Zachodniej, ogłoszony w 1947 roku?;Plan Marshalla;Doktryna Trumana;Program Lend-Lease;Plan Schumana
Historia;Współczesna Polska i Świat;łatwe;Do jakiej organizacji gospodarczej Polska przystąpiła w 2004 roku razem z 9 innymi krajami?;Unia Europejska;NATO;ONZ;Rada Europy
Historia;Współczesna Polska i Świat;trudne;Jak nazywał się pierwszy niekomunistyczny premier Polski po 1989 roku?;Tadeusz Mazowiecki;Jan Krzysztof Bielecki;Hanna Suchocka;Waldemar Pawlak
Historia;Współczesna Polska i Świat;trudne;Jak nazywa się organizacja terrorystyczna odpowiedzialna za zamachy z 11 września 2001 roku w Nowym Jorku?;Al-Ka'ida;ISIS;Talibowie;Hezbollah
Historia;Współczesna Polska i Świat;bardzo trudne;Jak nazywał się globalny kryzys gospodarczy z 2008 roku, wywołany załamaniem rynku kredytów hipotecznych w USA?;Globalny kryzys finansowy;Kryzys dot-comów;Czarny Poniedziałek;Kryzys naftowy
Historia;Współczesna Polska i Świat;bardzo trudne;Jak nazywała się pandemia, która od 2020 roku sparaliżowała gospodarkę światową, wywołana wirusem SARS-CoV-2?;Pandemia COVID-19;Pandemia grypy hiszpanki;Epidemia SARS;Epidemia Eboli
Historia;Wielcy Polacy i Dowódcy;łatwe;Jak nazywał się polski papież, wybrany na Stolicę Piotrową w 1978 roku jako Jan Paweł II?;Karol Wojtyła;Stefan Wyszyński;Adam Stefan Sapieha;Józef Glemp
Historia;Wielcy Polacy i Dowódcy;trudne;Jak nazywał się polski kompozytor i pianista, autor mazurków i polonezów, ikona muzyki narodowej XIX wieku?;Fryderyk Chopin;Stanisław Moniuszko;Ignacy Jan Paderewski;Karol Szymanowski
Historia;Wielcy Polacy i Dowódcy;trudne;Jak nazywał się dowódca powstania warszawskiego, głównodowodzący Armią Krajową w 1944 roku?;Tadeusz Bór-Komorowski;Stefan Rowecki;Leopold Okulicki;Antoni Chruściel
Historia;Wielcy Polacy i Dowódcy;bardzo trudne;Jak nazywał się polski generał, premier rządu emigracyjnego, który zginął w katastrofie w Gibraltarze w 1943 roku?;Władysław Sikorski;Kazimierz Sosnkowski;Władysław Anders;Stanisław Maczek
Historia;Wielcy Polacy i Dowódcy;bardzo trudne;Jak nazywał się polski generał, dowódca 2. Korpusu Polskiego, zdobywca Monte Cassino w 1944 roku?;Władysław Anders;Władysław Sikorski;Stanisław Maczek;Tadeusz Bór-Komorowski
Historia;Zamki i Twierdze;łatwe;Jak nazywa się zamek w Krakowie na wzgórzu wawelskim, siedziba dawnych władców Polski?;Zamek Królewski na Wawelu;Zamek w Malborku;Zamek Książ;Zamek Krzyżtopór
Historia;Zamki i Twierdze;trudne;Jak nazywa się twierdza obronna w Kłodzku, jedna z największych w Europie, wybudowana na wzgórzu nad miastem?;Twierdza Kłodzka;Twierdza Modlin;Twierdza Boyen;Twierdza Osowiec
Historia;Zamki i Twierdze;trudne;Jak nazywa się XIX-wieczna twierdza pruska na Mazurach, obecnie w Giżycku?;Twierdza Boyen;Twierdza Kłodzka;Twierdza Modlin;Twierdza Osowiec
Historia;Zamki i Twierdze;bardzo trudne;Jak nazywa się zamek krzyżacki w Kwidzynie, znany z unikalnej wieży-gdaniska połączonej krytym gankiem?;Zamek w Kwidzynie;Zamek w Malborku;Zamek w Gniewie;Zamek w Radzyniu Chełmińskim
Historia;Zamki i Twierdze;bardzo trudne;Jak nazywa się twierdza nad Biebrzą, jedna z największych rosyjskich twierdz na terenie Polski, znana z obrony we wrześniu 1939 roku?;Twierdza Osowiec;Twierdza Modlin;Twierdza Boyen;Twierdza Kłodzka
Historia;Historia Sportu;łatwe;Jak nazywa się najstarszy klub piłkarski świata, założony w Anglii w 1857 roku?;Sheffield F.C.;Notts County;Cambridge University AFC;Stoke City
Historia;Historia Sportu;trudne;W którym mieście odbyły się pierwsze zimowe igrzyska olimpijskie w 1924 roku?;Chamonix;St. Moritz;Garmisch-Partenkirchen;Lake Placid
Historia;Historia Sportu;trudne;Jak nazywał się polski bokser, złoty medalista olimpijski z Meksyku 1968 w wadze półśredniej?;Jerzy Kulej;Zbigniew Pietrzykowski;Leszek Drogosz;Kazimierz Paździor
Historia;Historia Sportu;bardzo trudne;Jak nazywał się węgierski piłkarz, kapitan "Złotej Jedenastki", która pokonała Anglię 6-3 w 1953 roku?;Ferenc Puskás;Sándor Kocsis;Nándor Hidegkuti;Zoltán Czibor
Historia;Historia Sportu;bardzo trudne;Jak nazywała się pierwsza polska mistrzyni olimpijska, zdobywczyni złota w rzucie dyskiem na igrzyskach w Amsterdamie w 1928 roku?;Halina Konopacka;Stanisława Walasiewicz;Irena Szewińska;Maria Kwaśniewska
