Matura Geografia;Astronomia i Kartografia;bardzo trudne;Jak nazywa się metoda graficzna przedstawiająca natężenie zjawiska w granicach jednostek terytorialnych za pomocą barw?;Kartogram;Kartodiagram;Izolinia;Metoda kropkowa
Matura Geografia;Astronomia i Kartografia;bardzo trudne;Jak zinterpretować wąską podstawę piramidy wieku?;Niska liczba urodzeń i starzenie się społeczeństwa;Wysoka śmiertelność niemowląt;Duża liczba imigrantów;Wojna w kraju
Matura Geografia;Astronomia i Kartografia;trudne;Co pokazuje wskaźnik Giniego?;Stopień nierówności w dochodach społeczeństwa;Liczbę urodzeń w miastach;Poziom zanieczyszczenia powietrza;Wydajność rolnictwa
Matura Geografia;Astronomia i Kartografia;trudne;Jeśli wskaźnik PKB na mieszkańca rośnie, ale wskaźnik HDI spada, co to może oznaczać?;Pogorszenie jakości życia, np. edukacji lub służby zdrowia;Gwałtowny rozwój przemysłu;Spadek liczby ludności;Wzrost eksportu surowców
Matura Geografia;Astronomia i Kartografia;łatwe;Jak nazywa się wykres przedstawiający strukturę ludności według płci i wieku?;Piramida wieku;Wykres kołowy;Histogram;Kartodiagram
Matura Geografia;Astronomia i Kartografia;bardzo trudne;Czym jest profil morfologiczny?;Wykresem przedstawiającym linię przecięcia powierzchni terenu płaszczyzną pionową;Widokiem góry z lotu ptaka;Mapą pogody;Tabelą wysokości
Matura Geografia;Astronomia i Kartografia;bardzo trudne;Jak obliczyć nachylenie stoku w stopniach?;Używając funkcji trygonometrycznych (tangens nachylenia = różnica wysokości / odległość);Dodając wysokość szczytu do długości rzeki;Mierząc temperaturę na szczycie;Mnożąc azymut przez skalę
Matura Geografia;Astronomia i Kartografia;trudne;Jak na mapie poziomicowej rozpoznać dolinę rzeczną?;Poziomice wyginają się w kształt litery V skierowanej "pod górę";Poziomice są prostymi liniami;Poziomice tworzą koła;Brak poziomic
Matura Geografia;Astronomia i Kartografia;trudne;Jak nazywa się forma terenu, gdy poziomice tworzą zamknięte pętle z wartościami rosnącymi do środka?;Góra (wzniesienie);Kotlina;Dolina;Grzbiet
Matura Geografia;Astronomia i Kartografia;łatwe;Co oznacza "cięcie poziomicowe"?;Różnicę wysokości między dwiema sąsiednimi poziomicami na mapie;Długość kreski na mapie;Grubość papieru mapy;Liczbę gór na obszarze
Matura Geografia;Astronomia i Kartografia;bardzo trudne;Ile wynosi nachylenie osi ziemskiej do płaszczyzny ekliptyki?;66°33';23°26';90°;0°
Matura Geografia;Astronomia i Kartografia;bardzo trudne;Ile wynosi nachylenie płaszczyzny równika ziemskiego do płaszczyzny ekliptyki?;23°26';66°33';90°;45°
Matura Geografia;Astronomia i Kartografia;bardzo trudne;Ile wynosi prędkość liniowa obrotu Ziemi na równiku (w przybliżeniu)?;1670 km/h;1000 km/h;465 km/h;30 km/s
Matura Geografia;Astronomia i Kartografia;bardzo trudne;Ile wynosi różnica czasu słonecznego między punktami oddalonymi o 1 stopień długości geograficznej?;4 minuty;15 minut;1 godzina;1 minuta
Matura Geografia;Astronomia i Kartografia;bardzo trudne;Jak nazywa się czas mierzony na podstawie momentu górowania Słońca nad południkiem zerowym (południkiem Greenwich)?;Czas uniwersalny (UTC);Czas strefowy;Czas urzędowy;Czas słoneczny miejscowy
Matura Geografia;Astronomia i Kartografia;bardzo trudne;Jak nazywa się siła bezwładności powodująca odchylenie kierunku ruchu ciał poruszających się na Ziemi (np. pasatów) w prawo na półkuli północnej?;Siła Coriolisa;Siła odśrodkowa;Siła Lorentza;Siła grawitacji
Matura Geografia;Astronomia i Kartografia;bardzo trudne;Jak nazywa się zjawisko polegające na wahaniu osi obrotu Ziemi, trwające ok. 26 tysięcy lat?;Precesja;Nutacja;Ekscentryczność;Apsydia
Matura Geografia;Astronomia i Kartografia;bardzo trudne;Jak nazywa się zjawisko pozornego ruchu słońca po sferze niebieskiej, wynikające z nachylenia osi i ruchu obiegowego?;Analerma;Precesja;Nutacja;Paralaksa
Matura Geografia;Astronomia i Kartografia;trudne;Jak nazywa się czas oparty na widomym ruchu słońca, wskazujący godzinę 12:00 w momencie najwyższego górowania na danym południku?;Czas słoneczny (miejscowy);Czas strefowy;Czas urzędowy;Czas letni
Matura Geografia;Astronomia i Kartografia;trudne;Jak nazywa się kąt zawarty między płaszczyzną równika a kierunkiem do Słońca w danej chwili?;Deklinacja Słońca;Azymut;Szerokość geograficzna;Nachylenie ekliptyki
Matura Geografia;Astronomia i Kartografia;trudne;Jak nazywa się płaszczyzna, w której Ziemia wykonuje ruch obiegowy wokół Słońca?;Ekliptyka;Równik niebieski;Południk magnetyczny;Orbita geostacjonarna
Matura Geografia;Astronomia i Kartografia;trudne;Jaki jest główny skutek siły Coriolisa dla rzek płynących na półkuli północnej?;Silniejsze podmywanie prawego brzegu;Silniejsze podmywanie lewego brzegu;Zahamowanie nurtu;Powstawanie delt
Matura Geografia;Astronomia i Kartografia;trudne;O ile stopni obraca się Ziemia wokół własnej osi w ciągu jednej godziny czasu słonecznego?;15 stopni;1 stopień;30 stopni;360 stopni
Matura Geografia;Astronomia i Kartografia;trudne;W którym dniu roku cała Ziemia (poza obszarami podbiegunowymi) oświetlona jest przez 12 godzin?;21 marca;22 czerwca;22 grudnia;1 maja
Matura Geografia;Astronomia i Kartografia;trudne;W którym dniu słońce góruje w zenicie nad Zwrotnikiem Koziorożca?;22 grudnia;22 czerwca;21 marca;23 września
Matura Geografia;Astronomia i Kartografia;trudne;W którym miejscu na Ziemi prędkość kątowa ruchu obrotowego wynosi 360 stopni na dobę?;W każdym punkcie na Ziemi;Tylko na równiku;Tylko na biegunach;Tylko na południku zerowym
Matura Geografia;Astronomia i Kartografia;łatwe;Jak nazywa się czas mierzony na podstawie południka 15°E w Polsce?;Czas środkowoeuropejski;Czas letni;Czas uniwersalny (UTC);Czas wschodnioeuropejski
Matura Geografia;Astronomia i Kartografia;łatwe;Jak nazywa się moment w roku, w którym słońce góruje w zenicie nad równikiem, a dzień i noc trwają po 12 godzin?;Równonoc;Przesilenie letnie;Przesilenie zimowe;Ahelium
Matura Geografia;Astronomia i Kartografia;łatwe;Jak nazywa się punkt na orbicie ziemskiej, w którym Ziemia znajduje się najbliżej Słońca?;Peryhelium;Aphelium;Zenit;Nadir
Matura Geografia;Astronomia i Kartografia;łatwe;Jak nazywa się siła wynikająca z ruchu obrotowego Ziemi, powodująca odchylenie kierunku wiatrów?;Siła Coriolisa;Siła odśrodkowa;Siła grawitacji;Siła tarcia
Matura Geografia;Atmosfera i Klimat;bardzo trudne;Czym charakteryzuje się cyklon tropikalny w swojej centralnej części (tzw. oko cyklonu)?;Brakiem chmur i wiatru;Najsilniejszymi opadami;Najwyższym ciśnieniem;Najniższą temperaturą
Matura Geografia;Atmosfera i Klimat;bardzo trudne;Jak nazywa się komórka cyrkulacyjna powietrza występująca między równikiem a szerokością ok. 30 stopni?;Komórka Hadleya;Komórka Ferrela;Komórka polarna;Komórka Walkera
Matura Geografia;Atmosfera i Klimat;trudne;Co jest główną przyczyną powstawania monsunów?;Różnica nagrzewania się lądu i oceanu w cyklu rocznym;Ruch obrotowy Ziemi;Siła Coriolisa;Wulkanizm
Matura Geografia;Atmosfera i Klimat;trudne;Jak nazywają się prądy powietrzne w górnej troposferze, poruszające się z prędkością kilkuset km/h z zachodu na wschód?;Prądy strumieniowe (Jet Stream);Pasaty;Antypasaty;Masy powietrza polarnego
Matura Geografia;Atmosfera i Klimat;łatwe;Jak nazywa się wiatr lokalny wiejący nad morzem, zmieniający kierunek w cyklu dobowym?;Bryza;Pasat;Monsun;Halny
Matura Geografia;Atmosfera i Klimat;bardzo trudne;Czym charakteryzuje się cyrkulacja Walkera?;Anomalnym krążeniem powietrza nad Pacyfikiem (El Niño);Wieianiem pasatów;Powstawaniem trąb powietrznych;Ruchami pionowymi w troposferze
Matura Geografia;Atmosfera i Klimat;bardzo trudne;Jak nazywa się stan atmosfery, w którym pionowy gradient temperatury jest ujemny (cieplej jest wyżej)?;Inwersja temperatury;Konwekcja;Adwekcja;Labilność
Matura Geografia;Atmosfera i Klimat;bardzo trudne;Jak nazywa się stosunek prężności pary wodnej znajdującej się w powietrzu do prężności pary wodnej nasyconej w danej temperaturze?;Wilgotność względna;Wilgotność bezwzględna;Punkt rosy;Niedosyt wilgotności
Matura Geografia;Atmosfera i Klimat;bardzo trudne;Jak nazywa się suchy i ciepły wiatr wiejący z gór w USA (odpowiednik halnego)?;Chinook;Santa Ana;Bora;Mistral
Matura Geografia;Atmosfera i Klimat;bardzo trudne;Jak nazywa się wiatr stały wiejący od wyżów zwrotnikowych ku niżowi równikowemu?;Pasat;Monsun;Etezje;Mistral
Matura Geografia;Atmosfera i Klimat;bardzo trudne;Jak nazywa się wskaźnik określający zdolność powierzchni do odbijania promieniowania słonecznego?;Albedo;Radiacja;Konwekcja;Adwekcja
Matura Geografia;Atmosfera i Klimat;bardzo trudne;Która skala służy do określania stopnia zachmurzenia nieba?;Skala oktantowa;Skala Beauforta;Skala Mohsa;Skala Richtera
Matura Geografia;Atmosfera i Klimat;bardzo trudne;W jakiej skali klasyfikuje się klimatologię na podstawie średnich miesięcznych temperatur i sum opadów (używana powszechnie w szkole)?;Klasyfikacja Köppena;Skala Beauforta;Skala Fujity;Skala Saffira-Simpsona
Matura Geografia;Atmosfera i Klimat;trudne;Jak nazywa się granica oddzielająca najniższą warstwę atmosfery od stratosfery, w której następuje zahamowanie spadku temperatury wraz z wysokością?;Tropopauza;Stratopauza;Mezopauza;Egzopauza
Matura Geografia;Atmosfera i Klimat;trudne;Jak nazywa się proces ogrzewania dolnych warstw atmosfery przez gazy zatrzymujące promieniowanie długofalowe Ziemi?;Efekt cieplarniany;Inwersja temperatury;Albedo;Konwekcja
Matura Geografia;Atmosfera i Klimat;trudne;Jak nazywa się proces, w którym para wodna przechodzi bezpośrednio w stan stały (lód)?;Resublimacja;Sublimacja;Kondensacja;Parowanie
Matura Geografia;Atmosfera i Klimat;trudne;Jak nazywa się proces, w którym wilgotne powietrze ochładza się podczas wznoszenia wzdłuż stoku góry, prowadząc do opadów?;Opad orograficzny;Opad konwekcyjny;Opad frontalny;Inwersja
Matura Geografia;Atmosfera i Klimat;trudne;Jak nazywa się warstwa inwersyjna w atmosferze?;Warstwa, w której temperatura rośnie wraz z wysokością;Warstwa najniższego ciśnienia;Miejsce powstawania zorzy polarnej;Granica opadów śniegu
Matura Geografia;Atmosfera i Klimat;trudne;Która masa powietrza przynosi do Polski mroźną i słoneczną pogodę zimą?;Powietrze arktyczne lub kontynentalne polarne;Powietrze zwrotnikowe morskie;Powietrze polarne morskie;Powietrze równikowe
Matura Geografia;Atmosfera i Klimat;trudne;Który typ frontu atmosferycznego powstaje, gdy front chłodny dogania front ciepły?;Front okluzji;Front stacjonarny;Front polarny;Front arktyczny
Matura Geografia;Atmosfera i Klimat;trudne;Który z gazów cieplarnianych jest emitowany w dużych ilościach podczas hodowli bydła i składowania odpadów?;Metan;Tlenek azotu;Freon;Argon
Matura Geografia;Atmosfera i Klimat;łatwe;Jak nazywa się linia łącząca na mapie punkty o tej samej temperaturze?;Izoterma;Izobara;Izohieta;Izohalina
Matura Geografia;Atmosfera i Klimat;łatwe;Jak nazywa się warstwa atmosfery, w której zachodzą wszystkie zjawiska pogodowe?;Troposfera;Stratosfera;Mezosfera;Termosfera
Matura Geografia;Atmosfera i Klimat;łatwe;Który gaz stanowi około 78% składu chemicznego czystego i suchego powietrza?;Azot;Tlen;Argon;Dwutlenek węgla
Matura Geografia;Atmosfera i Klimat;łatwe;Który składnik atmosfery chroni nas przed szkodliwym promieniowaniem UV?;Ozon;Dwutlenek węgla;Azot;Para wodna
Matura Geografia;Demografia i Ludność;bardzo trudne;Co oznacza termin "wskaźnik feminizacji"?;Liczba kobiet przypadająca na 100 mężczyzn;Procent kobiet w rządzie;Liczba urodzeń dziewczynek;Średnia długość życia kobiet
Matura Geografia;Demografia i Ludność;bardzo trudne;Co oznacza wskaźnik feminizacji powyżej 100?;Przewagę liczby kobiet nad liczbą mężczyzn;Wysoką dzietność;Duży udział kobiet w rządzie;Długość życia kobiet
Matura Geografia;Demografia i Ludność;bardzo trudne;Czym jest "okienko demograficzne"?;Okresem, w którym przeważa liczba osób w wieku produkcyjnym, sprzyjając gospodarce;Wysoką liczbą zgonów;Brakiem emigracji;Czasem trwania spisu powszechnego
Matura Geografia;Demografia i Ludność;bardzo trudne;Jak nazywa się model, w którym liczba urodzeń i zgonów jest niska i wyrównana (IV faza)?;Stabilizacja demograficzna;Eksplozja demograficzna;Regres demograficzny;Faza pretransformacyjna
Matura Geografia;Demografia i Ludność;bardzo trudne;Jak nazywa się proces powrotu emigrantów do kraju ojczystego?;Reemigracja;Imigracja;Deportacja;Drenaż mózgów
Matura Geografia;Demografia i Ludność;bardzo trudne;Jak nazywa się zjawisko masowego napływu młodych ludzi do miast w krajach rozwijających się?;Egzodus ze wsi;Suburbanizacja;Reurbanizacja;Imigracja
Matura Geografia;Demografia i Ludność;bardzo trudne;Która faza modelu przejścia demograficznego charakteryzuje się bardzo wysoką liczbą urodzeń i spadającą liczbą zgonów (eksplozja demograficzna)?;II faza;I faza;III faza;IV faza
Matura Geografia;Demografia i Ludność;bardzo trudne;W której fazie modelu przejścia demograficznego znajduje się większość krajów najsłabiej rozwiniętych Afryki?;II faza;I faza;III faza;IV faza
Matura Geografia;Demografia i Ludność;trudne;Co oznacza termin "eksplozja demograficzna"?;Gwałtowny wzrost liczby ludności wywołany spadkiem śmiertelności;Masowe wyjazdy za granicę;Szybki rozwój miast;Wzrost liczby osób starszych
Matura Geografia;Demografia i Ludność;trudne;Co oznacza termin "starzenie się społeczeństwa"?;Wzrost udziału osób powyżej 65 roku życia w populacji;Zwiększenie liczby urodzeń;Wzrost liczby imigrantów;Spadek średniej długości życia
Matura Geografia;Demografia i Ludność;trudne;Co oznacza termin "wskaźnik dzietności" wynoszący 2,1?;Poziom zapewniający prostą zastępowalność pokoleń;Eksplozję demograficzną;Regres demograficzny;Starzenie się społeczeństwa
Matura Geografia;Demografia i Ludność;trudne;Jak nazywa się model opisujący zmiany wartości współczynników urodzeń i zgonów wraz z rozwojem społeczeństwa?;Model przejścia demograficznego;Model grawitacji;Piramida płci i wieku;Teoria Malthusa
Matura Geografia;Demografia i Ludność;trudne;Jak nazywa się model przedstawiający zmiany zgonów i urodzeń w czasie rozwoju gospodarczego?;Model przejścia demograficznego;Teoria Malthusa;Krzywa Lorenza;Wskaźnik Giniego
Matura Geografia;Demografia i Ludność;trudne;Jak nazywa się model zmian urodzeń i zgonów w miarę rozwoju cywilizacyjnego?;Model przejścia demograficznego;Teoria Malthusa;Krzywa Lorenza;Wskaźnik Giniego
Matura Geografia;Demografia i Ludność;trudne;Jak nazywa się proces starzenia się społeczeństwa?;Wzrost udziału osób w wieku poprodukcyjnym;Eksplozja demograficzna;Imigracja;Urbanizacja
Matura Geografia;Demografia i Ludność;trudne;Jak nazywa się przemieszczanie się ludności wewnątrz kraju (np. ze wsi do miast)?;Migracja wewnętrzna;Emigracja;Imigracja;Reemigracja
Matura Geografia;Demografia i Ludność;łatwe;Jak nazywa się gwałtowny spadek liczby ludności w danym państwie?;Depopulacja;Eksplozja demograficzna;Migracja;Urbanizacja
Matura Geografia;Demografia i Ludność;łatwe;Jak nazywa się różnica między liczbą urodzeń a liczbą zgonów?;Przyrost naturalny;Saldo migracji;Przyrost rzeczywisty;Wskaźnik dzietności
Matura Geografia;Demografia i Ludność;łatwe;Jak nazywa się różnica między liczbą urodzeń żywych a liczbą zgonów w danym czasie?;Przyrost naturalny;Przyrost rzeczywisty;Saldo migracji;Wskaźnik dzietności
Matura Geografia;Demografia i Ludność;łatwe;Jak nazywa się współczynnik określający liczbę zgonów niemowląt na 1000 urodzeń żywych?;Śmiertelność niemowląt;Przyrost naturalny;Dzietność;Eksplozja demograficzna
Matura Geografia;Przemysł i Energetyka;bardzo trudne;Czym są biopaliwa II generacji?;Paliwami wytwarzanymi z niejadalnych części roślin lub odpadów;Paliwami z kukurydzy i rzepaku;Gazem ziemnym z łupków;Wodorem uzyskiwanym z wody
Matura Geografia;Przemysł i Energetyka;bardzo trudne;Jak nazywa się proces pozyskiwania energii z rozpadu jąder atomowych?;Fuzja jądrowa;Rozszczepienie jądra atomowego;Jonizacja;Synteza termojądrowa
Matura Geografia;Przemysł i Energetyka;trudne;Który kraj europejski produkuje ok. 100% energii elektrycznej ze źródeł odnawialnych (geotermia i hydroenergetyka)?;Islandia;Francja;Polska;Niemcy
Matura Geografia;Przemysł i Energetyka;trudne;Który kraj posiada największą liczbę elektrowni wiatrowych na świecie (pod względem mocy zainstalowanej)?;Chiny;USA;Niemcy;Dania
Matura Geografia;Przemysł i Energetyka;łatwe;Które źródło energii wykorzystuje ciepło z wnętrza Ziemi?;Energia geotermalna;Energia słoneczna;Energia biomasy;Energia jądrowa
Matura Geografia;Regiony Świata - Azja i Afryka;bardzo trudne;Jak nazywa się proces degradacji gleb i roślinności na obrzeżach Sahary (pas Sahelu)?;Pustynnienie (desertyfikacja);Lateryzacja;Erozja rzeczna;Uzdrowiskowienie
Matura Geografia;Regiony Świata - Azja i Afryka;bardzo trudne;Która rzeka w Afryce posiada największe dorzecze i przepływ wody?;Kongo;Nil;Niger;Zambezi
Matura Geografia;Regiony Świata - Azja i Afryka;trudne;Który region Afryki charakteryzuje się największą gęstością zaludnienia?;Dolina i delta Nilu;Kotlina Konga;Sahara;Pustynia Namib
Matura Geografia;Regiony Świata - Azja i Afryka;trudne;W którym państwie afrykańskim dominuje wydobycie złota i platyny?;RPA;Egipt;Nigeria;Algieria
Matura Geografia;Regiony Świata - Azja i Afryka;łatwe;Jak nazywa się największe jezioro Afryki?;Jezioro Wiktorii;Tanganika;Niasa;Czad
Matura Geografia;Regiony Świata - Azja i Afryka;bardzo trudne;Jak nazywa się największa elektrownia wodna świata, zbudowana na rzece Jangcy?;Zapora Trzech Przełomów;Itaipu;Guri;Sayano-Shushenskaya
Matura Geografia;Regiony Świata - Azja i Afryka;bardzo trudne;W którym japońskim mieście znajduje się jedna z największych giełd papierów wartościowych świata?;Tokio;Osaka;Kioto;Jokohama
Matura Geografia;Regiony Świata - Azja i Afryka;trudne;Jak nazywa się proces gwałtownego rozwoju gospodarczego państw takich jak Korea Płd., Tajwan i Singapur?;Azjatyckie tygrysy;Wielki skok;Zielona rewolucja;Restrukturyzacja
Matura Geografia;Regiony Świata - Azja i Afryka;trudne;Która rzeka w Chinach jest nazywana "Żółtą Rzeką" ze względu na dużą zawartość lessu?;Huang He;Jangcy;Amur;Mekong
Matura Geografia;Regiony Świata - Azja i Afryka;łatwe;Które państwo azjatyckie jest nazywane "Krajem Kwitnącej Wiśni"?;Japonia;Chiny;Korea Południowa;Wietnam
Matura Geografia;Geografia Fizyczna Polski;bardzo trudne;Jak nazywa się najstarsza grupa gór w Polsce?;Góry Świętokrzyskie;Tatry;Beskidy;Karkonosze
Matura Geografia;Geografia Fizyczna Polski;bardzo trudne;Jak nazywa się najstarsza jednostka geologiczna Polski, zajmująca północno-wschodnią część kraju?;Platforma wschodnioeuropejska;Monoklina przedsudecka;Karpaty;Niecka mazowiecka
Matura Geografia;Geografia Fizyczna Polski;bardzo trudne;Jak nazywa się najstarsza orogeneza, która objęła fragmenty Polski?;Orogeneza kaledońska (lub hercyńska dla Sudetów);Orogeneza alpejska;Orogeneza laramijska;Orogeneza andyjska
Matura Geografia;Geografia Fizyczna Polski;bardzo trudne;Jak nazywa się najwyższy szczyt Sudetów?;Śnieżka;Rysy;Tarnica;Łysica
Matura Geografia;Geografia Fizyczna Polski;bardzo trudne;Jak nazywa się wiatr typu fenowego, który wieje w Tatrach?;Halny;Bryza;Mistral;Zefir
Matura Geografia;Geografia Fizyczna Polski;bardzo trudne;Która kraina geograficzna Polski ma charakterystyczną rzeźbę kratową i zbudowana jest ze skał wapiennych?;Wyżyna Krakowsko-Częstochowska;Nizina Mazowiecka;Polesie;Góry Świętokrzyskie
Matura Geografia;Geografia Fizyczna Polski;bardzo trudne;Która rzeka stanowi największą część granicy zachodniej Polski?;Odra;Nysa Łużycka;Warta;Bug
Matura Geografia;Geografia Fizyczna Polski;bardzo trudne;Który region Polski jest najbardziej zagrożony powodzią sztormową (cofką)?;Żuławy Wiślane;Tatry;Wyżyna Lubelska;Nizina Mazowiecka
Matura Geografia;Geografia Fizyczna Polski;trudne;Jak nazywa się najwyższe pasmo górskie w Sudetach?;Karkonosze;Góry Stołowe;Góry Sowie;Masyw Śnieżnika
Matura Geografia;Geografia Fizyczna Polski;trudne;Jak nazywa się najwyższy szczyt Polski?;Rysy;Śnieżka;Tarnica;Łysica
Matura Geografia;Geografia Fizyczna Polski;trudne;Jak nazywa się pas rzeźby terenu w Polsce, który powstał w wyniku działalności lądolodu podczas zlodowacenia wisły?;Pojezierza;Niziny Środkowopolskie;Wyżyny;Kotliny Podkarpackie
Matura Geografia;Geografia Fizyczna Polski;trudne;W której erze geologicznej nastąpiło wypiętrzenie Karpat i Sudetów (orogeneza alpejska)?;Kenozoik;Mezozoik;Paleozoik;Prekambr
Matura Geografia;Geografia Fizyczna Polski;trudne;W której erze geologicznej wypiętrzyły się Karpaty?;Kenozoik;Mezozoik;Paleozoik;Prekambr
Matura Geografia;Geografia Fizyczna Polski;trudne;W której erze powstał węgiel kamienny na Śląsku?;Paleozoik (Karbon);Mezozoik;Kenozoik;Prekambr
Matura Geografia;Geografia Fizyczna Polski;trudne;W którym regionie Polski znajdują się ruchome wydmy?;Słowiński Park Narodowy;Bieszczady;Mazury;Górny Śląsk
Matura Geografia;Geografia Fizyczna Polski;trudne;Z jakim państwem Polska ma najdłuższą granicę?;Czechy;Niemcy;Słowacja;Ukraina
Matura Geografia;Geografia Fizyczna Polski;łatwe;Jaka jest średnia wysokość nad poziomem morza w Polsce?;173 m n.p.m.;500 m n.p.m.;50 m n.p.m.;300 m n.p.m.
Matura Geografia;Geografia Fizyczna Polski;łatwe;Jaka rzeka jest najdłuższą rzeką w Polsce?;Wisła;Odra;Warta;Bug
Matura Geografia;Geografia Fizyczna Polski;łatwe;Jaki pas rzeźby terenu dominuje w środkowej Polsce?;Niziny;Góry;Wyżyny;Pobrzeża
Matura Geografia;Geografia Fizyczna Polski;łatwe;W którym kierunku nachylony jest obszar Polski (przeważający kierunek odpływu rzek)?;Północno-zachodnim;Południowo-wschodnim;Północno-wschodnim;Południowo-zachodnim
Matura Geografia;Demografia i Ludność;bardzo trudne;Czym jest piramida progresywna?;Piramida o szerokiej podstawie, charakterystyczna dla młodych społeczeństw;Piramida o wąskiej podstawie;Piramida o kształcie dzwonu;Piramida o kształcie urny
Matura Geografia;Demografia i Ludność;bardzo trudne;Czym jest współczynnik obciążenia demograficznego?;Liczbą osób w wieku nieprodukcyjnym przypadającą na 100 osób w wieku produkcyjnym;Liczbą dzieci w rodzinie;Procentem bezrobotnych w kraju;Liczbą kobiet na 100 mężczyzn
Matura Geografia;Demografia i Ludność;trudne;Co oznacza termin "eksplozja demograficzna"?;Nagły wzrost przyrostu naturalnego wywołany spadkiem zgonów przy wysokich urodzeniach;Masowe wymieranie ludności;Gwałtowny wzrost emigracji;Zjawisko starzenia się społeczeństwa
Matura Geografia;Demografia i Ludność;trudne;Który region świata znajduje się obecnie w II i III fazie modelu przejścia demograficznego?;Afryka Subsaharyjska;Europa Zachodnia;Ameryka Północna;Australia
Matura Geografia;Demografia i Ludność;łatwe;Jak nazywa się podział ludności ze względu na wiek: przedprodukcyjny, produkcyjny i poprodukcyjny?;Struktura wiekowa;Struktura płci;Struktura zawodowa;Struktura etniczna
Matura Geografia;Hydrosfera;bardzo trudne;Jak nazywa się proces powstawania nowej skorupy oceanicznej w strefach ryftowych?;Spreadingu;Subdukcji;Orogenezy;Izostazji
Matura Geografia;Hydrosfera;bardzo trudne;W którym oceanie znajduje się najgłębsze miejsce na Ziemi – Głębia Challengera?;Ocean Spokojny;Ocean Indyjski;Ocean Atlantycki;Ocean Południowy
Matura Geografia;Hydrosfera;trudne;Jak nazywa się stroma krawędź łącząca szelf kontynentalny z dnem basenu oceanicznego?;Stok kontynentalny;Rów oceaniczny;Grzbiet śródoceaniczny;Równina abisalna
Matura Geografia;Hydrosfera;trudne;Który prąd morski płynie wzdłuż zachodnich wybrzeży Ameryki Południowej i przyczynia się do powstawania pustyni Atakama?;Prąd Peruwiański (Humboldta);Prąd Brazylijski;Prąd Labradorski;Prąd Benguelski
Matura Geografia;Hydrosfera;łatwe;Który ocean jest najmniejszy i najpłytszy?;Ocean Arktyczny;Atlantycki;Spokojny;Indyjski
Matura Geografia;Geografia Polityczna i Konflikty;bardzo trudne;Co to jest granica lądowa?;Linia oddzielająca terytoria lądowe sąsiednich państw;Linia brzegowa;Środek rzeki;Szczyt góry
Matura Geografia;Geografia Polityczna i Konflikty;bardzo trudne;Czym jest eksklawa?;Część terytorium państwa oddzielona od głównego obszaru przez inne państwo;Państwo wewnątrz innego państwa;Terytorium sporne;Wyspa bezludna
Matura Geografia;Geografia Polityczna i Konflikty;bardzo trudne;Czym jest enklawa?;Terytorium otoczone ze wszystkich stron przez terytorium innego państwa;Państwo mające dostęp do morza;Terytorium zależne;Część państwa oddzielona od głównego obszaru
Matura Geografia;Geografia Polityczna i Konflikty;bardzo trudne;Ile państw należy obecnie do ONZ (w przybliżeniu)?;193;120;50;250
Matura Geografia;Geografia Polityczna i Konflikty;bardzo trudne;Jak nazywa się organizacja militarna państw zachodnich?;NATO;UE;OPEC;OECD
Matura Geografia;Geografia Polityczna i Konflikty;bardzo trudne;Jak nazywa się organizacja zrzeszająca kraje eksportujące ropę naftową?;OPEC;NATO;OECD;WNP
Matura Geografia;Geografia Polityczna i Konflikty;bardzo trudne;Jak nazywa się proces odzyskiwania niepodległości przez dawne kolonie?;Dekolonizacja;Apartheid;Integracja;Sukcesja
Matura Geografia;Geografia Polityczna i Konflikty;bardzo trudne;Jak nazywa się spór o terytorium między państwami?;Konflikt terytorialny;Wojna handlowa;Pokój;Embargo
Matura Geografia;Geografia Polityczna i Konflikty;trudne;Czym jest enklawa?;Terytorium jednego państwa otoczone całkowicie przez terytorium innego państwa;Państwo wyspiarskie;Część oceanu;Stolica kraju
Matura Geografia;Geografia Polityczna i Konflikty;trudne;Czym jest terytorium zależne?;Obszarem o ograniczonej suwerenności, podległym innemu państwu;Państwem niepodległym;Częścią oceanu;Ambasadą
Matura Geografia;Geografia Polityczna i Konflikty;trudne;Ile państw obecnie (2024) należy do Unii Europejskiej?;27;28;25;12
Matura Geografia;Geografia Polityczna i Konflikty;trudne;Jak nazywa się państwo, które posiada pełną niezależność w sprawach wewnętrznych i zewnętrznych?;Państwo suwerenne;Kolonia;Terytorium zależne;Dominium
Matura Geografia;Geografia Polityczna i Konflikty;trudne;Jak nazywa się proces odzyskiwania niepodległości przez dawne kolonie?;Dekolonizacja;Apartheid;Integracja;Sukcesja
Matura Geografia;Geografia Polityczna i Konflikty;trudne;Jak nazywa się proces łączenia się państw w większe struktury gospodarcze?;Integracja;Dezintegracja;Dekolonizacja;Sukcesja
Matura Geografia;Geografia Polityczna i Konflikty;trudne;Które państwo powstało jako najmłodsze na świecie (w 2011 roku)?;Sudan Południowy;Kosowo;Timor Wschodni;Czarnogóra
Matura Geografia;Geografia Polityczna i Konflikty;trudne;Który kraj nie jest członkiem Unii Europejskiej, mimo że leży w Europie Środkowej?;Szwajcaria;Czechy;Słowacja;Austria
Matura Geografia;Geografia Polityczna i Konflikty;łatwe;Która organizacja międzynarodowa ma na celu zapewnienie pokoju i bezpieczeństwa na świecie?;ONZ;NATO;UE;OECD
Matura Geografia;Geografia Polityczna i Konflikty;łatwe;Która organizacja zrzesza większość krajów europejskich w celu współpracy gospodarczej?;Unia Europejska;ONZ;NATO;OPEC
Matura Geografia;Geografia Polityczna i Konflikty;łatwe;Która organizacja zrzesza większość państw świata i zajmuje się pokojem?;ONZ;NATO;UE;FIFA
Matura Geografia;Geografia Polityczna i Konflikty;łatwe;Które miasto jest stolicą Unii Europejskiej (miejsce głównych instytucji)?;Bruksela;Paryż;Berlin;Warszawa
Matura Geografia;Przemysł i Energetyka;bardzo trudne;Jak nazywa się proces zastępowania pracy ludzi przez maszyny i systemy komputerowe w przemyśle?;Automatyzacja;Urbanizacja;Industrializacja;Globalizacja
Matura Geografia;Przemysł i Energetyka;bardzo trudne;Które miasto we Francji jest głównym ośrodkiem europejskiego przemysłu lotniczego i kosmicznego (siedziba Airbusa)?;Tuluza;Paryż;Marsylia;Lyon
Matura Geografia;Przemysł i Energetyka;trudne;Jak nazywa się polski ośrodek innowacji, np. we Wrocławiu lub Krakowie, skupiający firmy IT?;Park technologiczny;Okręg przemysłowy;Konurbacja;Specjalna Strefa Ekonomiczna
Matura Geografia;Przemysł i Energetyka;trudne;W którym stanie USA znajduje się najsłynniejsza Dolina Krzemowa?;Kalifornia;Teksas;Floryda;Nowy Jork
Matura Geografia;Przemysł i Energetyka;łatwe;Co jest głównym czynnikiem lokalizacji przemysłu wysokiej technologii?;Dostęp do wykwalifikowanej kadry i zaplecza naukowego;Bliskość złóż węgla;Dostęp do wody;Duża powierzchnia terenu
Matura Geografia;Rolnictwo i Wyżywienie;bardzo trudne;Czym charakteryzuje się model duński w rolnictwie?;Wysokim stopniem mechanizacji i dominacją hodowli trzody chlewnej;Pracą ręczną na małych polach;Uprawą tylko roślin egzotycznych;Brakiem nawożenia
Matura Geografia;Rolnictwo i Wyżywienie;bardzo trudne;Który kraj jest największym producentem zbóż w Unii Europejskiej?;Francja;Niemcy;Polska;Włochy
Matura Geografia;Rolnictwo i Wyżywienie;trudne;Jak nazywa się Wspólna Polityka Rolna Unii Europejskiej, mająca na celu wspieranie rolników?;WPR (CAP);Erasmus;Schengen;Natura 2000
Matura Geografia;Rolnictwo i Wyżywienie;trudne;Który region Europy słynie z uprawy oliwek, cytrusów i winorośli?;Basen Morza Śródziemnego;Skandynawia;Nizina Środkowoeuropejska;Brytania
Matura Geografia;Rolnictwo i Wyżywienie;łatwe;Który kraj europejski słynie z ogromnej produkcji tulipanów oraz zaawansowanych szklarni?;Holandia;Grecja;Włochy;Norwegia
Matura Geografia;Rolnictwo i Wyżywienie;bardzo trudne;Co oznacza termin "rozłóg ziemi" w polskim rolnictwie?;Rozmieszczenie działek należących do jednego gospodarstwa;Całkowita powierzchnia zasiewów;Liczba traktorów na hektar;Wielkość plonów z metra kwadratowego
Matura Geografia;Rolnictwo i Wyżywienie;bardzo trudne;Który kierunek produkcji zwierzęcej dominuje na Podlasiu?;Chów bydła mlecznego;Hodowla owiec;Produkcja drobiu;Chów trzody chlewnej
Matura Geografia;Rolnictwo i Wyżywienie;trudne;Który region Polski ma najlepsze warunki naturalne do rozwoju rolnictwa?;Nizina Śląska;Pojezierze Mazurskie;Podlasie;Tatry
Matura Geografia;Rolnictwo i Wyżywienie;trudne;W którym województwie dominuje sadownictwo (szczególnie uprawa jabłek)?;Mazowieckie (okolice Grójca);Zachodniopomorskie;Śląskie;Podkarpackie
Matura Geografia;Rolnictwo i Wyżywienie;łatwe;Która roślina jest głównym surowcem do produkcji cukru w Polsce?;Burak cukrowy;Trzcina cukrowa;Kukurydza;Rzepak
Matura Geografia;Gospodarka Światowa;bardzo trudne;Czym jest bezrobocie ukryte?;Sytuacją w rolnictwie, gdzie pracuje więcej osób niż jest to faktycznie potrzebne;Brakiem ofert pracy w internecie;Wyjazdem za granicę;Pracą na pół etatu
Matura Geografia;Gospodarka Światowa;bardzo trudne;Jak nazywa się największy okręg przemysłowy w Polsce?;Górnośląski Okręg Przemysłowy;Łódzki Okręg Przemysłowy;Warszawski Okręg Przemysłowy;Gdański Okręg Przemysłowy
Matura Geografia;Gospodarka Światowa;bardzo trudne;Jak nazywa się proces starzenia się polskiego społeczeństwa?;Wzrost udziału osób w wieku poprodukcyjnym;Wzrost liczby urodzeń;Napływ imigrantów;Wzrost liczby studentów
Matura Geografia;Gospodarka Światowa;bardzo trudne;Jak nazywa się proces łączenia gruntów rolnych w celu zwiększenia wydajności gospodarstw?;Scalanie gruntów;Parcelacja;Kolektywizacja;Melioracja
Matura Geografia;Gospodarka Światowa;bardzo trudne;Która uprawa zajmuje w Polsce największą powierzchnię zasiewów?;Zboża;Ziemniaki;Buraki cukrowe;Rzepak
Matura Geografia;Gospodarka Światowa;bardzo trudne;Które województwo ma najwyższy współczynnik urbanizacji?;Śląskie;Mazowieckie;Wielkopolskie;Małopolskie
Matura Geografia;Gospodarka Światowa;bardzo trudne;W którym mieście znajduje się największa w Polsce i jedna z największych w Europie kopalnia odkrywkowa węgla brunatnego?;Bełchatów;Konin;Turek;Bogatynia
Matura Geografia;Gospodarka Światowa;bardzo trudne;W którym polskim mieście znajduje się największa elektrownia opalana węglem brunatnym?;Bełchatów;Kozienice;Połaniec;Rybnik
Matura Geografia;Gospodarka Światowa;trudne;Które województwo słynie z uprawy buraków cukrowych i pszenicy ze względu na żyzne gleby?;Lubelskie;Podlaskie;Małopolskie;Lubuskie
Matura Geografia;Gospodarka Światowa;trudne;Który okręg przemysłowy w Polsce jest największy pod względem zatrudnienia i produkcji?;Górnośląski Okręg Przemysłowy;Warszawski;Łódzki;Gdański
Matura Geografia;Gospodarka Światowa;trudne;Który port morski w Polsce przeładowuje najwięcej kontenerów?;Gdańsk;Szczecin;Świnoujście;Kołobrzeg
Matura Geografia;Gospodarka Światowa;trudne;Który port morski w Polsce przeładowuje najwięcej towarów (szczególnie kontenery)?;Gdańsk;Gdynia;Szczecin;Świnoujście
Matura Geografia;Gospodarka Światowa;trudne;Który sektor gospodarki w Polsce zatrudnia najwięcej osób?;Usługi;Rolnictwo;Przemysł;Budownictwo
Matura Geografia;Gospodarka Światowa;trudne;Który sektor gospodarki zatrudnia w Polsce najwięcej osób?;Usługi;Rolnictwo;Przemysł;Budownictwo
Matura Geografia;Gospodarka Światowa;trudne;W którym mieście znajduje się jedyna w Polsce rafineria przerabiająca ropę (stan na 2024)?;Gdańsk (i Płock);Warszawa;Kraków;Wrocław
Matura Geografia;Gospodarka Światowa;trudne;W którym mieście znajduje się największy w Polsce port kontenerowy?;Gdańsk;Gdynia;Szczecin;Świnoujście
Matura Geografia;Gospodarka Światowa;łatwe;Które miasto jest stolicą Polski?;Warszawa;Kraków;Łódź;Wrocław
Matura Geografia;Gospodarka Światowa;łatwe;Które województwo jest największe pod względem powierzchni?;Mazowieckie;Śląskie;Wielkopolskie;Małopolskie
Matura Geografia;Gospodarka Światowa;łatwe;Które województwo w Polsce ma największą liczbę ludności?;Mazowieckie;Śląskie;Wielkopolskie;Małopolskie
Matura Geografia;Gospodarka Światowa;łatwe;Który region Polski jest najbardziej uprzemysłowiony?;Górny Śląsk;Mazury;Podlasie;Bieszczady
Matura Geografia;Usługi i Transport;bardzo trudne;Czym jest transport przesyłowy?;Transportem rurociągami lub liniami energetycznymi;Wysyłaniem paczek kurierem;Transportem lotniczym towarów;Przewozem kontenerów
Matura Geografia;Usługi i Transport;bardzo trudne;Które lotnisko w Europie jest największym węzłem przesiadkowym (hubem)?;Londyn Heathrow;Warszawa Okęcie;Berlin Brandenburg;Praga
Matura Geografia;Usługi i Transport;trudne;Jak nazywa się transport wykorzystujący co najmniej dwa środki transportu (np. pociąg i ciężarówkę) przy użyciu jednej jednostki ładunkowej?;Transport intermodalny;Transport kombinowany;Transport pasażerski;Logistyka
Matura Geografia;Usługi i Transport;trudne;Który kraj posiada najgęstszą sieć linii kolejowych w Europie?;Niemcy;Francja;Polska;Hiszpania
Matura Geografia;Usługi i Transport;łatwe;Który rodzaj transportu jest najbardziej efektywny przy przewozie dużych mas towarów na ogromne odległości (międzykontynentalne)?;Transport morski;Transport lotniczy;Transport samochodowy;Transport przesyłowy
Matura Geografia;Litosfera i Procesy Rzeźbotwórcze;bardzo trudne;Podczas której orogenezy powstały najstarsze góry w Polsce, takie jak fragmenty Gór Świętokrzyskich i Sudetów?;Orogeneza kaledońska;Orogeneza hercyńska;Orogeneza alpejska;Orogeneza laramijska
Matura Geografia;Litosfera i Procesy Rzeźbotwórcze;bardzo trudne;W którym okresie geologicznym powstały największe złoża węgla kamiennego w Polsce?;Karbon;Perm;Jura;Kreda
Matura Geografia;Litosfera i Procesy Rzeźbotwórcze;trudne;Jak nazywa się metoda datowania skał oparta na analizie skamieniałości przewodnich?;Metoda paleontologiczna;Metoda izotopowa;Metoda dendrochronologiczna;Metoda sedymentologiczna
Matura Geografia;Litosfera i Procesy Rzeźbotwórcze;trudne;W której erze dominowały dinozaury, a nastąpił rozpad superkontynentu Pangea?;Mezozoik;Paleozoik;Kenozoik;Archaik
Matura Geografia;Litosfera i Procesy Rzeźbotwórcze;łatwe;Jak nazywa się najstarszy eon w dziejach Ziemi, poprzedzający fanerozoik?;Prekambr;Paleozoik;Mezozoik;Kenozoik
Matura Geografia;Gleby i Biosfera;bardzo trudne;Jak nazywają się gleby powstające na obszarach bagiennych i podmokłych?;Gleby hydrogeniczne (torfowe);Bielice;Gleby górskie;Gleby cynamonowe
Matura Geografia;Gleby i Biosfera;bardzo trudne;W którym regionie Polski występują czarnoziemy wytworzone na lessach?;Wyżyna Lubelska i Małopolska;Nizina Mazowiecka;Pojezierze Pomorskie;Polesie
Matura Geografia;Gleby i Biosfera;trudne;Gdzie w Polsce występują mady – żyzne gleby powstałe z osadów rzecznych?;W dolinach dużych rzek (np. Żuławy Wiślane);W Tatrach;Na Pojezierzu Mazurskim;W Górach Świętokrzyskich
Matura Geografia;Gleby i Biosfera;trudne;Na jakim podłożu skalnym powstają rędziny?;Wapiennym i gipsowym;Piaszczystym;Granitowym;Lessowym
Matura Geografia;Gleby i Biosfera;łatwe;Który typ gleby zajmuje największą powierzchnię w Polsce (ponad 50%)?;Gleby płowe i brunatne;Czarnoziemy;Rędziny;Mady
Matura Geografia;Gleby i Biosfera;bardzo trudne;Czym jest gleba cynamonowa?;Gleba strefowa klimatu podzwrotnikowego śródziemnomorskiego;Gleba zanieczyszczona metalami;Gleba górska;Gleba pustynna
Matura Geografia;Gleby i Biosfera;bardzo trudne;Czym jest gleba słona (solonczak)?;Gleba o dużej zawartości soli wskutek silnego parowania w klimacie suchym;Gleba w pobliżu oceanu;Gleba po nawożeniu;Gleba podmokła
Matura Geografia;Gleby i Biosfera;bardzo trudne;Czym są gleby strefowe?;Gleby, których powstanie zależy głównie od klimatu i roślinności;Gleby występujące tylko w górach;Gleby powstałe na piaskach;Gleby zniszczone przez człowieka
Matura Geografia;Gleby i Biosfera;bardzo trudne;Jak nazywa się proces degradacji gleby polegający na wymywaniu składników pokarmowych w głąb profilu glebowego w klimacie wilgotnym?;Ługowanie;Salinizacja;Erozja gleby;Lateryzacja
Matura Geografia;Gleby i Biosfera;bardzo trudne;Jak nazywa się proces degradacji gleby polegający na wymywaniu wapnia i magnezu przez nadmiar opadów?;Ługowanie;Erozja;Salinizacja;Próchnicowanie
Matura Geografia;Gleby i Biosfera;bardzo trudne;Jak nazywa się proces odtleniania związków żelaza w warunkach nadmiernej wilgotności, nadający glebie niebieskawą barwę?;Glejenie;Bielicowanie;Brunatnienie;Lateryzacja
Matura Geografia;Gleby i Biosfera;bardzo trudne;Jak nazywa się proces zasolenia gleb wskutek niewłaściwego nawadniania w klimacie suchym?;Salinizacja;Lateryzacja;Bielicowanie;Glejenie
Matura Geografia;Gleby i Biosfera;bardzo trudne;W której strefie roślinnej występują wielopiętrowe lasy, gdzie nie ma wyraźnej sezonowości, a drzewa nie zrzucają liści?;Wilgotny las równikowy;Las monsunowy;Makia;Tajga
Matura Geografia;Gleby i Biosfera;trudne;Jak nazywa się formacja roślinna występująca w klimacie podrównikowym, z przewagą wysokich traw i pojedynczych drzew (np. akacji)?;Sawnna;Step;Pampa;Tajga
Matura Geografia;Gleby i Biosfera;trudne;Jak nazywa się najbardziej żyzna gleba na świecie, bogata w próchnicę, powstająca na lessach?;Czarnoziem;Mada;Rędzina;Bielica
Matura Geografia;Gleby i Biosfera;trudne;Jak nazywa się proces niszczenia struktury gleby pod wpływem działalności wiatru lub wody?;Erozja gleby;Ługowanie;Próchnicowanie;Glejenie
Matura Geografia;Gleby i Biosfera;trudne;Jak nazywa się typowa gleba lasów iglastych, charakteryzująca się jasnym poziomem wymywania?;Bielica;Czarnoziem;Mada;Rędzina
Matura Geografia;Gleby i Biosfera;trudne;Który proces prowadzi do powstania gleb na skałach wapiennych?;Krasowienie (gleby to rędziny);Bielicowanie;Glejenie;Brunatnienie
Matura Geografia;Gleby i Biosfera;trudne;Który typ gleby jest najbardziej żyzny i powstaje na podłożu lessowym w klimacie umiarkowanym?;Czarnoziemy;Bielice;Gleby brunatne;Rędziny
Matura Geografia;Gleby i Biosfera;trudne;Który typ gleby powstaje pod lasami liściastymi i mieszanymi w klimacie umiarkowanym morskim?;Gleby brunatne;Bielice;Czarnoziemy;Tundrowe
Matura Geografia;Gleby i Biosfera;trudne;W której strefie klimatycznej procesy powstawania gleb są najszybsze ze względu na ciepło i wilgoć?;Równikowa;Podbiegunowa;Zwrotnikowa sucha;Umiarkowana chłodna
Matura Geografia;Gleby i Biosfera;łatwe;Jak nazywa się najbardziej żyzna warstwa gleby, powstająca z rozkładu szczątków organicznych?;Próchnica (humus);Poziom wymywania;Skała macierzysta;Poziom wmywania
Matura Geografia;Gleby i Biosfera;łatwe;Jak nazywa się najbardziej żyzna, ciemna warstwa gleby powstała z rozkładu materii organicznej?;Próchnica (humus);Skała macierzysta;Warstwa wymywania;Warstwa wmywania
Matura Geografia;Gleby i Biosfera;łatwe;Jak nazywa się pionowy przekrój przez glebę, ukazujący jej warstwy?;Profil glebowy;Horyzont;Pedosfera;Struktura gleby
Matura Geografia;Gleby i Biosfera;łatwe;Która formacja roślinna występuje w klimacie umiarkowanym chłodnym i składa się głównie z drzew iglastych?;Tajga;Tundra;Step;Sawnna
Matura Geografia;Ochrona Środowiska;bardzo trudne;Czym jest protokół z Kioto?;Międzynarodowym porozumieniem w sprawie redukcji emisji gazów cieplarnianych;Traktatem o zakazie połowów wielorybów;Umową o ochronie gatunków zagrożonych;Paktem o nieagresji
Matura Geografia;Ochrona Środowiska;bardzo trudne;Jak nazywa się zjawisko gromadzenia się plastikowych odpadów na środku Oceanu Spokojnego?;Wielka Pacyficzna Plama Śmieci;Eutrofizacja;Upwelling;Wielka Rafa Śmieci
Matura Geografia;Ochrona Środowiska;trudne;Jak nazywa się proces zanikania lasów tropikalnych pod uprawy palmy olejowej lub pastwiska?;Wylesianie (deforestacja);Rekultywacja;Stepowienie;Pustynnienie
Matura Geografia;Ochrona Środowiska;trudne;Który gaz jest głównym czynnikiem powodującym powstawanie kwaśnych deszczy?;Dwutlenek siarki;Tlen;Argon;Hel
Matura Geografia;Ochrona Środowiska;łatwe;Jak nazywa się warstwa w atmosferze, która chroni Ziemię przed szkodliwym promieniowaniem UV?;Warstwa ozonowa;Jonosfera;Mezosfera;Egzosfera
Matura Geografia;Hydrosfera;bardzo trudne;Czym jest szelf kontynentalny?;Płytka, zalana część kontynentu sięgająca zazwyczaj do 200 m głębokości;Najgłębsze miejsce w oceanie;Stromy stok prowadzący do basenu oceanicznego;Podmorski łańcuch górski
Matura Geografia;Hydrosfera;bardzo trudne;W którym akwenie wydobywa się najwięcej ropy naftowej i gazu ziemnego w Europie?;Morze Północne;Morze Bałtyckie;Morze Śródziemne;Morze Norweskie
Matura Geografia;Hydrosfera;trudne;Co to jest akwakultura?;Hodowla organizmów wodnych (ryb, skorupiaków, roślin) w kontrolowanych warunkach;Wydobywanie ropy z dna morza;Odsalanie wody morskiej;Budowa sztucznych wysp
Matura Geografia;Hydrosfera;trudne;Który kraj posiada jedną z największych flot handlowych świata (pod tzw. tanią banderą)?;Panama;Polska;Niemcy;Norwegia
Matura Geografia;Hydrosfera;łatwe;Które polskie miasto portowe posiada najnowocześniejszy terminal kontenerowy (DCT)?;Gdańsk;Gdynia;Szczecin;Świnoujście
Matura Geografia;Przemysł i Energetyka;bardzo trudne;Czym charakteryzują się metale ziem rzadkich, kluczowe dla nowoczesnych technologii?;Występują w rozproszeniu i ich wydobycie jest trudne;Są powszechne jak żelazo;Wydobywa się je tylko w Europie;Są odnawialne
Matura Geografia;Przemysł i Energetyka;bardzo trudne;Który kraj dominuje w światowym wydobyciu i przetwarzaniu metali ziem rzadkich (ponad 80% rynku)?;Chiny;USA;Rosja;Indie
Matura Geografia;Przemysł i Energetyka;trudne;W którym polskim regionie znajdują się największe złoża rud miedzi i srebra?;Zagłębie Legnicko-Głogowskie;Górnośląski Okręg Przemysłowy;Zagłębie Lubelskie;Góry Świętokrzyskie
Matura Geografia;Przemysł i Energetyka;trudne;Z jakiej rudy pozyskuje się aluminium?;Boksytu;Magnetytu;Hematytu;Blendy cynkowej
Matura Geografia;Przemysł i Energetyka;łatwe;Który kraj jest największym światowym producentem rud miedzi?;Chile;Polska;Australia;Chiny
Matura Geografia;Gospodarka Światowa;bardzo trudne;Co oznacza skrót PNB (Produkt Narodowy Brutto)?;PKB powiększony o dochody obywateli uzyskane za granicą;Suma wydatków rządu;Wartość towarów w magazynach;Dochód z turystyki
Matura Geografia;Gospodarka Światowa;bardzo trudne;Który kraj azjatycki jest największym eksporterem towarów wysoko przetworzonych na świecie?;Chiny;Indie;Wietnam;Tajlandia
Matura Geografia;Gospodarka Światowa;trudne;Czym różni się PKB nominalne od PKB według parytetu siły nabywczej (PPP)?;PPP uwzględnia różnice w cenach i kosztach życia w różnych krajach;To dwa identyczne wskaźniki;Nominalne dotyczy tylko rolnictwa;PPP mierzy tylko eksport
Matura Geografia;Gospodarka Światowa;trudne;Jak nazywa się grupa najszybciej rozwijających się gospodarek świata: Brazylia, Rosja, Indie, Chiny, RPA?;BRICS;G7;OECD;OPEC
Matura Geografia;Gospodarka Światowa;łatwe;Który kraj posiada obecnie największą gospodarkę świata pod względem nominalnego PKB?;USA;Chiny;Japonia;Niemcy
Matura Geografia;Hydrosfera;bardzo trudne;Co to jest bifurkacja rzeczna (występująca np. w kanale w Wągrowcu)?;Rozdzielenie się rzeki na dwa ramiona płynące do różnych dorzeczy;Wpadanie rzeki do jeziora;Budowa tamy;Wysychanie koryta rzeki
Matura Geografia;Hydrosfera;bardzo trudne;Która rzeka jest najdłuższym lewym dopływem Wisły?;Pilica;Narew;San;Wieprz
Matura Geografia;Hydrosfera;trudne;Jaki typ zasilania rzek dominuje w Polsce?;Śnieżno-deszczowy;Wyłącznie lodowcowy;Podziemny;Deszczowy równikowy
Matura Geografia;Hydrosfera;trudne;Kiedy w Polsce występuje zazwyczaj najwyższy stan wód w rzekach (przypływ wiosenny)?;Podczas roztopów wiosennych (marzec-kwiecień);W środku lata (sierpień);W grudniu;W listopadzie
Matura Geografia;Hydrosfera;łatwe;Do dorzecza której rzeki należy największa część powierzchni Polski?;Wisły;Odry;Niemna;Dunaju
Matura Geografia;Hydrosfera;bardzo trudne;Jak nazywa się granica nasycenia skał wodą podziemną?;Zwierciadło wód podziemnych;Warstwa nieprzepuszczalna;Wysięk;Gejzer
Matura Geografia;Hydrosfera;bardzo trudne;Jak nazywa się najdłuższy system prądów morskich okrążający cały glob bez przeszkód lądowych?;Dryf Wiatrów Zachodnich;Prąd Zatokowy;Kuro-siwo;Prąd Benguelski
Matura Geografia;Hydrosfera;bardzo trudne;Jak nazywa się pionowy ruch wód oceanicznych, polegający na wynoszeniu zimnych, żyznych wód głębinowych na powierzchnię?;Upwelling;Downwelling;El Niño;La Niña
Matura Geografia;Hydrosfera;bardzo trudne;Jak nazywa się proces parowania wody z powierzchni roślin i gleby?;Ewapotranspiracja;Infiltracja;Sublimacja;Resublimacja
Matura Geografia;Hydrosfera;bardzo trudne;Jak nazywa się proces przenikania wody opadowej w głąb gleby i skał?;Infiltracja;Retencja;Transpiracja;Ewaporacja
Matura Geografia;Hydrosfera;bardzo trudne;Jak nazywa się prąd morski, który chłodzi wybrzeża Namibii i sprzyja powstawaniu pustyni Namib?;Prąd Benguelski;Prąd Kanaryjski;Prąd Agulhas;Prąd Brazylijski
Matura Geografia;Hydrosfera;bardzo trudne;Jak nazywa się zjawisko okresowego osłabienia pasatów i wzrostu temperatury wód u wybrzeży Peru?;El Niño;La Niña;Upwelling;Monsun letni
Matura Geografia;Hydrosfera;bardzo trudne;Które jezioro uznawane jest za reliktowe, będące pozostałością dawnego oceanu Tetydy?;Morze Kaspijskie;Bajkał;Tanganika;Jezioro Górne
Matura Geografia;Hydrosfera;trudne;Co jest główną przyczyną powstawania pływów morskich (przypływów i odpływów)?;Siła przyciągania Księżyca i Słońca;Ruch obrotowy Ziemi;Wiatry stałe;Różnica zasolenia
Matura Geografia;Hydrosfera;trudne;Czym charakteryzuje się rzeka epizodyczna?;Płynie tylko sporadycznie, po bardzo ulewnych deszczach;Płynie tylko zimą;Płynie przez cały rok;Płynie tylko w górach
Matura Geografia;Hydrosfera;trudne;Czym jest bilans wodny?;Zestawienie przychodów i rozchodów wody dla danego obszaru;Głębokość oceanu;Suma opadów w ciągu roku;Prędkość płynięcia rzeki
Matura Geografia;Hydrosfera;trudne;Czym jest ustrój (reżim) rzeki?;Rytmiczne zmiany stanów wody i przepływów w ciągu roku;Kierunek płynięcia rzeki;Prędkość nurtu;Głębokość koryta
Matura Geografia;Hydrosfera;trudne;Jak nazywa się linia oddzielająca dorzecza dwóch sąsiednich rzek?;Dział wodny;Linia brzegowa;Koryto;Talweg
Matura Geografia;Hydrosfera;trudne;Jak nazywa się największy prąd ciepły na Oceanie Atlantyckim, wpływający na klimat Europy?;Golsztrom (Prąd Zatokowy);Prąd Kanaryjski;Prąd Labradorski;Prąd Brazylijski
Matura Geografia;Hydrosfera;trudne;Jak nazywa się obszar, z którego wody spływają do jednego systemu rzecznego?;Dorzecze;Zlewisko;Zlewnia;Dział wodny
Matura Geografia;Hydrosfera;trudne;Jak nazywają się prądy morskie, które płyną od niższych ku wyższym szerokościom geograficznym i niosą wodę cieplejszą od otoczenia?;Prądy ciepłe;Prądy zimowe;Prądy głębinowe;Prądy wstępujące
Matura Geografia;Hydrosfera;łatwe;Jak nazywa się najdłuższa rzeka świata (według większości źródeł)?;Nil;Amazonka;Jangcy;Missisipi
Matura Geografia;Hydrosfera;łatwe;Jak nazywa się największy zbiornik wody słodkiej na Ziemi (wliczając lód)?;Lodowce i lądolody;Rzeki;Jeziora;Wody podziemne
Matura Geografia;Hydrosfera;łatwe;Jak nazywa się proces krążenia wody między atmosferą, biosferą a hydrosferą?;Cykl hydrologiczny;Ewapotranspiracja;Infiltracja;Retencja
Matura Geografia;Hydrosfera;łatwe;Jak nazywa się proces przesiąkania wody opadowej w głąb skorupy ziemskiej?;Infiltracja;Transpiracja;Ewaporacja;Kondensacja
Matura Geografia;Astronomia i Kartografia;bardzo trudne;Czym jest generalizacja mapy?;Procesem wyboru i upraszczania treści mapy przy zmniejszaniu skali;Powiększaniem mapy;Kolorowaniem mapy;Dodawaniem nazw rzek
Matura Geografia;Astronomia i Kartografia;bardzo trudne;Do czego służy system GIS?;Do gromadzenia, analizy i wizualizacji danych geograficznych;Do wyznaczania czasu słonecznego;Do pomiaru głębokości oceanów;Do prognozowania trzęsień ziemi
Matura Geografia;Astronomia i Kartografia;bardzo trudne;Jak nazywa się kierunek mierzony zgodnie z ruchem wskazówek zegara od północy?;Azymut;Inklinacja;Deklinacja;Szerokość
Matura Geografia;Astronomia i Kartografia;bardzo trudne;Jak nazywa się metoda przedstawiania zjawisk za pomocą kolorów w granicach jednostek administracyjnych?;Metoda kartogramu;Metoda sygnaturowa;Metoda kropkowa;Metoda izolinii
Matura Geografia;Astronomia i Kartografia;bardzo trudne;Jak nazywa się metoda przedstawiania zjawisk za pomocą linii łączących punkty o tej samej wartości?;Metoda izolinii (izarytmiczna);Metoda sygnaturowa;Metoda kropkowa;Metoda kartogramu
Matura Geografia;Astronomia i Kartografia;bardzo trudne;Jak nazywa się odwzorowanie zachowujące proporcje pól powierzchni?;Odwzorowanie wiernopowierzchniowe;Odwzorowanie wiernokątne;Odwzorowanie wiernoodległościowe;Odwzorowanie azymutalne
Matura Geografia;Astronomia i Kartografia;bardzo trudne;Jak nazywa się odwzorowanie, w którym płaszczyzna styka się z kulą ziemską w jednym punkcie?;Azymutalne;Walcowe;Stożkowe;Umowne
Matura Geografia;Astronomia i Kartografia;bardzo trudne;Jak nazywa się zniekształcenie mapy wynikające z rzutowania bryły Ziemi na płaszczyznę?;Deformacja kartograficzna;Skala;Generalizacja;Legenda
Matura Geografia;Astronomia i Kartografia;trudne;Co oznacza skala 1:100 000?;1 cm na mapie to 1 km w terenie;1 cm na mapie to 100 m w terenie;1 cm na mapie to 10 km w terenie;1 cm na mapie to 100 km w terenie
Matura Geografia;Astronomia i Kartografia;trudne;Czym jest generalizacja mapy?;Uproszczenie treści mapy przy zmniejszaniu skali;Powiększenie szczegółów terenu;Dodanie kolorów;Poprawa dokładności pomiarów
Matura Geografia;Astronomia i Kartografia;trudne;Czym jest generalizacja mapy?;Uproszczeniem treści mapy przy zmniejszaniu skali;Powiększeniem mapy;Kolorowaniem mapy;Wycinaniem fragmentów mapy
Matura Geografia;Astronomia i Kartografia;trudne;Jak nazywa się metoda przedstawiania zjawisk na mapie za pomocą barwnych płaszczyzn przypisanych do jednostek administracyjnych?;Metoda kartogramu;Metoda kartodiagramu;Metoda izolinii;Metoda sygnaturowa
Matura Geografia;Astronomia i Kartografia;trudne;Jak nazywa się metoda przedstawiania zjawisk za pomocą wykresów naniesionych na mapę?;Metoda kartodiagramu;Metoda kartogramu;Metoda kropkowa;Metoda sygnaturowa
Matura Geografia;Astronomia i Kartografia;trudne;Jak nazywa się odwzorowanie kartograficzne, w którym nie ma zniekształceń powierzchni?;Wiernopowierzchniowe;Wiernoodległościowe;Wiernokątne;Azymutalne
Matura Geografia;Astronomia i Kartografia;trudne;Jak nazywają się linie na mapie łączące punkty o tej samej wysokości n.p.m.?;Poziomice (izohipsy);Izobary;Izotermy;Izohiety
Matura Geografia;Astronomia i Kartografia;trudne;Jaką skalę ma mapa, jeśli 1 cm odpowiada 5 km w terenie?;1:500 000;1:5 000;1:50 000;1:5 000 000
Matura Geografia;Astronomia i Kartografia;łatwe;Jak nazywa się legenda mapy?;Zbiór objaśnień wszystkich znaków użytych na mapie;Tytuł mapy;Skala mapy;Autor mapy
Matura Geografia;Astronomia i Kartografia;łatwe;Jak nazywa się przyrząd do pomiaru odległości na mapie wzdłuż linii krzywych?;Krzywomierz;Linijka;Kątomierz;Cyrkiel
Matura Geografia;Astronomia i Kartografia;łatwe;Jak nazywa się stosunek odległości na mapie do odległości w terenie?;Skala;Legenda;Osnowa;Generalizacja
Matura Geografia;Astronomia i Kartografia;łatwe;Jak nazywa się stosunek odległości na mapie do odległości w terenie?;Skala;Legenda;Poziomica;Azymut
Matura Geografia;Atmosfera i Klimat;bardzo trudne;Ile wynosi średnia roczna suma opadów w Polsce na nizinach?;Ok. 500-600 mm;Ponad 2000 mm;Mniej niż 200 mm;Ok. 1500 mm
Matura Geografia;Atmosfera i Klimat;bardzo trudne;Jak nazywają się termiczne pory roku w Polsce, których nie ma w kalendarzu (np. gdy temp. wynosi 0-5 stopni)?;Przedwiośnie i przedzimie;Lato i zima;Wiosna i jesień;Poranek i wieczór
Matura Geografia;Atmosfera i Klimat;trudne;Co oznacza "przejściowość" klimatu Polski?;Częste zmiany pogody wywołane ścieraniem się mas powietrza morskiego i kontynentalnego;Brak opadów zimą;Występowanie tylko dwóch pór roku;Stałą temperaturę przez cały rok
Matura Geografia;Atmosfera i Klimat;trudne;Który region Polski charakteryzuje się najniższymi średnimi temperaturami zimą (polski biegun zimna)?;Suwalszczyzna;Nizina Śląska;Wielkopolska;Pomorze
Matura Geografia;Atmosfera i Klimat;łatwe;W jakiej strefie klimatycznej leży Polska?;Umiarkowanej ciepłej przejściowej;Podzwrotnikowej;Okołobiegunowej;Równikowej
Matura Geografia;Atmosfera i Klimat;bardzo trudne;Jak nazywają się wykresy przedstawiające średnie miesięczne temperatury i sumy opadów?;Klimatogramy;Diagramy fazowe;Profile glebowe;Róże wiatrów
Matura Geografia;Atmosfera i Klimat;bardzo trudne;W której strefie klimatycznej występuje zjawisko dnia i nocy polarnej?;Strefa okołobiegunowa;Strefa umiarkowana;Strefa zwrotnikowa;Strefa podzwrotnikowa
Matura Geografia;Atmosfera i Klimat;trudne;Czym charakteryzuje się klimat śródziemnomorski?;Ciepłym, suchym latem i łagodną, wilgotną zimą;Mrozem przez cały rok;Opadami tylko latem;Brakiem pór roku
Matura Geografia;Atmosfera i Klimat;trudne;Jak nazywa się klimat o bardzo dużych dobowych i rocznych amplitudach temperatury oraz niskich opadach?;Klimat kontynentalny suchy;Klimat morski;Klimat monsunowy;Klimat górski
Matura Geografia;Atmosfera i Klimat;łatwe;W której strefie klimatycznej występują cztery wyraźne pory roku?;Strefa umiarkowana;Strefa równikowa;Strefa zwrotnikowa;Strefa podbiegunowa
Matura Geografia;Geografia Polityczna i Konflikty;bardzo trudne;Jak nazywa się obszar w Afryce Subsaharyjskiej, gdzie dochodzi do częstych konfliktów o zasoby wody i ziemię (pas na południe od Sahary)?;Sahel;Maghreb;Róg Afryki;Kotlina Konga
Matura Geografia;Geografia Polityczna i Konflikty;bardzo trudne;Która organizacja zrzesza najbogatsze kraje świata i zajmuje się współpracą gospodarczą?;OECD;OPEC;WNP;UA
Matura Geografia;Geografia Polityczna i Konflikty;trudne;Czym zajmuje się organizacja NATO?;Zapewnieniem bezpieczeństwa militarnego państwom członkowskim;Handlem ropą naftową;Ochroną środowiska;Pomocą humanitarną dzieciom
Matura Geografia;Geografia Polityczna i Konflikty;trudne;O jaki region toczy się wieloletni spór między Indiami a Pakistanem?;Kaszmir;Tybet;Pendżab;Bengal
Matura Geografia;Geografia Polityczna i Konflikty;łatwe;W którym państwie od 2022 roku toczy się pełnoskalowa wojna wywołana agresją Rosji?;Ukraina;Białoruś;Gruzja;Mołdawia
Matura Geografia;Litosfera i Procesy Rzeźbotwórcze;bardzo trudne;Jak nazywa się granica nieciągłości między płaszczem Ziemi a jądrem zewnętrznym?;Gutenberga;Conrada;Moho;Lehmann
Matura Geografia;Litosfera i Procesy Rzeźbotwórcze;bardzo trudne;Jak nazywa się nieciągłość oddzielająca skorupę ziemską od płaszcza Ziemi?;Nieciągłość Mohorovičicia (Moho);Nieciągłość Gutenberga;Nieciągłość Conrada;Nieciągłość Lehmanna
Matura Geografia;Litosfera i Procesy Rzeźbotwórcze;bardzo trudne;Jak nazywa się pionowa intruzja magmowa przecinająca warstwy skalne?;Dajka;Sill;Batolit;Lakolit
Matura Geografia;Litosfera i Procesy Rzeźbotwórcze;bardzo trudne;Jak nazywa się pionowe pęknięcie warstw skalnych, wzdłuż którego nastąpiło przemieszczenie bloków skalnych?;Uskok;Antykliną;Synklina;Monoklina
Matura Geografia;Litosfera i Procesy Rzeźbotwórcze;bardzo trudne;Jak nazywa się proces krystalizacji magmy wewnątrz skorupy ziemskiej, prowadzący do powstawania np. batolitów?;Plutonizm;Wulkanizm;Metamorfizm;Diageneza
Matura Geografia;Litosfera i Procesy Rzeźbotwórcze;bardzo trudne;Jak nazywa się proces niszczenia skał przez czynniki chemiczne, fizyczne i biologiczne?;Wietrzenie;Erozja;Akumulacja;Sedymentacja
Matura Geografia;Litosfera i Procesy Rzeźbotwórcze;bardzo trudne;Jak nazywa się stan równowagi między litosferą a astenosferą, powodujący pionowe ruchy skorupy ziemskiej?;Izostazja;Subdukcja;Spreading;Orogeneza
Matura Geografia;Litosfera i Procesy Rzeźbotwórcze;bardzo trudne;Który minerał otwiera skalę twardości Mohsa (jest najmiększy)?;Talk;Gips;Kalcyt;Kwarc
Matura Geografia;Litosfera i Procesy Rzeźbotwórcze;trudne;Czym jest metamorfizm?;Przeobrażeniem skał pod wpływem wysokiej temperatury i ciśnienia;Wybuchem wulkanu;Rozpuszczaniem wapieni;Osadzaniem piasku
Matura Geografia;Litosfera i Procesy Rzeźbotwórcze;trudne;Jak nazywa się granica nieciągłości oddzielająca skorupę ziemską od płaszcza Ziemi?;Moho (Mohorovičicia);Gutenberga;Conrada;Lehmann
Matura Geografia;Litosfera i Procesy Rzeźbotwórcze;trudne;Jak nazywa się najmłodsza orogeneza, podczas której powstały m.in. Alpy i Himalaje?;Orogeneza alpejska;Orogeneza kaledońska;Orogeneza hercyńska;Orogeneza bajkalska
Matura Geografia;Litosfera i Procesy Rzeźbotwórcze;trudne;Jak nazywa się skała osadowa okruchowa o średnicy ziaren powyżej 2 mm i zaokrąglonym kształcie?;Zlepieniec (konglomerat);Piaskowiec;Mułowiec;Gliny
Matura Geografia;Litosfera i Procesy Rzeźbotwórcze;trudne;Jak nazywa się teoria opisująca ruch płyt litosfery po plastycznej astenosferze?;Tektonika płyt litosfery;Teoria geosynklin;Teoria ewolucji;Teoria wielkiego wybuchu
Matura Geografia;Litosfera i Procesy Rzeźbotwórcze;trudne;Jak nazywa się teoria opisująca ruch sztywnych fragmentów litosfery po plastycznej astenosferze?;Teoria tektoniki płyt;Teoria geosynklin;Teoria izostazji;Teoria ekspansji dna oceanicznego
Matura Geografia;Litosfera i Procesy Rzeźbotwórcze;trudne;Który minerał jest najtwardszy w skali Mohsa?;Diament;Korund;Topaz;Kwarc
Matura Geografia;Litosfera i Procesy Rzeźbotwórcze;trudne;Który rodzaj fal sejsmicznych porusza się najszybciej i dociera do stacji sejsmograficznej jako pierwszy?;Fale podłużne (P);Fale poprzeczne (S);Fale Love'a;Fale Rayleigha
Matura Geografia;Litosfera i Procesy Rzeźbotwórcze;łatwe;Jak nazywa się proces krzepnięcia i krystalizacji lawy na powierzchni Ziemi?;Wulkanizm;Plutonizm;Metamorfizm;Sedymentacja
Matura Geografia;Litosfera i Procesy Rzeźbotwórcze;łatwe;Jak nazywa się proces niszczenia powierzchni ziemi przez wodę, wiatr lub lód?;Erozja;Wietrzenie;Akumulacja;Sedymentacja
Matura Geografia;Litosfera i Procesy Rzeźbotwórcze;łatwe;Jak nazywają się skały powstałe z zastygnięcia magmy wewnątrz skorupy?;Skały magmowe głębinowe (plutoniczne);Skały osadowe;Skały metamorficzne;Skały wylewne
Matura Geografia;Litosfera i Procesy Rzeźbotwórcze;łatwe;Z jakich dwóch głównych pierwiastków składa się jądro wewnętrzne Ziemi?;Żelazo i nikiel;Krzem i glin;Magnez i żelazo;Wapń i potas
Matura Geografia;Astronomia i Kartografia;bardzo trudne;Jak nazywa się uproszczenie rysunku mapy wynikające ze zmniejszenia jej skali?;Generalizacja kartograficzna;Skalowanie;Korekta topograficzna;Redukcja punktowa
Matura Geografia;Astronomia i Kartografia;bardzo trudne;Jak obliczyć spadek terenu w promilach?;Podzielić różnicę wysokości przez odległość w terenie i pomnożyć przez 1000;Pomnożyć różnicę wysokości przez skalę mapy;Podzielić odległość na mapie przez wysokość bezwzględną;Odjąć azymut od kąta nachylenia
Matura Geografia;Astronomia i Kartografia;trudne;Co oznacza na mapie topograficznej zagęszczenie poziomic?;Stromy stok;Łagodny stok;Dolinę rzeczną;Równinę
Matura Geografia;Astronomia i Kartografia;trudne;Jak obliczyć wysokość względną między szczytem góry a jej podnóżem?;Odjąć wysokość podnóża od wysokości szczytu;Dodać obie wysokości;Pomnożyć wysokość szczytu przez skalę;Podzielić wysokość szczytu przez odległość
Matura Geografia;Astronomia i Kartografia;łatwe;Jak nazywa się kąt mierzony od północy magnetycznej do wybranego kierunku, mierzony w prawo?;Azymut magnetyczny;Nachylenie;Wysokość względna;Poziomica
Matura Geografia;Atmosfera i Klimat;bardzo trudne;Jak nazywa się przyrząd do ciągłego zapisu zmian ciśnienia atmosferycznego?;Barograf;Higrograf;Anemometr;Termograf
Matura Geografia;Atmosfera i Klimat;bardzo trudne;Jaka pogoda zazwyczaj towarzyszy środkowi silnego wyżu barycznego zimą?;Mroźna, słoneczna i bezwietrzna;Pochmurna z obfitym śniegiem;Ciepła i deszczowa;Wietrzna i burzowa
Matura Geografia;Atmosfera i Klimat;trudne;Co zapowiada przejście frontu chłodnego?;Gwałtowny spadek temperatury i burze;Długotrwałe ocieplenie;Brak wiatru i mgły;Wzrost ciśnienia i bezchmurne niebo
Matura Geografia;Atmosfera i Klimat;trudne;Jak nazywa się układ wysokiego ciśnienia, w którym powietrze opada i krąży zgodnie z ruchem wskazówek zegara (na półkuli N)?;Wyż baryczny (antycyklon);Niż baryczny (cyklon);Front ciepły;Front chłodny
Matura Geografia;Atmosfera i Klimat;łatwe;Jak nazywa się linia łącząca na mapie punkty o takim samym ciśnieniu atmosferycznym?;Izobara;Izoterma;Izohieta;Izohelion
Matura Geografia;Demografia i Ludność;bardzo trudne;Co to jest reemigracja?;Powrót emigrantów do kraju pochodzenia po pewnym czasie;Wyjazd do innego kraju po raz drugi;Migracja wewnętrzna;Migracja sezonowa za pracą
Matura Geografia;Demografia i Ludność;bardzo trudne;Jak nazywa się przemieszczanie się ludności z miast na wieś w poszukiwaniu lepszych warunków życia (często w krajach bogatych)?;Kontrurbanizacja;Suburbanizacja;Reurbanizacja;Deglomeracja
Matura Geografia;Demografia i Ludność;trudne;Czym jest saldo migracji?;Różnica między imigracją a emigracją;Suma wszystkich wyjazdów;Liczba osób powracających do kraju;Procent obcokrajowców w państwie
Matura Geografia;Demografia i Ludność;trudne;Jak nazywają się czynniki, które zmuszają ludzi do opuszczenia miejsca zamieszkania (np. brak pracy, wojna)?;Czynniki wypychające;Czynniki przyciągające;Czynniki demograficzne;Czynniki naturalne
Matura Geografia;Demografia i Ludność;łatwe;Jak nazywa się osoba opuszczająca swój kraj z powodu prześladowań lub wojny?;Uchodźca;Turysta;Ekspatriant;Reemigrant
Matura Geografia;Ochrona Środowiska;bardzo trudne;Co to jest sieć Natura 2000?;System ochrony siedlisk i gatunków ważnych dla całej Unii Europejskiej;Program sadzenia lasów w miastach;Organizacja zrzeszająca rolników ekologicznych;Polska sieć ścieżek rowerowych
Matura Geografia;Ochrona Środowiska;bardzo trudne;Który park narodowy w Polsce został wpisany na Listę Światowego Dziedzictwa UNESCO jako obiekt przyrodniczy?;Białowieski Park Narodowy;Tatrzański Park Narodowy;Słowiński Park Narodowy;Karkonoski Park Narodowy
Matura Geografia;Ochrona Środowiska;trudne;Czym różni się park narodowy od parku krajobrazowego?;W parku narodowym ochrona jest surowsza i nadrzędna;Park krajobrazowy jest zawsze większy;W parku narodowym można budować fabryki;Park krajobrazowy chroni tylko zwierzęta
Matura Geografia;Ochrona Środowiska;trudne;Ile parków narodowych znajduje się obecnie w Polsce?;23;20;16;25
Matura Geografia;Ochrona Środowiska;łatwe;Która forma ochrony przyrody w Polsce jest najwyższa i najbardziej rygorystyczna?;Park narodowy;Rezerwat przyrody;Park krajobrazowy;Pomnik przyrody
Matura Geografia;Organizacje Międzynarodowe i UE;bardzo trudne;Czym zajmuje się Międzynarodowy Fundusz Walutowy (MFW)?;Stabilizacją systemów finansowych i udzielaniem pożyczek krajom w kryzysie;Budową dróg;Ochroną zabytków;Lotami w kosmos
Matura Geografia;Organizacje Międzynarodowe i UE;bardzo trudne;Która organizacja zrzesza kraje Azji Południowo-Wschodniej?;ASEAN;APEC;SAARC;OPEC
Matura Geografia;Organizacje Międzynarodowe i UE;trudne;Jak nazywa się strefa wolnego handlu obejmująca USA, Kanadę i Meksyk (obecnie USMCA)?;NAFTA;EFTA;ASEAN;MERCOSUR
Matura Geografia;Organizacje Międzynarodowe i UE;trudne;Która organizacja z siedzibą w Rzymie zajmuje się walką z głodem i rozwojem rolnictwa?;FAO;UNESCO;WHO;Interpol
Matura Geografia;Organizacje Międzynarodowe i UE;łatwe;Jaki jest główny cel organizacji UNICEF?;Pomoc dzieciom i ochrona ich praw;Handel bronią;Produkcja żywności;Badania kosmiczne
Matura Geografia;Organizacje Międzynarodowe i UE;bardzo trudne;Jak nazywa się grupa państw (Polska, Czechy, Słowacja, Węgry) współpracujących w Europie Środkowej?;Grupa Wyszehradzka;Trójkąt Weimarski;NATO;Benelux
Matura Geografia;Organizacje Międzynarodowe i UE;bardzo trudne;Jak nazywa się współpraca Polska-Niemcy-Francja?;Trójkąt Weimarski;Grupa Wyszehradzka;NATO;Benelux
Matura Geografia;Organizacje Międzynarodowe i UE;bardzo trudne;Która rzeka stanowi część granicy z Rosją (obwodem królewieckim)?;Łyna (fragmentarycznie);Wisła;Odra;Bug
Matura Geografia;Organizacje Międzynarodowe i UE;bardzo trudne;Która rzeka stanowi granicę między Polską a Niemcami na największym odcinku?;Odra;Nysa Łużycka;Warta;Bug
Matura Geografia;Organizacje Międzynarodowe i UE;bardzo trudne;Które państwo sąsiadujące z Polską nie należy do Unii Europejskiej ani do NATO?;Białoruś;Ukraina;Litwa;Słowacja
Matura Geografia;Organizacje Międzynarodowe i UE;bardzo trudne;Który polski port lotniczy jest największy pod względem ruchu towarowego (cargo)?;Lotnisko Chopina w Warszawie;Katowice-Pyrzowice;Gdańsk;Wrocław
Matura Geografia;Organizacje Międzynarodowe i UE;bardzo trudne;W której organizacji międzynarodowej Polska współpracuje z Czechami, Słowacją i Węgrami?;Grupa Wyszehradzka;NATO;OECD;Inicjatywa Trójmorza
Matura Geografia;Organizacje Międzynarodowe i UE;trudne;Jak nazywa się grupa państw (Polska, Czechy, Słowacja, Węgry) współpracujących politycznie?;Grupa Wyszehradzka;Trójkąt Weimarski;NATO;Unia Europejska
Matura Geografia;Organizacje Międzynarodowe i UE;trudne;W którym roku Polska dołączyła do NATO?;1999;2004;1989;2011
Matura Geografia;Organizacje Międzynarodowe i UE;trudne;W którym roku Polska przystąpiła do Unii Europejskiej?;2004;1999;2010;1989
Matura Geografia;Organizacje Międzynarodowe i UE;trudne;W którym roku Polska stała się pełnoprawnym członkiem Unii Europejskiej?;2004;1999;2007;1991
Matura Geografia;Organizacje Międzynarodowe i UE;trudne;W którym roku Polska weszła do strefy Schengen?;2007;2004;1999;2010
Matura Geografia;Organizacje Międzynarodowe i UE;trudne;Z którym państwem Polska graniczy od północnego-wschodu?;Litwa;Niemcy;Czechy;Ukraina
Matura Geografia;Organizacje Międzynarodowe i UE;trudne;Z którym państwem Polska ma najdłuższą granicę?;Czechy;Niemcy;Słowacja;Ukraina
Matura Geografia;Organizacje Międzynarodowe i UE;trudne;Z którym państwem Polska ma najdłuższą granicę?;Czechy;Słowacja;Niemcy;Ukraina
Matura Geografia;Organizacje Międzynarodowe i UE;łatwe;W którym roku Polska weszła do Unii Europejskiej?;2004;1999;2010;1945
Matura Geografia;Organizacje Międzynarodowe i UE;łatwe;Z iloma państwami graniczy Polska?;7;6;5;8
Matura Geografia;Organizacje Międzynarodowe i UE;łatwe;Z iloma państwami graniczy lądowo Polska?;7;6;5;8
Matura Geografia;Organizacje Międzynarodowe i UE;łatwe;Z którym państwem Polska ma najkrótszą granicę lądową?;Litwa;Niemcy;Czechy;Rosja
Matura Geografia;Demografia i Ludność;bardzo trudne;Co oznacza faza regresu demograficznego (V faza modelu przejścia)?;Liczba zgonów przewyższa liczbę urodzeń;Liczba urodzeń jest równa liczbie zgonów;Gwałtowny spadek zgonów przy wysokich urodzeniach;Stabilizacja na niskim poziomie
Matura Geografia;Demografia i Ludność;bardzo trudne;Który parametr określa średnią liczbę dzieci rodzonych przez kobietę w wieku rozrodczym?;Współczynnik dzietności (total fertility rate);Współczynnik urodzeń;Przyrost naturalny;Współczynnik feminizacji
Matura Geografia;Demografia i Ludność;trudne;Czym jest "drenaż mózgów"?;Emigracją osób wysoko wykształconych do bogatszych krajów;Procesem edukacji w krajach rozwijających się;Wzrostem zachorowań na choroby mózgu;Brakiem miejsc na uczelniach wyższych
Matura Geografia;Demografia i Ludność;trudne;Czym skutkuje ujemny przyrost naturalny w krajach wysoko rozwiniętych?;Starzeniem się społeczeństwa;Wzrostem liczby dzieci;Brakiem bezrobocia;Eksplozją demograficzną
Matura Geografia;Demografia i Ludność;łatwe;Jak nazywa się proces gwałtownego wzrostu liczby ludności świata w XX wieku?;Eksplozja demograficzna;Imigracja;Urbanizacja;Transformacja ustrojowa
Matura Geografia;Rolnictwo i Wyżywienie;bardzo trudne;Czym charakteryzuje się rolnictwo ekstensywne?;Małymi nakładami kapitału i pracy na jednostkę powierzchni;Dużym zużyciem nawozów sztucznych;Wykorzystaniem GMO;Bardzo wysokimi plonami z hektara
Matura Geografia;Rolnictwo i Wyżywienie;bardzo trudne;Jak nazywają się organizmy, których genom został zmieniony metodami inżynierii genetycznej w celu zwiększenia odporności?;GMO;PGR;NPK;PKB
Matura Geografia;Rolnictwo i Wyżywienie;trudne;Co to jest "głód utajony"?;Brak odpowiednich witamin i mikroelementów mimo wystarczającej liczby kalorii;Głód występujący tylko w nocy;Ukrywanie zapasów żywności;Brak apetytu spowodowany chorobą
Matura Geografia;Rolnictwo i Wyżywienie;trudne;Który region świata jest najbardziej dotknięty problemem głodu fizycznego?;Afryka Subsaharyjska;Ameryka Południowa;Azja Wschodnia;Europa Wschodnia
Matura Geografia;Rolnictwo i Wyżywienie;łatwe;Jak nazywa się stan, w którym organizm nie otrzymuje wystarczającej ilości kalorii potrzebnych do życia?;Głód;Niedożywienie;Głód utajony;Deficyt pokarmowy
Matura Geografia;Litosfera i Procesy Rzeźbotwórcze;bardzo trudne;Jak nazywa się materiał skalny transportowany i osadzany przez lodowiec (mieszanina gliny, piasku i głazów)?;Morena;Esker;Sandr;Kame
Matura Geografia;Litosfera i Procesy Rzeźbotwórcze;bardzo trudne;Jak nazywa się materiał transportowany i osadzany przez lodowiec?;Morena;Aluwia;Less;Torf
Matura Geografia;Litosfera i Procesy Rzeźbotwórcze;bardzo trudne;Jak nazywa się pagórek o obłym kształcie, zbudowany z gliny zwałowej, powstały pod dnem lądolodu?;Drumlin;Oz;Kem;Sandr
Matura Geografia;Litosfera i Procesy Rzeźbotwórcze;bardzo trudne;Jak nazywa się proces niszczenia podłoża skalnego przez lodowiec poprzez wyrywanie bloków skalnych?;Egzaracja;Abrazja;Korozja;Eworsja
Matura Geografia;Litosfera i Procesy Rzeźbotwórcze;bardzo trudne;Jak nazywa się rzeka, która niesie tak dużo osadów, że jej koryto dzieli się na liczne mniejsze odnogi?;Rzeka warkoczowa;Rzeka meandrująca;Rzeka epizodyczna;Rzeka krasowa
Matura Geografia;Litosfera i Procesy Rzeźbotwórcze;bardzo trudne;Jak nazywa się specyficzny rodzaj erozji rzecznej polegający na wybijaniu kotłów eworsyjnych przez wirującą wodę z kamieniami?;Eworsja;Abrazja;Korozja;Egzaracja
Matura Geografia;Litosfera i Procesy Rzeźbotwórcze;bardzo trudne;Jak nazywa się specyficzny rodzaj wietrzenia chemicznego polegający na rozpuszczaniu skał węglanowych przez wodę z CO2?;Krasowienie;Hydratacja;Oksydacja;Hydroliza
Matura Geografia;Litosfera i Procesy Rzeźbotwórcze;bardzo trudne;Jak nazywają się unikalne wzgórza o kształcie bochenka chleba, powstałe pod lądolodem?;Drumliny;Ozy;Kemy;Sandry
Matura Geografia;Litosfera i Procesy Rzeźbotwórcze;trudne;Co to jest denudacja?;Ogół procesów prowadzących do wyrównywania i obniżania powierzchni Ziemi;Tylko wybuchy wulkanów;Tylko parowanie wody;Budowanie delt rzecznych
Matura Geografia;Litosfera i Procesy Rzeźbotwórcze;trudne;Jak nazywa się dolina rzeczna o stromych zboczach i wąskim dnie, typowa dla górnego biegu rzeki?;Dolina V-kształtna;Dolina U-kształtna;Starorzecze;Delta
Matura Geografia;Litosfera i Procesy Rzeźbotwórcze;trudne;Jak nazywa się forma akumulacji eolicznej, która ma postać podłużnych wałów piasku?;Wydma podłużna;Barchan;Wydma paraboliczna;Wydma gwieździsta
Matura Geografia;Litosfera i Procesy Rzeźbotwórcze;trudne;Jak nazywa się proces niszczenia klifu przez uderzenia fal morskich?;Abrazja;Korozja;Deflacja;Erozja wgłębna
Matura Geografia;Litosfera i Procesy Rzeźbotwórcze;trudne;Jak nazywa się proces rzeźbotwórczy polegający na żłobieniu skał przez niesiony wiatrem piasek?;Korozja (eoliczna);Deflacja;Abrazja;Egzemplacja
Matura Geografia;Litosfera i Procesy Rzeźbotwórcze;trudne;Jak nazywa się rodzaj doliny rzecznej, która powstaje w wyniku erozji wgłębnej w górnym biegu rzeki?;V-kształtna;U-kształtna;Przełomowa;Starorzecze
Matura Geografia;Litosfera i Procesy Rzeźbotwórcze;trudne;Jak nazywa się rodzaj wybrzeża powstałego w wyniku zalania dolin polodowcowych w górach?;Fiordowe;Szkierowe;Dalmatyńskie;Riasowe
Matura Geografia;Litosfera i Procesy Rzeźbotwórcze;trudne;Która forma terenu powstaje w wyniku akumulacyjnej działalności wiatru?;Wydma;Grzyb skalny;Niecka deflacyjna;Bruk pustynny
Matura Geografia;Litosfera i Procesy Rzeźbotwórcze;łatwe;Jak nazywa się dolina o szerokim dnie i stromych zboczach, wyrzeźbiona przez lodowiec górski?;Dolina U-kształtna;Dolina V-kształtna;Wąwóz;Parów
Matura Geografia;Litosfera i Procesy Rzeźbotwórcze;łatwe;Jak nazywa się materiał skalny, który rzeka niesie i osadza w swoim biegu?;Aluwia;Morena;Wydma;Less
Matura Geografia;Litosfera i Procesy Rzeźbotwórcze;łatwe;Jak nazywa się proces niszczenia skał pod wpływem wahań temperatury, zamrażania wody lub działania organizmów?;Wietrzenie;Erozja;Transport;Akumulacja
Matura Geografia;Litosfera i Procesy Rzeźbotwórcze;łatwe;Jak nazywają się formy terenu usypane z piasku przez wiatr na pustyniach?;Wydmy;Moreny;Sandry;Klif
Matura Geografia;Litosfera i Procesy Rzeźbotwórcze;bardzo trudne;Jak nazywa się pył naniesiony przez wiatr, z którego powstają bardzo żyzne gleby w pasie wyżyn?;Less;Glina zwałowa;Muda;Spiż
Matura Geografia;Litosfera i Procesy Rzeźbotwórcze;bardzo trudne;W którym typie klimatu procesy eoliczne odgrywają dominującą rolę w kształtowaniu rzeźby terenu?;Klimat zwrotnikowy suchy;Klimat równikowy;Klimat umiarkowany morski;Klimat górski
Matura Geografia;Litosfera i Procesy Rzeźbotwórcze;trudne;Jak nazywa się proces żłobienia, szlifowania i wygładzania skał przez twarde ziarna piasku niesione przez wiatr?;Korozja (erozja eoliczna);Abrazja;Egzemplacja;Eworsja
Matura Geografia;Litosfera i Procesy Rzeźbotwórcze;trudne;Który rodzaj wydm ma kształt rogów skierowanych zgodnie z kierunkiem wiatru (występuje na pustyniach piaszczystych)?;Barchany;Wydmy paraboliczne;Wydmy gwieździste;Wydmy podłużne
Matura Geografia;Litosfera i Procesy Rzeźbotwórcze;łatwe;Jak nazywa się proces wywiewania drobnego materiału skalnego (piasku, pyłu) przez wiatr?;Deflacja;Korozja;Akumulacja;Sedymentacja
Matura Geografia;Przemysł i Energetyka;bardzo trudne;Gdzie w Polsce planowane jest wydobycie gazu z łupków (największy potencjał)?;Pas od Pomorza przez Mazowsze po Lubelszczyznę;Tatry;Nizina Śląska;Mazury
Matura Geografia;Przemysł i Energetyka;bardzo trudne;Gdzie w Polsce znajdują się największe złoża siarki wydobywanej metodą wytapiania (Frascha)?;Okolice Tarnobrzega (Osiek);Okolice Krakowa;Góry Świętokrzyskie;Górny Śląsk
Matura Geografia;Przemysł i Energetyka;trudne;Gdzie w Polsce znajdują się największe złoża soli kamiennej wydobywanej metodą otworową i głębinową?;Kujawy (Inowrocław, Ciechocinek);Wieliczka;Bieszczady;Wyżyna Lubelska
Matura Geografia;Przemysł i Energetyka;trudne;Z którego surowca Polska jest jednym z czołowych światowych producentów?;Miedź;Ropa naftowa;Gaz ziemny;Ruda żelaza
Matura Geografia;Przemysł i Energetyka;łatwe;W którym regionie Polski wydobywa się najwięcej węgla kamiennego?;Górny Śląsk;Lubelszczyzna;Zagłębie Bełchatowskie;Sudety
Matura Geografia;Przemysł i Energetyka;bardzo trudne;Co to jest technopolia?;Nowoczesny ośrodek przemysłu High-Tech skupiony wokół uniwersytetu;Miejsce wydobycia węgla;Stara fabryka;Miasto robotnicze
Matura Geografia;Przemysł i Energetyka;bardzo trudne;Jak nazywa się nowoczesna forma organizacji produkcji, skupiająca firmy z jednej branży i instytucje naukowe?;Klaster;Kombinat;Kartel;Monopol
Matura Geografia;Przemysł i Energetyka;bardzo trudne;Jak nazywa się nowoczesny ośrodek przemysłu wysokiej technologii (High-Tech), powstały z inicjatywy uczelni i rządu?;Technopolia;Okręg surowcowy;Klaster;Dzielnica przemysłowa
Matura Geografia;Przemysł i Energetyka;bardzo trudne;Jak nazywa się okręg przemysłowy powstały na bazie złóż surowców mineralnych?;Okręg surowcowy;Okręg rynkowy;Technopolia;Okręg transportowy
Matura Geografia;Przemysł i Energetyka;bardzo trudne;Która elektrownia w Polsce ma największą moc zainstalowaną?;Elektrownia Bełchatów;Elektrownia Kozienice;Elektrownia Opole;Elektrownia Turów
Matura Geografia;Przemysł i Energetyka;bardzo trudne;Która kopalnia w Polsce wydobywa węgiel kamienny metodą głębinową na Lubelszczyźnie?;Bogdanka;Bełchatów;Turów;Janina
Matura Geografia;Przemysł i Energetyka;bardzo trudne;Który pierwiastek jest głównym paliwem w elektrowniach jądrowych?;Uran;Węgiel;Lit;Miedź
Matura Geografia;Przemysł i Energetyka;bardzo trudne;Który surowiec jest niezbędny do produkcji akumulatorów w samochodach elektrycznych?;Lit;Siarka;Wapień;Boksyt
Matura Geografia;Przemysł i Energetyka;trudne;Czym jest restrukturyzacja przemysłu?;Procesem zmian w strukturze produkcji i unowocześnianiem technologii;Budową kopalń węgla;Zakazem handlu;Nacjonalizacją firm
Matura Geografia;Przemysł i Energetyka;trudne;Jak nazywa się proces odchodzenia od tradycyjnego przemysłu ciężkiego na rzecz usług i High-Tech?;Deindustrializacja;Urbanizacja;Rekultywacja;Globalizacja
Matura Geografia;Przemysł i Energetyka;trudne;Jak nazywa się proces przenoszenia produkcji przemysłowej do krajów o niższych kosztach?;Delokalizacja;Restrukturyzacja;Industrializacja;Globalizacja
Matura Geografia;Przemysł i Energetyka;trudne;Jak nazywa się proces przenoszenia zakładów przemysłowych z krajów wysoko rozwiniętych do krajów o niższych kosztach produkcji?;Restrukturyzacja;Deindustrializacja;Outsourcing;Delokalizacja
Matura Geografia;Przemysł i Energetyka;trudne;Który kraj jest światowym liderem w produkcji energii z ogniw fotowoltaicznych?;Chiny;USA;Niemcy;Francja
Matura Geografia;Przemysł i Energetyka;trudne;Który kraj posiada największe na świecie udokumentowane zasoby ropy naftowej?;Wenezuela;Arabia Saudyjska;Rosja;USA
Matura Geografia;Przemysł i Energetyka;trudne;Który kraj posiada największą liczbę elektrowni jądrowych w Europie?;Francja;Niemcy;Polska;Włochy
Matura Geografia;Przemysł i Energetyka;trudne;Który kraj produkuje najwięcej energii z elektrowni wiatrowych w Europie (pod względem mocy)?;Niemcy;Francja;Włochy;Polska
Matura Geografia;Przemysł i Energetyka;łatwe;Jak nazywają się surowce energetyczne powstałe ze szczątków organizmów roślinnych i zwierzęcych (węgiel, ropa, gaz)?;Paliwa kopalne;Odnawialne źródła energii;Surowce metaliczne;Biomasa
Matura Geografia;Przemysł i Energetyka;łatwe;Które źródło energii jest odnawialne?;Energia wiatru;Węgiel kamienny;Gaz ziemny;Uran
Matura Geografia;Przemysł i Energetyka;łatwe;Który surowiec jest podstawą energetyki jądrowej?;Uran;Węgiel;Gaz;Ropa
Matura Geografia;Przemysł i Energetyka;łatwe;Z jakiego źródła pochodzi energia geotermalna?;Z wnętrza Ziemi;Ze Słońca;Z wiatru;Z wody
Matura Geografia;Ochrona Środowiska;bardzo trudne;Co to jest rekultywacja?;Przywracanie terenom zniszczonym przez człowieka wartości użytkowych i przyrodniczych;Dalsze wydobycie surowców;Budowa parków rozrywki;Składowanie odpadów
Matura Geografia;Ochrona Środowiska;bardzo trudne;Co to jest zrównoważony rozwój?;Rozwój zaspokajający obecne potrzeby bez ograniczania szans przyszłych pokoleń;Gwałtowny rozwój przemysłu;Wycinka lasów pod budowę dróg;Budowa tylko elektrowni węglowych
Matura Geografia;Ochrona Środowiska;bardzo trudne;Czym jest eutrofizacja zbiorników wodnych?;Przeżyźnienie wód skutkujące zakwitem glonów;Wysychaniem jezior;Wzrostem zasolenia;Zanieczyszczeniem metalami ciężkimi
Matura Geografia;Ochrona Środowiska;bardzo trudne;Czym jest ślad węglowy?;Suma emisji gazów cieplarnianych spowodowana przez osobę lub produkt;Pył po spaleniu węgla;Wydobycie węgla w kopalni;Sadza na kominie
Matura Geografia;Ochrona Środowiska;bardzo trudne;Jak nazywa się dziura ozonowa (spadek koncentracji O3)?;Warstwa w atmosferze chroniąca przed UV;Warstwa zatrzymująca ciepło;Zjawisko nadbiegunowe wywołane freonami;Zanieczyszczenie pyłowe powietrza
Matura Geografia;Ochrona Środowiska;bardzo trudne;Jak nazywa się proces wysychania jezior wskutek nadmiernego parowania i poboru wody?;Eutrofizacja (pośrednio) lub wysychanie antropogeniczne;Abrazja;Krasowienie;Infiltracja
Matura Geografia;Ochrona Środowiska;bardzo trudne;Jak nazywa się zanieczyszczona mgła nad miastami?;Smog;Zorza;Tęcza;Halo
Matura Geografia;Ochrona Środowiska;bardzo trudne;Jak nazywa się zjawisko gromadzenia się toksyn w kolejnych ogniwach łańcucha pokarmowego?;Bioakumulacja;Eutrofizacja;Sukcesja;Fotosynteza
Matura Geografia;Ochrona Środowiska;trudne;Czym jest rozwój zrównoważony?;Gospodarowaniem tak, by nie ograniczać szans przyszłych pokoleń;Gwałtownym rozwojem przemysłu;Wycinką lasów pod fabryki;Budową tylko autostrad
Matura Geografia;Ochrona Środowiska;trudne;Jak nazywa się zanieczyszczone powietrze powstające nad miastami w wyniku emisji spalin?;Smog;Mgła;Chmura;Inwersja
Matura Geografia;Ochrona Środowiska;trudne;Jak nazywa się zjawisko nadmiernego użyźnienia wód wskutek spływu nawozów?;Eutrofizacja;Solenie;Zasadowienie;Kwaśne deszcze
Matura Geografia;Ochrona Środowiska;trudne;Jak nazywa się zjawisko podwyższonej temperatury w centrum miasta w porównaniu do obszarów peryferyjnych?;Miejska wyspa ciepła;Smog londyński;Inwersja;Efekt cieplarniany
Matura Geografia;Ochrona Środowiska;trudne;Jak nazywają się kwaśne opady?;Opady zawierające kwasy siarkowy i azotowy powstałe z zanieczyszczeń;Opady cytrynowe;Silny grad;Śnieg z pyłem
Matura Geografia;Ochrona Środowiska;trudne;Który gaz niszczy warstwę ozonową?;Freon;Tlen;Azot;Argon
Matura Geografia;Ochrona Środowiska;trudne;Który proces polega na niszczeniu lasów, głównie w strefie międzyzwrotnikowej, pod uprawy i pastwiska?;Deforestacja;Rekultywacja;Melioracja;Sukcesja
Matura Geografia;Ochrona Środowiska;trudne;Który proces polega na przywracaniu wartości użytkowych terenom zniszczonym przez przemysł?;Rekultywacja;Degradacja;Deforestacja;Melioracja
Matura Geografia;Ochrona Środowiska;łatwe;Jak nazywa się koncepcja rozwoju, która zakłada zaspokajanie potrzeb obecnego pokolenia bez ograniczania szans przyszłych pokoleń?;Rozwój zrównoważony;Konsumpcjonizm;Eksploatacja;Urbanizacja
Matura Geografia;Ochrona Środowiska;łatwe;Jak nazywa się proces niszczenia lasów przez człowieka?;Deforestacja;Rekultywacja;Melioracja;Sukcesja
Matura Geografia;Ochrona Środowiska;łatwe;Jak nazywa się proces pustynnienia terenów wskutek działalności człowieka?;Desertyfikacja;Erozja;Abrazja;Krasowienie
Matura Geografia;Ochrona Środowiska;łatwe;Jak nazywa się zjawisko podnoszenia się średniej temperatury planety?;Globalne ocieplenie;Pora letnia;Erozja;Krasowienie
Matura Geografia;Litosfera i Procesy Rzeźbotwórcze;bardzo trudne;Jak nazywa się punkt, w którym łączą się dwa stoki i którym zazwyczaj płynie rzeka?;Linia ściekowa (thalweg);Linia grzbietowa;Wododział;Eskarpa
Matura Geografia;Litosfera i Procesy Rzeźbotwórcze;bardzo trudne;Jak nazywa się wklęsła forma terenu otoczona ze wszystkich stron wzniesieniami?;Kotlina;Dolina;Rów;Wąwóz
Matura Geografia;Litosfera i Procesy Rzeźbotwórcze;trudne;Co oznacza pojęcie "wysokość względna"?;Różnica wysokości między dwoma punktami;Wysokość punktu mierzona od poziomu morza;Głębokość jeziora;Nachylenie stoku w stopniach
Matura Geografia;Litosfera i Procesy Rzeźbotwórcze;trudne;Jak nazywa się forma terenu będąca wypukłym elementem rzeźby o wyraźnym wierzchołku?;Wzgórze (góra);Kotlina;Dolina;Przełęcz
Matura Geografia;Litosfera i Procesy Rzeźbotwórcze;łatwe;Jak nazywa się linia na mapie łącząca punkty o tej samej wysokości n.p.m.?;Izohipsa (poziomica);Izobara;Izoterma;Izohalina
Matura Geografia;Rolnictwo i Wyżywienie;bardzo trudne;Co oznacza termin "użytki rolne"?;Grunty orne, sady oraz łąki i pastwiska;Tylko pola uprawne;Wszystkie tereny zielone w kraju;Lasy i pola uprawne
Matura Geografia;Rolnictwo i Wyżywienie;bardzo trudne;Czym jest agrobiznes?;System powiązań rolnictwa z przemysłem przetwórczym i handlem;Tylko uprawą roślin;Hodowlą zwierząt na wsi;Sprzedażą maszyn rolniczych
Matura Geografia;Rolnictwo i Wyżywienie;bardzo trudne;Czym jest monokultura rolnicza?;Wieloletnią uprawą tylko jednego gatunku rośliny na tym samym polu;Płodozmianem;Rolnictwem ekologicznym;Używaniem tylko jednego traktora
Matura Geografia;Rolnictwo i Wyżywienie;bardzo trudne;Jak nazywa się uprawa roślin bez gleby, w roztworach wodnych?;Hydroponika;Monokultura;Płodozmian;Melioracja
Matura Geografia;Rolnictwo i Wyżywienie;bardzo trudne;Jak nazywa się wskaźnik określający masę zebranych płodów rolnych z jednostki powierzchni (np. dt/ha)?;Plon;Zbiór;Produktywność;Towarowość
Matura Geografia;Rolnictwo i Wyżywienie;bardzo trudne;Która roślina jest głównym surowcem do produkcji oleju jadalnego w Europie Środkowej?;Rzepak;Oliwka;Palmowiec;Soja
Matura Geografia;Rolnictwo i Wyżywienie;bardzo trudne;Który model intensywnego rolnictwa charakteryzuje się bardzo wysokimi plonami przy dużym nakładzie pracy ręcznej (np. w Azji Południowo-Wschodniej)?;Rolnictwo intensywne pracochłonne;Rolnictwo ekstensywne;Plantacja;Pasterstwo koczownicze
Matura Geografia;Rolnictwo i Wyżywienie;bardzo trudne;Który region świata słynie z rolnictwa typu plantacyjnego (kawa, kakao, banany)?;Strefa międzyzwrotnikowa;Europa Środkowa;Azja Centralna;Australia
Matura Geografia;Rolnictwo i Wyżywienie;trudne;Czym charakteryzuje się rolnictwo ekstensywne?;Niskimi nakładami pracy i kapitału na jednostkę powierzchni;Dużym zużyciem nawozów;Bardzo wysokimi plonami z hektara;Małą powierzchnią gospodarstw
Matura Geografia;Rolnictwo i Wyżywienie;trudne;Czym jest pasterstwo koczownicze (nomadyzm)?;Przemieszczaniem się ludzi ze stadami zwierząt w poszukiwaniu pastwisk;Hodowlą zwierząt w zamkniętych halach;Produkcją pasz;Tresurą psów pasterskich
Matura Geografia;Rolnictwo i Wyżywienie;trudne;Czym jest rolnictwo intensywne kapitałochłonne?;Rolnictwem z dużymi nakładami na mechanizację i chemię;Rolnictwem z dużą liczbą pracowników;Rolnictwem ekologicznym;Rolnictwem na własne potrzeby
Matura Geografia;Rolnictwo i Wyżywienie;trudne;Jak nazywa się zielona rewolucja?;Wprowadzenie wydajnych odmian zbóż w krajach rozwijających się w latach 60. XX w.;Przejście na uprawy bio;Mechanizacja rolnictwa w Europie;Budowa szklarni w Holandii
Matura Geografia;Rolnictwo i Wyżywienie;trudne;Który kraj jest największym producentem pszenicy na świecie?;Chiny;USA;Polska;Francja
Matura Geografia;Rolnictwo i Wyżywienie;trudne;Który kraj jest największym producentem ryżu na świecie?;Chiny;Indie;Indonezja;Brazylia
Matura Geografia;Rolnictwo i Wyżywienie;trudne;Który region świata słynie z uprawy ryżu metodą tarasową?;Azja Południowo-Wschodnia;Ameryka Północna;Europa Wschodnia;Afryka Północna
Matura Geografia;Rolnictwo i Wyżywienie;trudne;Który region świata słynie z uprawy winorośli, oliwek i pszenicy twardej?;Region śródziemnomorski;Skandynawia;Amazonia;Syberia
Matura Geografia;Rolnictwo i Wyżywienie;łatwe;Jak nazywa się rodzaj rolnictwa nastawiony na sprzedaż produktów, a nie na zaspokojenie potrzeb własnych rolnika?;Rolnictwo towarowe;Rolnictwo samozaopatrzeniowe;Rolnictwo ekologiczne;Żarówka
Matura Geografia;Rolnictwo i Wyżywienie;łatwe;Która roślina jest podstawą wyżywienia ludności w Azji Monsunowej?;Ryż;Pszenica;Kukurydza;Żyto
Matura Geografia;Rolnictwo i Wyżywienie;łatwe;Który kraj jest największym światowym producentem kukurydzy?;USA;Polska;Japonia;Egipt
Matura Geografia;Rolnictwo i Wyżywienie;łatwe;Który kraj jest największym światowym producentem pszenicy?;Chiny;USA;Polska;Francja
Matura Geografia;Litosfera i Procesy Rzeźbotwórcze;bardzo trudne;Czym jest obryw?;Nagłe oddzielenie się mas skalnych od pionowej ściany i ich swobodne spadanie;Powolne zsuwanie się błota;Wymywanie drobnego materiału przez deszcz;Osiadanie gruntu pod ciężarem budynków
Matura Geografia;Litosfera i Procesy Rzeźbotwórcze;bardzo trudne;Jak nazywa się proces bardzo powolnego przemieszczania się zwietrzeliny w dół stoku, widoczny np. przez wygięte pnie drzew?;Pełzanie (pełźnięcie);Obrywanie;Staczanie;Odpadanie
Matura Geografia;Litosfera i Procesy Rzeźbotwórcze;trudne;Jak nazywa się nagłe oderwanie się i stoczenie ogromnych mas skalnych ze stromego stoku?;Osuwisko;Pełznięcie;Spłukiwanie;Soliflukcja
Matura Geografia;Litosfera i Procesy Rzeźbotwórcze;trudne;Który czynnik najczęściej inicjuje powstanie osuwisk w polskich Karpatach?;Długotrwałe i intensywne opady deszczu;Trzęsienia ziemi;Silny wiatr;Erozja eoliczna
Matura Geografia;Litosfera i Procesy Rzeźbotwórcze;łatwe;Jak nazywa się grawitacyjne przemieszczanie się mas skalnych w dół stoku pod wpływem ciężaru?;Ruchy masowe;Erozja;Wietrzenie;Sedymentacja
Matura Geografia;Litosfera i Procesy Rzeźbotwórcze;bardzo trudne;Czym są meandry?;Zakola rzeczne powstające w wyniku erozji bocznej w środkowym biegu rzeki;Progi skalne w korycie;Osady denne;Sztuczne przekopy rzeki
Matura Geografia;Litosfera i Procesy Rzeźbotwórcze;bardzo trudne;Jak nazywa się proces cofania się progu wodospadu w wyniku niszczenia podłoża przez spadającą wodę?;Erozja wsteczna;Erozja boczna;Erozja wgłębna;Denudacja
Matura Geografia;Litosfera i Procesy Rzeźbotwórcze;trudne;Jak nazywa się lejkowate ujście rzeki powstałe w wyniku działalności prądów morskich i pływów?;Estuarium;Delta;Spiętrzenie;Rewa
Matura Geografia;Litosfera i Procesy Rzeźbotwórcze;trudne;Który proces dominuje w dolnym biegu rzeki?;Akumulacja;Erozja wgłębna;Erozja wsteczna;Korozja
Matura Geografia;Litosfera i Procesy Rzeźbotwórcze;łatwe;Jak nazywa się nagromadzenie osadów rzecznych u ujścia rzeki do morza, mające kształt greckiej litery Delta?;Delta;Estuarium;Meander;Starorzecze
Matura Geografia;Litosfera i Procesy Rzeźbotwórcze;bardzo trudne;Jak nazywa się największa powierzchniowa forma krasowa, będąca rozległą kotliną o płaskim dnie, często okresowo zalewaną?;Polje;Uwał;Mogot;Dolina krasowa
Matura Geografia;Litosfera i Procesy Rzeźbotwórcze;bardzo trudne;W którym regionie Polski występuje najlepiej wykształcony kras wysokogórski?;Tatry Zachodnie;Tatry Wysokie;Karkonosze;Bieszczady
Matura Geografia;Litosfera i Procesy Rzeźbotwórcze;trudne;Jak nazywają się jaskinie powstałe w wyniku działalności wód podziemnych w skałach węglanowych?;Jaskinie krasowe;Jaskinie tektoniczne;Jaskinie lodowe;Jaskinie eoliczne
Matura Geografia;Litosfera i Procesy Rzeźbotwórcze;trudne;Która forma krasu powierzchniowego ma postać głębokich, pionowych szczelin i bruzd w skałach wapiennych?;Żebra krasowe (karreny);Lejki krasowe;Polja;Uwały
Matura Geografia;Litosfera i Procesy Rzeźbotwórcze;łatwe;Jak nazywa się proces chemicznego rozpuszczania skał wapiennych przez wodę nasyconą dwutlenkiem węgla?;Krasowienie;Wietrzenie mrozowe;Erozja;Diageneza
Matura Geografia;Usługi i Transport;bardzo trudne;Czym jest bezrobocie strukturalne?;Niedopasowaniem kwalifikacji pracowników do potrzeb rynku;Okresowym brakiem pracy w turystyce;Poszukiwaniem lepszej pracy przez fachowców;Zwolnieniami podczas kryzysu gospodarczego
Matura Geografia;Usługi i Transport;bardzo trudne;Jak nazywa się ludność w wieku 15-64 lata, która jest zdolna i chętna do podjęcia pracy?;Ludność aktywna zawodowo;Ludność w wieku produkcyjnym;Zasoby ludzkie;Siła robocza
Matura Geografia;Usługi i Transport;trudne;Czym zajmuje się IV sektor gospodarki?;Zdobywaniem, przetwarzaniem i przesyłaniem informacji;Produkcją przemysłową;Usługami transportowymi;Uprawą roli
Matura Geografia;Usługi i Transport;trudne;Jaki jest dominujący sektor zatrudnienia w Polsce (powyżej 50%)?;Usługi;Przemysł;Rolnictwo;Budownictwo
Matura Geografia;Usługi i Transport;łatwe;W której grupie państw (według stopnia rozwoju) większość ludzi pracuje w rolnictwie?;W krajach słabo rozwiniętych;W krajach wysoko rozwiniętych;W krajach nowo uprzemysłowionych;W krajach Unii Europejskiej
Matura Geografia;Usługi i Transport;bardzo trudne;Jak nazywa się kluczowy polski port morskiego eksportu węgla i importu ropy (z Naftoportem)?;Gdańsk;Gdynia;Szczecin;Police
Matura Geografia;Usługi i Transport;bardzo trudne;Która linia kolejowa w Polsce jest przystosowana do najwyższych prędkości (obsługiwana przez Pendolino)?;Centralna Magistrala Kolejowa (CMK);Linia Nadodrzańska;Linia Warszawsko-Wiedeńska;Magistrala Węglowa
Matura Geografia;Usługi i Transport;trudne;Jak nazywa się główna autostrada w Polsce biegnąca ze wschodu na zachód (od granicy z Niemcami do granicy z Ukrainą)?;A4;A1;A2;S8
Matura Geografia;Usługi i Transport;trudne;Który polski port lotniczy obsługuje największą liczbę pasażerów?;Lotnisko Chopina w Warszawie;Kraków-Balice;Gdańsk im. Lecha Wałęsy;Wrocław-Strachowice
Matura Geografia;Usługi i Transport;łatwe;Która polska rzeka jest najważniejszą drogą wodną śródlądową (mimo niskiego stopnia wykorzystania)?;Odra;Wisła;Warta;Bug
Matura Geografia;Turystyka;bardzo trudne;Czym charakteryzuje się turystyka kwalifikowana?;Wymaga od uczestnika przygotowania kondycyjnego i specjalistycznego sprzętu;Polega na zwiedzaniu miast z przewodnikiem;Jest dostępna tylko dla osób z wyższym wykształceniem;Dotyczy wyłącznie wyjazdów służbowych
Matura Geografia;Turystyka;bardzo trudne;Jak nazywa się negatywny wpływ turystyki polegający na upodabnianiu się kultury lokalnej do potrzeb turystów?;Komercjalizacja kultury;Globalizacja;Rewitalizacja;Asymilacja
Matura Geografia;Turystyka;trudne;Co to jest agroturystyka?;Wypoczynek w gospodarstwie rolnym;Zwiedzanie fabryk maszyn rolniczych;Praca na polu w celach zarobkowych;Wycieczka do zoo
Matura Geografia;Turystyka;trudne;Który kraj jest najczęściej odwiedzanym krajem przez turystów na świecie?;Francja;Hiszpania;USA;Chiny
Matura Geografia;Turystyka;łatwe;Jak nazywa się rodzaj turystyki związany z odwiedzaniem miejsc kultu religijnego?;Turystyka religijna (pielgrzymkowa);Turystyka poznawcza;Turystyka wypoczynkowa;Turystyka biznesowa
Matura Geografia;Turystyka;bardzo trudne;Gdzie w Polsce znajduje się szlak "Architektury Drewnianej", obejmujący m.in. cerkwie łemkowskie?;Małopolska i Podkarpacie;Pomorze;Śląsk;Mazowsze
Matura Geografia;Turystyka;bardzo trudne;Jak nazywa się jedyny w Polsce obiekt wpisany na listę UNESCO, który jest kopalnią krzemienia pasiastego?;Krzemionki Opatowskie;Wieliczka;Bochnia;Tarnowskie Góry
Matura Geografia;Turystyka;trudne;Jak nazywa się kraina geograficzna w Polsce znana jako "Kraina Tysiąca Jezior"?;Mazury;Kujawy;Polesie;Podlasie
Matura Geografia;Turystyka;trudne;W którym polskim mieście odbywa się Jarmark św. Dominika, przyciągający miliony turystów?;Gdańsk;Kraków;Lublin;Poznań
Matura Geografia;Turystyka;łatwe;Które miasto w Polsce jest najczęściej odwiedzane przez turystów zagranicznych?;Kraków;Warszawa;Gdańsk;Wrocław
Matura Geografia;Organizacje Międzynarodowe i UE;bardzo trudne;Gdzie znajduje się siedziba Parlamentu Europejskiego (miejsce sesji plenarnych)?;Strasburg;Bruksela;Luksemburg;Haga
Matura Geografia;Organizacje Międzynarodowe i UE;bardzo trudne;Jak nazywa się fundusz UE przeznaczony na wyrównywanie różnic w poziomie rozwoju regionów?;Fundusz Spójności;Erasmus;NATO;ONZ
Matura Geografia;Organizacje Międzynarodowe i UE;trudne;Co oznacza układ z Schengen?;Zniesienie kontroli na granicach wewnętrznych państw członkowskich;Wspólną armię UE;Ujednolicenie podatków;Darmową edukację w całej Europie
Matura Geografia;Organizacje Międzynarodowe i UE;trudne;Który kraj opuścił Unię Europejską w 2020 roku (tzw. Brexit)?;Wielka Brytania;Irlandia;Norwegia;Szwajcaria
Matura Geografia;Organizacje Międzynarodowe i UE;łatwe;Jak nazywa się wspólna waluta większości krajów UE?;Euro;Dolar;Funt;Frank
Matura Geografia;Urbanizacja i Osadnictwo;bardzo trudne;Co oznacza termin "urbanizacja pozorna"?;Gwałtowny napływ ludności do miast bez możliwości ich zatrudnienia;Budowę makiet miast;Rozwój tylko dzielnic bogatych;Spadek liczby mieszkańców miast
Matura Geografia;Urbanizacja i Osadnictwo;bardzo trudne;Czym charakteryzuje się reurbanizacja?;Ponownym napływem ludności do centrów miast po okresie ich modernizacji;Ucieczką ludzi na wieś;Niszczeniem zabytków;Budową slumsów
Matura Geografia;Urbanizacja i Osadnictwo;bardzo trudne;Czym charakteryzuje się urbanizacja pozorna (nadurbanizacja)?;Wzrostem liczby ludności miast bez rozwoju gospodarczego;Budową nowoczesnych dzielnic biznesowych;Wyludnianiem się centrów miast;Łączeniem się miast o podobnej wielkości
Matura Geografia;Urbanizacja i Osadnictwo;bardzo trudne;Jak nazywa się miasto o znaczeniu globalnym, będące węzłem finansowym i decyzyjnym?;Metropolia globalna (World City);Aglomeracja;Miasteczko satelitarne;Osiedle
Matura Geografia;Urbanizacja i Osadnictwo;bardzo trudne;Jak nazywa się proces deglomeracji?;Celowe rozpraszanie przemysłu i ludności z przeludnionych centrów;Łączenie się miast;Budowa metra;Wyburzanie starych kamienic
Matura Geografia;Urbanizacja i Osadnictwo;bardzo trudne;Jak nazywa się proces odnawiania zdegradowanych części miasta?;Rewitalizacja;Gentryfikacja;Suburbanizacja;Deglomeracja
Matura Geografia;Urbanizacja i Osadnictwo;bardzo trudne;Jak nazywa się proces odnawiania zdegradowanych dzielnic miast w celu przywrócenia im funkcji gospodarczych i społecznych?;Rewitalizacja;Slumsowanie;Prowizoryzacja;Deglomeracja
Matura Geografia;Urbanizacja i Osadnictwo;bardzo trudne;Jak nazywa się proces włączania okolicznych wsi w granice administracyjne miasta?;Urbanizacja terytorialna;Urbanizacja ekonomiczna;Urbanizacja społeczna;Nadurbanizacja
Matura Geografia;Urbanizacja i Osadnictwo;trudne;Czym charakteryzuje się urbanizacja ekonomiczna?;Wzrostem liczby osób pracujących w zawodach pozarolniczych;Budową nowych wieżowców;Wzrostem liczby ludności w miastach;Rozwojem infrastruktury drogowej
Matura Geografia;Urbanizacja i Osadnictwo;trudne;Czym jest suburbanizacja?;Procesem przenoszenia się ludności z centrów miast na przedmieścia;Budową nowych fabryk;Wzrostem gęstości zaludnienia w centrum;Burzeniem slumsów
Matura Geografia;Urbanizacja i Osadnictwo;trudne;Czym jest suburbanizacja?;Procesem rozrostu przedmieść kosztem wyludniających się centrów miast;Budową fabryk w miastach;Powstawaniem slumsów;Grodzeniem osiedli
Matura Geografia;Urbanizacja i Osadnictwo;trudne;Jak nazywa się aglomeracja, w której jedno miasto wyraźnie dominuje nad pozostałymi?;Aglomeracja monocentryczna;Konurbacja;Megalopolis;Metropolia
Matura Geografia;Urbanizacja i Osadnictwo;trudne;Jak nazywa się proces przenoszenia się ludności z centrów miast na obszary podmiejskie (suburbanizacja), powodujący "rozlewanie się" miast?;Suburbanizacja;Rewitalizacja;Gentryfikacja;Reurbanizacja
Matura Geografia;Urbanizacja i Osadnictwo;trudne;Jak nazywa się rozległy obszar zurbanizowany powstały z połączenia kilku aglomeracji?;Megalopolis;Konurbacja;Metropolia;Satelita
Matura Geografia;Urbanizacja i Osadnictwo;trudne;Jak nazywa się rozległy, wielomilionowy obszar zurbanizowany powstały z połączenia kilku aglomeracji (np. BosWash)?;Megalopolis;Konurbacja;Aglomeracja monocentryczna;Metropolia
Matura Geografia;Urbanizacja i Osadnictwo;trudne;Jak nazywa się zespół miast połączonych ze sobą, w którym nie ma jednego dominującego ośrodka?;Konurbacja;Aglomeracja monocentryczna;Megalopolis;Metropolia
Matura Geografia;Urbanizacja i Osadnictwo;łatwe;Jak nazywa się centralna, reprezentacyjna część wielkiego miasta, skupiająca handel i usługi?;City (Śródmieście);Slumsy;Sypialnia;Przedmieścia
Matura Geografia;Urbanizacja i Osadnictwo;łatwe;Jak nazywa się obszar o gęstej zabudowie i wysokiej liczbie ludności?;Miasto;Wieś;Puszcza;Pustynia
Matura Geografia;Urbanizacja i Osadnictwo;łatwe;Jak nazywa się proces rozwoju miast oraz wzrostu liczby ludności miejskiej?;Urbanizacja;Industrializacja;Globalizacja;Migracja
Matura Geografia;Urbanizacja i Osadnictwo;łatwe;Jak nazywa się proces wzrostu liczby ludności miast i rozwoju ich obszarów?;Urbanizacja;Industrializacja;Globalizacja;Rewitalizacja
Matura Geografia;Usługi i Transport;bardzo trudne;Co oznacza skrót PKB?;Produkt Krajowy Brutto;Polska Kasa Budżetowa;Przychód Krajowy Brutto;Prywatny Kapitał Bankowy
Matura Geografia;Usługi i Transport;bardzo trudne;Czym jest "tania bandera" w transporcie morskim?;Rejestrowanie statku w kraju o niskich podatkach (np. Panama);Malowanie statków na jaskrawe kolory;Darmowy transport dla turystów;Brak opłat portowych
Matura Geografia;Usługi i Transport;bardzo trudne;Czym jest outsourcing?;Zlecaniem części zadań firmy podmiotom zewnętrznym;Sprzedażą towarów za granicę;Zatrudnianiem obcokrajowców;Budową nowych fabryk
Matura Geografia;Usługi i Transport;bardzo trudne;Czym jest turystyka biznesowa (MICE)?;Wyjazdami na konferencje, targi i spotkania służbowe;Wypoczynkiem na plaży;Zwiedzaniem muzeów;Wyjazdami na narty
Matura Geografia;Usługi i Transport;bardzo trudne;Jak nazywa się proces integracji gospodarek świata poprzez swobodny przepływ kapitału, towarów i usług?;Globalizacja;Protekcjonizm;Regionalizacja;Liberalizm
Matura Geografia;Usługi i Transport;bardzo trudne;Jak nazywa się system nawigacji satelitarnej rozwijany przez Unię Europejską?;Galileo;GPS;GLONASS;Beidou
Matura Geografia;Usługi i Transport;bardzo trudne;Jak nazywa się transport polegający na przesyłaniu rurociągami cieczy lub gazów?;Transport przesyłowy;Transport intermodalny;Transport kombinowany;Logistyka
Matura Geografia;Usługi i Transport;bardzo trudne;Jak nazywa się węzeł komunikacyjny, w którym krzyżują się szlaki transportowe różnych rodzajów?;Hub (Węzeł transportowy);Przystanek;Terminal;Zajezdnia
Matura Geografia;Usługi i Transport;trudne;Co oznacza pojęcie "wykluczenie cyfrowe"?;Brak dostępu lub umiejętności korzystania z nowoczesnych technologii (internet);Zakaz używania telefonów;Brak prądu w domu;Wysokie ceny komputerów
Matura Geografia;Usługi i Transport;trudne;Co oznacza skrót PKB (Produkt Krajowy Brutto)?;Wartość wytworzonych towarów i usług w kraju w ciągu roku;Średnia płaca w państwie;Suma oszczędności obywateli;Wartość eksportu pomniejszona o import
Matura Geografia;Usługi i Transport;trudne;Co oznacza wskaźnik PKB per capita?;Wartość produktu krajowego brutto w przeliczeniu na jednego mieszkańca;Całkowite zarobki rządu;Dług publiczny;Wartość eksportu
Matura Geografia;Usługi i Transport;trudne;Jak nazywa się najdłuższa linia kolejowa świata łącząca Moskwę z Władywostokiem?;Kolej Transsyberyjska;Orient Express;Kolej Tybetańska;TGV
Matura Geografia;Usługi i Transport;trudne;Jak nazywa się wskaźnik mierzący poziom rozwoju społeczno-gospodarczego kraju (bierze pod uwagę m.in. długość życia i edukację)?;HDI;PKB;Parytet siły nabywczej;Wskaźnik Giniego
Matura Geografia;Usługi i Transport;trudne;Jak nazywa się wskaźnik poziomu rozwoju kraju uwzględniający PKB, edukację i długość życia?;HDI;PKB;Wskaźnik Giniego;Parytet siły nabywczej
Matura Geografia;Usługi i Transport;trudne;Który rodzaj transportu jest najbardziej ekologiczny przy przewozie towarów masowych?;Transport kolejowy;Transport samochodowy;Transport lotniczy;Transport morski
Matura Geografia;Usługi i Transport;trudne;Który rodzaj transportu jest najdroższy, ale najszybszy?;Lotniczy;Kolejowy;Morski;Samochodowy
Matura Geografia;Usługi i Transport;łatwe;Do którego sektora gospodarki zaliczamy handel i turystykę?;III sektor (usługi);I sektor (rolnictwo);II sektor (przemysł);IV sektor (informacja)
Matura Geografia;Usługi i Transport;łatwe;Do którego sektora gospodarki zaliczamy handel, transport, edukację i turystykę?;III sektor (usługi);I sektor;II sektor;IV sektor
Matura Geografia;Usługi i Transport;łatwe;Jak nazywa się handel polegający na sprzedaży towarów za granicę?;Eksport;Import;Reeksport;Tranzyt
Matura Geografia;Usługi i Transport;łatwe;Jak nazywa się sektor gospodarki obejmujący bankowość, edukację i turystykę?;Sektor usług;Rolnictwo;Przemysł;Budownictwo
Matura Geografia;Hydrosfera;bardzo trudne;Gdzie w Polsce występują największe baseny wód artezyjskich i subartezyjskich?;Niecka Mazowiecka;Niecka Łódzka;Wyżyna Lubelska;Nizina Śląska
Matura Geografia;Hydrosfera;bardzo trudne;Jak nazywa się górna granica warstwy nasyconej wodą w gruncie?;Zwierciadło wód podziemnych;Poziom infiltracji;Strefa aeracji;Opoka wodna
Matura Geografia;Hydrosfera;trudne;Co to jest krasowienie?;Rozpuszczanie skał węglanowych przez wodę z dwutlenkiem węgla;Wypłukiwanie piasku przez rzeki;Zamarzanie wody w szczelinach skalnych;Parowanie wody z gleby
Matura Geografia;Hydrosfera;trudne;Jak nazywają się wody podziemne występujące między dwiema warstwami nieprzepuszczalnymi, będące pod ciśnieniem hydrostatycznym?;Wody artezyjskie;Wody wgłębne;Wody gruntowe;Wody przypowierzchniowe
Matura Geografia;Hydrosfera;łatwe;Jak nazywa się warstwa skalna, która nie przepuszcza wody?;Warstwa nieprzepuszczalna;Warstwa wodonośna;Zwierciadło wody;Strefa saturacji
Matura Geografia;Gospodarka Światowa;bardzo trudne;Czym są Specjalne Strefy Ekonomiczne (SSE)?;Wyznaczonymi obszarami z ulgami podatkowymi dla inwestorów;Miejscami, gdzie nie wolno budować fabryk;Terenami przeznaczonymi tylko pod rolnictwo;Parkami narodowymi o znaczeniu gospodarczym
Matura Geografia;Gospodarka Światowa;bardzo trudne;Jak nazywa się polski koncern energetyczny będący największą firmą w Europie Środkowo-Wschodniej?;Orlen;KGHM;PGE;Lotos
Matura Geografia;Gospodarka Światowa;trudne;Co oznacza termin "restrukturyzacja przemysłu" w Polsce po 1989 roku?;Unowocześnienie produkcji i odejście od przemysłu ciężkiego;Budowa nowych kopalń węgla;Zakaz importu towarów;Nacjonalizacja prywatnych firm
Matura Geografia;Gospodarka Światowa;trudne;Który produkt jest jednym z głównych polskich towarów eksportowych w branży spożywczej?;Mięso drobiowe i owoce;Egzotyczne przyprawy;Kawa i herbata;Ryż
Matura Geografia;Gospodarka Światowa;łatwe;Jaki sektor gospodarki dominuje w tworzeniu polskiego PKB?;Usługi;Przemysł ciężki;Rolnictwo;Górnictwo
Matura Geografia;Urbanizacja i Osadnictwo;bardzo trudne;Czym jest "smart city"?;Miastem wykorzystującym technologie informacyjne do zarządzania infrastrukturą i usługami;Miastem tylko dla naukowców;Miastem bez samochodów;Miastem, w którym nie płaci się podatków
Matura Geografia;Urbanizacja i Osadnictwo;bardzo trudne;Jak nazywa się proces ponownego wzrostu liczby ludności centrów miast po okresie ich wyludnienia?;Reurbanizacja;Suburbanizacja;Kontrurbanizacja;Nadurbanizacja
Matura Geografia;Urbanizacja i Osadnictwo;trudne;Co oznacza termin "gentryfikacja"?;Zmianę charakteru dzielnicy z robotniczej na luksusową, co wypiera uboższych mieszkańców;Budowę nowych fabryk;Wyludnianie się miast;Sadzenie drzew w centrach
Matura Geografia;Urbanizacja i Osadnictwo;trudne;Jak nazywa się zjawisko powstawania "miast-sypialni"?;Suburbanizacja;Rewitalizacja;Industrializacja;Deglomeracja
Matura Geografia;Urbanizacja i Osadnictwo;łatwe;Jak nazywają się dzielnice nędzy powstające na obrzeżach wielkich metropolii w krajach rozwijających się?;Slumsy (favele, townshipy);Apartamentowce;Przedmieścia;Centra biznesowe
Matura Geografia;Współczesne Problemy Społeczne;bardzo trudne;Co oznacza termin "segregacja rasowa" (historycznie np. Apartheid w RPA)?;Prawne odseparowanie grup ludności ze względu na kolor skóry;Mieszanie się różnych nacji;Pomoc humanitarna dla mniejszości;Równość wszystkich obywateli
Matura Geografia;Współczesne Problemy Społeczne;bardzo trudne;Który wskaźnik statystyczny określa stopień nierówności w podziale dochodów w państwie?;Współczynnik Giniego;HDI;PKB;Stopa bezrobocia
Matura Geografia;Współczesne Problemy Społeczne;trudne;Czym jest analfabetyzm funkcjonalny?;Niemożnością zrozumienia prostych instrukcji mimo umiejętności czytania;Brakiem umiejętności pisania w ogóle;Niewiedzą o świecie;Brakiem dostępu do internetu
Matura Geografia;Współczesne Problemy Społeczne;trudne;Która religia ma najwięcej wyznawców na świecie?;Chrześcijaństwo;Islam;Hinduizm;Buddyzm
Matura Geografia;Współczesne Problemy Społeczne;łatwe;Jak nazywa się zjawisko przenikania się kultur i wzorców zachowań na całym świecie?;Globalizacja kulturowa;Rasizm;Segregacja;Izolacjonizm
Matura Geografia;Organizacje Międzynarodowe i UE;bardzo trudne;Jak nazywa się Inicjatywa Trójmorza?;Projekt współpracy 12 państw UE leżących między Bałtykiem, Adriatykiem i Morzem Czarnym;Związek producentów statków;Organizacja ekologiczna;Sojusz obronny z USA
Matura Geografia;Organizacje Międzynarodowe i UE;bardzo trudne;Jakie znaczenie dla polskiej gospodarki mają Specjalne Strefy Ekonomiczne?;Przyciągają zagraniczne inwestycje i tworzą miejsca pracy w regionach o wysokim bezrobociu;Są miejscem wydobycia surowców;Służą tylko do wypoczynku;Są zamkniętymi strefami wojskowymi
Matura Geografia;Organizacje Międzynarodowe i UE;trudne;Co to jest saldo bilansu handlowego?;Różnica między wartością eksportu a importu;Suma wszystkich podatków;Liczba turystów;Wartość produkcji rolniczej
Matura Geografia;Organizacje Międzynarodowe i UE;trudne;Który towar dominuje w polskim eksporcie?;Maszyny, urządzenia i sprzęt transportowy;Zboża i mąka;Ropa naftowa;Surowe drewno
Matura Geografia;Organizacje Międzynarodowe i UE;łatwe;Który kraj jest największym partnerem handlowym Polski (największy eksport i import)?;Niemcy;Czechy;Chiny;Rosja
Matura Geografia;Litosfera i Procesy Rzeźbotwórcze;bardzo trudne;Czym różni się wulkanizm od plutonizmu?;Wulkanizm to procesy na powierzchni, plutonizm to procesy wewnątrz skorupy;To synonimy;Wulkanizm dotyczy tylko lawy, plutonizm tylko gazów;Wulkanizm występuje tylko na lądzie
Matura Geografia;Litosfera i Procesy Rzeźbotwórcze;bardzo trudne;Jak nazywa się największy obszar aktywności sejsmicznej i wulkanicznej na świecie, otaczający Ocean Spokojny?;Ognisty Pierścień Pacyfiku;Grzbiet Śródatlantycki;Rów Mariański;Płyta Euroazjatycka
Matura Geografia;Litosfera i Procesy Rzeźbotwórcze;trudne;Jak nazywa się gwałtowna fala morska wywołana podwodnym trzęsieniem ziemi lub wybuchem wulkanu?;Tsunami;Pływ;Szejsza;Prąd głębinowy
Matura Geografia;Litosfera i Procesy Rzeźbotwórcze;trudne;Która skala służy do opisywania wielkości (magnitudy) trzęsienia ziemi na podstawie energii fal?;Skala Richtera;Skala Mercallego;Skala Mohsa;Skala Beauforta
Matura Geografia;Litosfera i Procesy Rzeźbotwórcze;łatwe;Jak nazywa się miejsce wewnątrz Ziemi, w którym dochodzi do wyzwolenia energii i powstania fal sejsmicznych?;Hipocentrum;Epicentrum;Stożek wulkaniczny;Krater
Matura Geografia;Hydrosfera;bardzo trudne;Co to jest deficyt wody?;Sytuacja, w której zapotrzebowanie na wodę przewyższa dostępne zasoby;Nadmiar wody prowadzący do powodzi;Woda niezdatna do picia;Wysokie ceny wody w miastach
Matura Geografia;Hydrosfera;bardzo trudne;Jak nazywa się zjawisko "ucieczki" wód podziemnych i wysychania studni na terenach kopalni odkrywkowych?;Lej depresji;Eutrofizacja;Infiltracja;Abrazja
Matura Geografia;Hydrosfera;trudne;Gdzie w Polsce znajdują się największe zbiorniki retencyjne (sztuczne jeziora)?;W górach i na pogórzach (np. Solina);Na wybrzeżu Bałtyku;Na nizinach środkowopolskich;W Puszczy Białowieskiej
Matura Geografia;Hydrosfera;trudne;Jaki jest główny kierunek wykorzystania wody w Polsce?;Przemysł (w tym energetyka);Rolnictwo i nawadnianie;Potrzeby komunalne (domowe);Turystyka
Matura Geografia;Hydrosfera;łatwe;Jakie są główne zasoby wodne Polski na tle innych krajów Europy?;Niskie (Polska jest krajem ubogim w wodę);Bardzo wysokie;Średnie;Najwyższe w Europie
Matura Geografia;Litosfera i Procesy Rzeźbotwórcze;bardzo trudne;Jak nazywają się piaszczyste równiny usypane przez wody fluwioglacjalne na przedpolu lądolodu?;Sandry;Drumliny;Kemy;Ozy
Matura Geografia;Litosfera i Procesy Rzeźbotwórcze;bardzo trudne;Które zlodowacenie miało największy zasięg terytorialny w Polsce?;Zlodowacenie południowopolskie (Sanu);Zlodowacenie środkowopolskie;Zlodowacenie północnopolskie (Wisły);Zlodowacenie Narwi
Matura Geografia;Litosfera i Procesy Rzeźbotwórcze;trudne;Jak nazywa się rzeźba terenu powstała na obszarach, które były przykryte lądolodem podczas ostatniego zlodowacenia?;Rzeźba młodoglacjalna;Rzeźba staroglacjalna;Rzeźba krasowa;Rzeźba eoliczna
Matura Geografia;Litosfera i Procesy Rzeźbotwórcze;trudne;Jak nazywają się szerokie doliny, którymi płynęły wody z topniejącego lądolodu w kierunku zachodnim?;Pradoliny;Rynny polodowcowe;Doliny V-kształtne;Przełomy rzeczne
Matura Geografia;Litosfera i Procesy Rzeźbotwórcze;łatwe;Jak nazywa się materiał skalny (glina, piasek, głazy) osadzony bezpośrednio przez lądolód?;Morena;Sandr;Pradolina;Ozu
Matura Geografia;Geografia Polityczna i Konflikty;bardzo trudne;Która republika po rozpadzie ZSRR zachowała Królewiec jako swoją eksklawę?;Rosja;Litwa;Białoruś;Ukraina
Matura Geografia;Geografia Polityczna i Konflikty;bardzo trudne;Które państwo azjatyckie po II wojnie światowej zostało podzielone wzdłuż 38. równoleżnika?;Korea;Wietnam;Indie;Chiny
Matura Geografia;Geografia Polityczna i Konflikty;trudne;Jak nazywał się proces łączenia RFN i NRD w jedno państwo w 1990 roku?;Zjednoczenie Niemiec;Jesień Ludów;Aksamitna Rewolucja;Anszlus
Matura Geografia;Geografia Polityczna i Konflikty;trudne;Który kraj powstał po rozpadzie Jugosławii i jako ostatni (2013) dołączył do UE?;Chorwacja;Serbia;Słowenia;Macedonia Północna
Matura Geografia;Geografia Polityczna i Konflikty;łatwe;Które państwo w Europie rozpadło się pokojowo w 1993 roku na dwa oddzielne kraje?;Czechosłowacja;Jugosławia;ZSRR;Niemcy
Matura Geografia;Gospodarka Światowa;łatwe;Co określa wskaźnik PKB?;Wartość wszystkich wytworzonych dóbr i usług w kraju w danym czasie;Liczbę ludności kraju;Poziom zadowolenia obywateli;Ilość wyeksportowanych towarów
Matura Geografia;Gospodarka Światowa;łatwe;Które państwo ma obecnie największe PKB nominalne na świecie?;USA;Chiny;Japonia;Niemcy
Matura Geografia;Gospodarka Światowa;łatwe;Czym jest PKB per capita?;Wartością PKB przypadającą na jednego mieszkańca;Całkowitym zadłużeniem państwa;Wartością importu na osobę;Średnim wynagrodzeniem w sektorze usług
Matura Geografia;Gospodarka Światowa;łatwe;Jak nazywa się wskaźnik mierzący poziom rozwoju społeczno-gospodarczego (obejmuje PKB, edukację i długość życia)?;HDI;BMI;PKB;WIG
Matura Geografia;Gospodarka Światowa;trudne;Co to jest parytet siły nabywczej (PPP) w kontekście PKB?;Sposób przeliczenia PKB uwzględniający różnice w cenach między krajami;Kurs wymiany walut w kantorach;Podatek od transakcji międzynarodowych;Wartość eksportu pomniejszona o import
Matura Geografia;Gospodarka Światowa;trudne;Która organizacja zrzesza najbardziej rozwinięte gospodarczo kraje świata (tzw. klub bogatych państw)?;OECD;UNESCO;WHO;UNICEF
Matura Geografia;Gospodarka Światowa;trudne;Czym różni się PNB (Produkt Narodowy Brutto) od PKB?;PNB uwzględnia dochody obywateli danego kraju uzyskane za granicą;PNB dotyczy tylko rolnictwa;PKB jest zawsze wyższe od PNB o 10%;PKB uwzględnia tylko sektor prywatny
Matura Geografia;Gospodarka Światowa;trudne;W jakiej fazie cyklu koniunkturalnego PKB kraju spada przez co najmniej dwa kwartały?;Recesja;Ożywienie;Hossa;Rozkwit
Matura Geografia;Gospodarka Światowa;bardzo trudne;Który kraj afrykański posiada jedno z najwyższych PKB w przeliczeniu na mieszkańca dzięki wydobyciu diamentów?;Botswana;Nigeria;Etiopia;Demokratyczna Republika Konga
Matura Geografia;Gospodarka Światowa;bardzo trudne;Co oznacza skrót GNI?;Dochód Narodowy Brutto;Globalna Norma Inwestycyjna;Główny Nakład Innowacyjny;Gospodarczy Numer Identyfikacyjny
Matura Geografia;Gospodarka Światowa;bardzo trudne;Która z gospodarek świata jest zaliczana do krajów BRICS?;Indie;Kanada;Australia;Francja
Matura Geografia;Gospodarka Światowa;bardzo trudne;Czym jest "pułapka średniego dochodu"?;Sytuacją, w której kraj po osiągnięciu pewnego poziomu rozwoju przestaje się bogacić;Zbyt niskimi podatkami dla klasy średniej;Koniecznością spłaty długów zaciągniętych w bankach światowych;Brakiem rąk do pracy w rolnictwie
Matura Geografia;Gospodarka Światowa;łatwe;Która waluta jest najczęściej używana w rozliczeniach międzynarodowych?;Dolar amerykański;Funt szterling;Juan chiński;Frank szwajcarski
Matura Geografia;Gospodarka Światowa;trudne;Który kraj europejski nie należy do Unii Europejskiej, ale ma bardzo wysokie PKB per capita?;Norwegia;Szwecja;Finlandia;Austria
Matura Geografia;Gospodarka Światowa;bardzo trudne;Co oznacza termin "tercjalizacja gospodarki"?;Wzrost udziału usług w strukturze PKB i zatrudnienia;Przejście z produkcji ręcznej na maszynową;Wzrost znaczenia rolnictwa;Proces nacjonalizacji prywatnych banków
Matura Geografia;Gospodarka Światowa;łatwe;Co określa wskaźnik PKB?;Wartość wszystkich wytworzonych dóbr i usług w kraju w danym czasie;Liczbę ludności kraju;Poziom zadowolenia obywateli;Ilość wyeksportowanych towarów
Matura Geografia;Gospodarka Światowa;łatwe;Które państwo ma obecnie największe PKB nominalne na świecie?;USA;Chiny;Japonia;Niemcy
Matura Geografia;Gospodarka Światowa;łatwe;Czym jest PKB per capita?;Wartością PKB przypadającą na jednego mieszkańca;Całkowitym zadłużeniem państwa;Wartością importu na osobę;Średnim wynagrodzeniem w sektorze usług
Matura Geografia;Gospodarka Światowa;łatwe;Jak nazywa się wskaźnik mierzący poziom rozwoju społeczno-gospodarczego (obejmuje PKB, edukację i długość życia)?;HDI;BMI;PKB;WIG
Matura Geografia;Gospodarka Światowa;trudne;Co to jest parytet siły nabywczej (PPP) w kontekście PKB?;Sposób przeliczenia PKB uwzględniający różnice w cenach między krajami;Kurs wymiany walut w kantorach;Podatek od transakcji międzynarodowych;Wartość eksportu pomniejszona o import
Matura Geografia;Gospodarka Światowa;trudne;Która organizacja zrzesza najbardziej rozwinięte gospodarczo kraje świata (tzw. klub bogatych państw)?;OECD;UNESCO;WHO;UNICEF
Matura Geografia;Gospodarka Światowa;trudne;Czym różni się PNB (Produkt Narodowy Brutto) od PKB?;PNB uwzględnia dochody obywateli danego kraju uzyskane za granicą;PNB dotyczy tylko rolnictwa;PKB jest zawsze wyższe od PNB o 10%;PKB uwzględnia tylko sektor prywatny
Matura Geografia;Gospodarka Światowa;trudne;W jakiej fazie cyklu koniunkturalnego PKB kraju spada przez co najmniej dwa kwartały?;Recesja;Ożywienie;Hossa;Rozkwit
Matura Geografia;Gospodarka Światowa;bardzo trudne;Który kraj afrykański posiada jedno z najwyższych PKB w przeliczeniu na mieszkańca dzięki wydobyciu diamentów?;Botswana;Nigeria;Etiopia;Demokratyczna Republika Konga
Matura Geografia;Gospodarka Światowa;bardzo trudne;Co oznacza skrót GNI?;Dochód Narodowy Brutto;Globalna Norma Inwestycyjna;Główny Nakład Innowacyjny;Gospodarczy Numer Identyfikacyjny
Matura Geografia;Gospodarka Światowa;bardzo trudne;Która z gospodarek świata jest zaliczana do krajów BRICS?;Indie;Kanada;Australia;Francja
Matura Geografia;Gospodarka Światowa;bardzo trudne;Czym jest "pułapka średniego dochodu"?;Sytuacją, w której kraj po osiągnięciu pewnego poziomu rozwoju przestaje się bogacić;Zbyt niskimi podatkami dla klasy średniej;Koniecznością spłaty długów zaciągniętych w bankach światowych;Brakiem rąk do pracy w rolnictwie
Matura Geografia;Gospodarka Światowa;łatwe;Która waluta jest najczęściej używana w rozliczeniach międzynarodowych?;Dolar amerykański;Funt szterling;Juan chiński;Frank szwajcarski
Matura Geografia;Gospodarka Światowa;trudne;Który kraj europejski nie należy do Unii Europejskiej, ale ma bardzo wysokie PKB per capita?;Norwegia;Szwecja;Finlandia;Austria
Matura Geografia;Gospodarka Światowa;bardzo trudne;Co oznacza termin "tercjalizacja gospodarki"?;Wzrost udziału usług w strukturze PKB i zatrudnienia;Przejście z produkcji ręcznej na maszynową;Wzrost znaczenia rolnictwa;Proces nacjonalizacji prywatnych banków
Matura Geografia;Astronomia i Kartografia;łatwe;Ile planet liczy obecnie Układ Słoneczny, po degradacji Plutona w 2006 roku?;8;9;7;10
Matura Geografia;Astronomia i Kartografia;trudne;Jak nazywa się ruch Ziemi wokół Słońca, odpowiedzialny za następstwo pór roku?;Ruch obiegowy Ziemi;Ruch obrotowy Ziemi;Precesja;Nutacja
Matura Geografia;Astronomia i Kartografia;trudne;Ile stopni wynosi nachylenie osi ziemskiej do płaszczyzny orbity, odpowiedzialne za pory roku?;Około 23,5 stopnia;Około 15 stopni;Około 30 stopni;Około 45 stopni
Matura Geografia;Astronomia i Kartografia;bardzo trudne;Jak nazywa się zjawisko powolnej zmiany kierunku osi obrotu Ziemi, o okresie ok. 26 tysięcy lat?;Precesja;Nutacja;Libracja;Aberracja
Matura Geografia;Astronomia i Kartografia;bardzo trudne;Jak nazywa się rodzaj odwzorowania kartograficznego zachowującego powierzchnię pól, kosztem zniekształcenia kształtów?;Odwzorowanie równopolowe;Odwzorowanie wiernokątne;Odwzorowanie wiernoodległościowe;Odwzorowanie azymutalne
Matura Geografia;Litosfera i Procesy Rzeźbotwórcze;łatwe;Jak nazywa się zewnętrzna, skalna warstwa Ziemi, na której znajdują się kontynenty i dno oceanów?;Litosfera;Astenosfera;Atmosfera;Hydrosfera
Matura Geografia;Litosfera i Procesy Rzeźbotwórcze;trudne;Jak nazywa się proces rzeźbotwórczy polegający na niszczeniu i transporcie skał przez wiatr, wodę i lód?;Erozja;Sedymentacja;Wietrzenie;Denudacja
Matura Geografia;Litosfera i Procesy Rzeźbotwórcze;trudne;Jak nazywają się formy terenu powstałe w wyniku działalności lodowca, np. moreny?;Formy polodowcowe;Formy eoliczne;Formy krasowe;Formy fluwialne
Matura Geografia;Litosfera i Procesy Rzeźbotwórcze;bardzo trudne;Jak nazywa się proces rozpuszczania skał wapiennych przez wodę, prowadzący do powstawania jaskiń?;Krasowienie;Erozja eoliczna;Deflacja;Korazja
Matura Geografia;Litosfera i Procesy Rzeźbotwórcze;bardzo trudne;Jak nazywa się forma terenu powstała w wyniku nawiewania piasku przez wiatr, charakterystyczna dla pustyń?;Wydma;Morena;Drumlin;Ozy
Matura Geografia;Atmosfera i Klimat;łatwe;Jak nazywa się gazowa powłoka otaczająca Ziemię?;Atmosfera;Litosfera;Hydrosfera;Biosfera
Matura Geografia;Atmosfera i Klimat;trudne;Jak nazywa się najniższa warstwa atmosfery, w której zachodzą zjawiska pogodowe?;Troposfera;Stratosfera;Mezosfera;Jonosfera
Matura Geografia;Atmosfera i Klimat;trudne;Jak nazywa się linia na mapie łącząca miejsca o jednakowym ciśnieniu atmosferycznym?;Izobara;Izoterma;Izohieta;Izobata
Matura Geografia;Atmosfera i Klimat;bardzo trudne;Jak nazywa się cyrkulacja powietrza w strefie międzyzwrotnikowej, związana z wiatrami pasatowymi, opisana przez George'a Hadleya?;Komórka Hadleya;Komórka Ferrela;Komórka polarna;Cyrkulacja Walkera
Matura Geografia;Atmosfera i Klimat;bardzo trudne;Jak nazywa się cykliczne ocieplenie wód powierzchniowych wschodniego Pacyfiku, wpływające na klimat globalny?;El Niño;La Niña;Oscylacja południowa;Oscylacja arktyczna
Matura Geografia;Hydrosfera;łatwe;Jak nazywa się wodna powłoka Ziemi, obejmująca oceany, morza, rzeki i jeziora?;Hydrosfera;Atmosfera;Litosfera;Biosfera
Matura Geografia;Hydrosfera;trudne;Jak nazywa się obszar, z którego wody spływają do jednej rzeki lub jeziora?;Dorzecze;Delta;Estuarium;Meander
Matura Geografia;Hydrosfera;trudne;Jak nazywa się cykliczny obieg wody w przyrodzie, obejmujący parowanie, kondensację i opady?;Cykl hydrologiczny;Cykl biogeochemiczny;Cykl węglowy;Cykl azotowy
Matura Geografia;Hydrosfera;bardzo trudne;Jak nazywa się warstwa wodonośna znajdująca się pod ciśnieniem między dwiema warstwami nieprzepuszczalnymi?;Wody artezyjskie;Wody gruntowe;Wody juwenilne;Wody kapilarne
Matura Geografia;Hydrosfera;bardzo trudne;Jak nazywa się ciepły prąd morski płynący wzdłuż wschodniego wybrzeża Ameryki Północnej, ogrzewający klimat Europy Zachodniej?;Prąd Zatokowy;Prąd Labradorski;Prąd Kalifornijski;Prąd Humboldta
Matura Geografia;Gleby i Biosfera;łatwe;Jak nazywa się wierzchnia, żyzna warstwa ziemi, w której rosną rośliny?;Gleba;Podłoże skalne;Ruń;Ściółka
Matura Geografia;Gleby i Biosfera;trudne;Jak nazywa się typ gleby charakterystyczny dla lasów strefy umiarkowanej, powstający pod wpływem wymywania składników?;Gleba bielicowa;Czarnoziem;Rędzina;Mada
Matura Geografia;Gleby i Biosfera;trudne;Jak nazywają się najbardziej żyzne gleby świata, charakterystyczne dla stepów, np. na Ukrainie?;Czarnoziemy;Bielice;Rędziny;Mady
Matura Geografia;Gleby i Biosfera;bardzo trudne;Jak nazywa się proces przekształcania materii organicznej w próchnicę glebową?;Humifikacja;Bielicowanie;Laterytyzacja;Salinizacja
Matura Geografia;Gleby i Biosfera;bardzo trudne;Jak nazywa się proces degradacji gleb w warunkach tropikalnych, prowadzący do powstania twardej skorupy żelazisto-glinowej?;Laterytyzacja;Bielicowanie;Humifikacja;Salinizacja
Matura Geografia;Demografia i Ludność;łatwe;Jak nazywa się nauka zajmująca się badaniem ludności, jej liczby, struktury i zmian?;Demografia;Geografia społeczna;Socjologia;Antropologia
Matura Geografia;Demografia i Ludność;trudne;Jak nazywa się wskaźnik przedstawiający liczbę urodzeń na 1000 mieszkańców w danym okresie?;Współczynnik urodzeń;Współczynnik przyrostu naturalnego;Współczynnik zgonów;Współczynnik dzietności
Matura Geografia;Demografia i Ludność;trudne;Jak nazywa się graficzne przedstawienie struktury wieku i płci ludności danego obszaru?;Piramida wieku;Wykres Lorenza;Diagram Pareto;Krzywa demograficzna
Matura Geografia;Demografia i Ludność;bardzo trudne;Jak nazywa się model opisujący etapy przemian demograficznych społeczeństw wraz z rozwojem gospodarczym?;Model przejścia demograficznego;Model Malthusa;Model Rostowa;Model Webera
Matura Geografia;Demografia i Ludność;bardzo trudne;Jak nazywa się teoria Thomasa Malthusa z 1798 roku dotycząca relacji między wzrostem ludności a produkcją żywności?;Teoria maltuzjańska;Model przejścia demograficznego;Prawo Zipfa;Model Christallera
Matura Geografia;Urbanizacja i Osadnictwo;łatwe;Jak nazywa się proces wzrostu liczby ludności miejskiej i rozwoju miast?;Urbanizacja;Suburbanizacja;Deglomeracja;Dezurbanizacja
Matura Geografia;Urbanizacja i Osadnictwo;trudne;Jak nazywa się proces przenoszenia się ludności z centrów miast na tereny podmiejskie?;Suburbanizacja;Urbanizacja;Reurbanizacja;Deglomeracja
Matura Geografia;Urbanizacja i Osadnictwo;trudne;Jak nazywa się układ osadniczy, w którym kilka miast zrasta się w jeden organizm miejski, np. Górnośląski Okręg Przemysłowy?;Konurbacja;Metropolia;Aglomeracja;Megalopolis
Matura Geografia;Urbanizacja i Osadnictwo;bardzo trudne;Jak nazywa się teoria Waltera Christallera z 1933 roku, wyjaśniająca hierarchię ośrodków osadniczych za pomocą sześciokątnych obszarów obsługi?;Teoria ośrodków centralnych;Model Von Thünena;Model Webera;Prawo Zipfa
Matura Geografia;Urbanizacja i Osadnictwo;bardzo trudne;Jak nazywa się prawidłowość mówiąca, że wielkość miasta jest odwrotnie proporcjonalna do jego rangi w hierarchii miast danego kraju?;Reguła rangi i wielkości;Teoria ośrodków centralnych;Model Von Thünena;Krzywa Lorenza
Matura Geografia;Rolnictwo i Wyżywienie;łatwe;Jak nazywa się dział gospodarki zajmujący się uprawą roślin i hodowlą zwierząt?;Rolnictwo;Leśnictwo;Rybołówstwo;Przemysł spożywczy
Matura Geografia;Rolnictwo i Wyżywienie;trudne;Jak nazywa się system upraw polegający na wypaleniu lasu pod pole uprawne, stosowany m.in. w strefie równikowej?;Rolnictwo żarowo-odłogowe;Rolnictwo irygacyjne;Rolnictwo plantacyjne;Rolnictwo ekstensywne
Matura Geografia;Rolnictwo i Wyżywienie;trudne;Jak nazywa się rewolucja w rolnictwie z lat 60. XX wieku, polegająca na wprowadzeniu wysokoplennych odmian roślin i mechanizacji?;Zielona rewolucja;Rewolucja agrarna;Rewolucja przemysłowa;Rewolucja neolityczna
Matura Geografia;Rolnictwo i Wyżywienie;bardzo trudne;Jak nazywa się model Johanna Heinricha von Thünena z 1826 roku, opisujący rozmieszczenie typów rolnictwa wokół miasta w zależności od kosztów transportu?;Model Von Thünena;Teoria ośrodków centralnych;Model Webera;Prawo Zipfa
Matura Geografia;Rolnictwo i Wyżywienie;bardzo trudne;Jak nazywa się wskaźnik określający udział ludności niedożywionej w populacji danego kraju, stosowany m.in. przez FAO?;Wskaźnik niedożywienia;Wskaźnik HDI;Wskaźnik Giniego;Wskaźnik PKB per capita
Matura Geografia;Przemysł i Energetyka;łatwe;Jak nazywa się dział gospodarki zajmujący się wydobyciem surowców i produkcją dóbr?;Przemysł;Rolnictwo;Usługi;Handel
Matura Geografia;Przemysł i Energetyka;trudne;Jak nazywa się elektrownia wykorzystująca energię spadku wody do produkcji prądu?;Elektrownia wodna;Elektrownia wiatrowa;Elektrownia geotermalna;Elektrownia pływowa
Matura Geografia;Przemysł i Energetyka;trudne;Jak nazywa się proces przenoszenia zakładów przemysłowych z krajów wysoko rozwiniętych do krajów rozwijających się, ze względu na niższe koszty?;Delokalizacja przemysłu;Deglomeracja;Dekoncentracja;Deindustrializacja
Matura Geografia;Przemysł i Energetyka;bardzo trudne;Jak nazywa się teoria Alfreda Webera z 1909 roku, wyjaśniająca optymalną lokalizację zakładu przemysłowego na podstawie minimalizacji kosztów transportu?;Teoria lokalizacji przemysłu Webera;Model Von Thünena;Teoria ośrodków centralnych;Prawo Zipfa
Matura Geografia;Przemysł i Energetyka;bardzo trudne;Jak nazywa się elektrownia wykorzystująca różnicę temperatur wnętrza Ziemi do produkcji energii, powszechna np. na Islandii?;Elektrownia geotermalna;Elektrownia wodna;Elektrownia pływowa;Elektrownia solarna
Matura Geografia;Usługi i Transport;łatwe;Jak nazywa się sektor gospodarki obejmujący handel, edukację, opiekę zdrowotną i transport?;Sektor usług;Sektor przemysłowy;Sektor rolniczy;Sektor wydobywczy
Matura Geografia;Usługi i Transport;trudne;Jak nazywa się rodzaj transportu wykorzystujący rurociągi do przesyłu ropy naftowej lub gazu?;Transport rurociągowy;Transport kolejowy;Transport morski;Transport lotniczy
Matura Geografia;Usługi i Transport;trudne;Jak nazywa się największy pod względem przeładunków port kontenerowy świata, znajdujący się w Chinach?;Port w Szanghaju;Port w Singapurze;Port w Rotterdamie;Port w Hongkongu
Matura Geografia;Usługi i Transport;bardzo trudne;Jak nazywa się kanał łączący Morze Śródziemne z Morzem Czerwonym, skracający drogę morską między Europą a Azją?;Kanał Sueski;Kanał Panamski;Kanał Kiloński;Kanał Koryncki
Matura Geografia;Usługi i Transport;bardzo trudne;Jak nazywa się wskaźnik mierzący dostępność transportową danego obszaru, uwzględniający gęstość i jakość sieci komunikacyjnej?;Wskaźnik dostępności transportowej;Wskaźnik gęstości sieci drogowej;Wskaźnik Giniego;Wskaźnik HDI
Matura Geografia;Gospodarka Światowa;łatwe;Jak nazywa się wskaźnik mierzący łączną wartość dóbr i usług wytworzonych w kraju w ciągu roku?;Produkt Krajowy Brutto;Produkt Narodowy Netto;Bilans handlowy;Wskaźnik inflacji
Matura Geografia;Gospodarka Światowa;trudne;Jak nazywa się grupa najbardziej uprzemysłowionych gospodarczo państw świata, spotykających się na dorocznych szczytach?;G7;G20;BRICS;OECD
Matura Geografia;Gospodarka Światowa;trudne;Jak nazywa się organizacja międzynarodowa regulująca zasady handlu między państwami członkowskimi?;Światowa Organizacja Handlu;Międzynarodowy Fundusz Walutowy;Bank Światowy;OECD
Matura Geografia;Gospodarka Światowa;bardzo trudne;Jak nazywa się wskaźnik rozwoju społecznego łączący dochód, edukację i długość życia, publikowany przez ONZ?;Wskaźnik Rozwoju Społecznego;Wskaźnik Giniego;Wskaźnik PKB per capita;Happy Planet Index
Matura Geografia;Gospodarka Światowa;bardzo trudne;Jak nazywa się grupa gospodarek wschodzących obejmująca Brazylię, Rosję, Indie, Chiny i RPA?;BRICS;G7;Tygrysy Azjatyckie;MINT
Matura Geografia;Geografia Polityczna i Konflikty;łatwe;Jak nazywa się organizacja międzynarodowa zrzeszająca prawie wszystkie państwa świata, zajmująca się utrzymaniem pokoju?;Organizacja Narodów Zjednoczonych;NATO;Unia Europejska;Rada Europy
Matura Geografia;Geografia Polityczna i Konflikty;trudne;Jak nazywa się umowna linia na mapie politycznej, oddzielająca terytoria dwóch państw?;Granica państwowa;Strefa buforowa;Linia demarkacyjna;Enklawa
Matura Geografia;Geografia Polityczna i Konflikty;trudne;Jak nazywa się terytorium jednego państwa całkowicie otoczone terytorium innego państwa?;Enklawa;Eksklawa;Kondominium;Protektorat
Matura Geografia;Geografia Polityczna i Konflikty;bardzo trudne;Jak nazywa się nauka badająca wpływ czynników geograficznych na politykę i stosunki międzynarodowe?;Geopolityka;Geostrategia;Geoekonomia;Politologia
Matura Geografia;Geografia Polityczna i Konflikty;bardzo trudne;Jak nazywa się sporne terytorium między Indiami a Pakistanem, będące przyczyną wielu konfliktów zbrojnych od 1947 roku?;Kaszmir;Pendżab;Beludżystan;Sindh
Matura Geografia;Organizacje Międzynarodowe i UE;łatwe;Ile państw obecnie liczy Unia Europejska po wystąpieniu Wielkiej Brytanii?;27;28;25;30
Matura Geografia;Organizacje Międzynarodowe i UE;trudne;Jak nazywa się wspólna waluta większości krajów Unii Europejskiej?;Euro;Ecu;Frank;Talar
Matura Geografia;Organizacje Międzynarodowe i UE;trudne;Jak nazywa się sojusz wojskowy państw Europy Zachodniej i Ameryki Północnej, do którego Polska należy od 1999 roku?;NATO;Układ Warszawski;Unia Zachodnioeuropejska;OBWE
Matura Geografia;Organizacje Międzynarodowe i UE;bardzo trudne;Jak nazywa się strefa swobodnego przepływu osób między większością krajów UE, ze zniesioną kontrolą na granicach wewnętrznych?;Strefa Schengen;Unia Celna;Wspólny Rynek;Strefa Euro
Matura Geografia;Organizacje Międzynarodowe i UE;bardzo trudne;Jak nazywa się traktat z 1992 roku, na mocy którego formalnie utworzono Unię Europejską?;Traktat z Maastricht;Traktat rzymski;Traktat lizboński;Traktat amsterdamski
Matura Geografia;Ochrona Środowiska;łatwe;Jak nazywa się globalne zjawisko wzrostu średniej temperatury na Ziemi, spowodowane m.in. emisją gazów cieplarnianych?;Globalne ocieplenie;Efekt cieplarniany;Dziura ozonowa;Kwaśne deszcze
Matura Geografia;Ochrona Środowiska;trudne;Jak nazywa się międzynarodowe porozumienie klimatyczne z 2015 roku, mające ograniczyć wzrost globalnej temperatury poniżej 2°C?;Porozumienie paryskie;Protokół z Kioto;Szczyt Ziemi w Rio;Konwencja wiedeńska
Matura Geografia;Ochrona Środowiska;trudne;Jak nazywa się zjawisko ścieńczenia warstwy ozonowej w atmosferze, szczególnie nad Antarktydą?;Dziura ozonowa;Efekt cieplarniany;Smog fotochemiczny;Inwersja termiczna
Matura Geografia;Ochrona Środowiska;bardzo trudne;Jak nazywa się protokół z 1987 roku, ograniczający produkcję substancji niszczących warstwę ozonową?;Protokół montrealski;Protokół z Kioto;Porozumienie paryskie;Konwencja bazylejska
Matura Geografia;Ochrona Środowiska;bardzo trudne;Jak nazywa się międzynarodowa konwencja z 1971 roku dotycząca ochrony obszarów wodno-błotnych o znaczeniu międzynarodowym?;Konwencja ramsarska;Konwencja waszyngtońska (CITES);Konwencja bońska;Konwencja berneńska
Matura Geografia;Geografia Fizyczna Polski;łatwe;Jak nazywa się najdłuższa rzeka Polski?;Wisła;Odra;Warta;Bug
Matura Geografia;Geografia Fizyczna Polski;trudne;Jak nazywa się pasmo górskie stanowiące najwyższą część polskich Karpat?;Tatry;Bieszczady;Beskidy;Sudety
Matura Geografia;Geografia Fizyczna Polski;trudne;Jak nazywa się nizina, na której leży Warszawa, część Niziny Środkowopolskiej?;Nizina Mazowiecka;Nizina Śląska;Nizina Wielkopolska;Nizina Podlaska
Matura Geografia;Geografia Fizyczna Polski;bardzo trudne;Jak nazywa się region Polski zawierający najniżej położony punkt kraju, poniżej poziomu morza?;Żuławy Wiślane;Pojezierze Mazurskie;Nizina Śląska;Kotlina Sandomierska
Matura Geografia;Geografia Fizyczna Polski;bardzo trudne;Jak nazywa się pas rzeźby terenu Polski ukształtowany przez ostatnie zlodowacenie, obejmujący pojezierza?;Pas pojezierny;Pas nizin środkowopolskich;Pas wyżyn;Pas gór
Matura Geografia;Turystyka;łatwe;Jak nazywa się forma turystyki polegająca na zwiedzaniu miejsc związanych z dziedzictwem kulturowym, np. zabytków?;Turystyka kulturowa;Turystyka kwalifikowana;Agroturystyka;Turystyka biznesowa
Matura Geografia;Turystyka;trudne;Jak nazywa się forma turystyki polegająca na wypoczynku na wsi, w gospodarstwach rolnych?;Agroturystyka;Turystyka kwalifikowana;Turystyka tranzytowa;Turystyka uzdrowiskowa
Matura Geografia;Turystyka;trudne;Jak nazywa się organizacja ONZ zajmująca się promocją i statystyką turystyki międzynarodowej?;Światowa Organizacja Turystyki;UNESCO;UNICEF;WHO
Matura Geografia;Turystyka;bardzo trudne;Jak nazywa się wskaźnik funkcji turystycznej określający natężenie ruchu turystycznego względem liczby mieszkańców, opracowany przez Baretje'a i Deferta?;Wskaźnik Baretje'a-Deferta;Wskaźnik Schneidera;Wskaźnik Charvata;Współczynnik Giniego
Matura Geografia;Turystyka;bardzo trudne;Jak nazywa się zjawisko przekroczenia pojemności turystycznej danego miejsca, prowadzące do jego degradacji, np. w Wenecji czy Barcelonie?;Overtourism;Turystyka masowa;Turystyka zrównoważona;Gentryfikacja
Matura Geografia;Współczesne Problemy Społeczne;łatwe;Jak nazywa się zjawisko wyjazdu ludności z kraju ojczystego w celu osiedlenia się za granicą?;Emigracja;Imigracja;Migracja wewnętrzna;Repatriacja
Matura Geografia;Współczesne Problemy Społeczne;trudne;Jak nazywa się zjawisko starzenia się społeczeństwa, polegające na wzroście udziału osób starszych w populacji?;Starzenie się społeczeństwa;Depopulacja;Eksplozja demograficzna;Regres demograficzny
Matura Geografia;Współczesne Problemy Społeczne;trudne;Jak nazywa się różnica w dochodach i poziomie życia między krajami bogatej Północy a biedniejszym Południem?;Podział Północ-Południe;Trzeci Świat;Peryferie i centrum;Dywergencja gospodarcza
Matura Geografia;Współczesne Problemy Społeczne;bardzo trudne;Jak nazywa się wskaźnik mierzący nierówności dochodowe w społeczeństwie, przyjmujący wartości od 0 do 1?;Współczynnik Giniego;Wskaźnik HDI;Wskaźnik Theila;Krzywa Lorenza
Matura Geografia;Współczesne Problemy Społeczne;bardzo trudne;Jak nazywa się teoria opisująca podział świata na centrum, semiperyferie i peryferie, sformułowana przez Immanuela Wallersteina?;Teoria systemów-światów;Teoria zależności;Teoria modernizacji;Teoria konwergencji
Matura Geografia;Regiony Świata - Azja i Afryka;łatwe;Który kraj Azji ma obecnie największą liczbę ludności na świecie?;Indie;Chiny;Indonezja;Pakistan
Matura Geografia;Regiony Świata - Azja i Afryka;trudne;Jak nazywa się największa pustynia Afryki, zajmująca większość północnej części kontynentu?;Sahara;Kalahari;Namib;Pustynia Nubijska
Matura Geografia;Regiony Świata - Azja i Afryka;trudne;Jak nazywa się grupa krajów Azji, które w drugiej połowie XX wieku odnotowały gwałtowny wzrost gospodarczy: Korea Płd., Tajwan, Hongkong, Singapur?;Tygrysy Azjatyckie;BRICS;ASEAN;Tygrysy Bałtyckie
Matura Geografia;Regiony Świata - Azja i Afryka;bardzo trudne;Jak nazywa się organizacja gospodarcza i polityczna zrzeszająca kraje Azji Południowo-Wschodniej, utworzona w 1967 roku?;ASEAN;SAARC;APEC;Unia Afrykańska
Matura Geografia;Regiony Świata - Azja i Afryka;bardzo trudne;Jak nazywa się region Afryki Subsaharyjskiej ciągnący się wzdłuż południowej granicy Sahary, narażony na pustynnienie i suszę?;Sahel;Sawanna sudańska;Rift Wschodnioafrykański;Maghreb
Matura Geografia;Astronomia i Kartografia;łatwe;Jak nazywa się linia na mapie łącząca punkty o tej samej długości geograficznej?;Południk;Równoleżnik;Zwrotnik;Koło podbiegunowe
Matura Geografia;Astronomia i Kartografia;trudne;Jak nazywa się skala mapy wyrażona jako stosunek odległości na mapie do odległości w terenie?;Skala liczbowa;Skala mianowana;Skala liniowa;Podziałka
Matura Geografia;Astronomia i Kartografia;trudne;Jak nazywa się zjawisko dnia i nocy polarnej występujące w strefach okołobiegunowych?;Dzień i noc polarna;Zorza polarna;Zaćmienie;Precesja
Matura Geografia;Astronomia i Kartografia;bardzo trudne;Jak nazywa się zjawisko pozornej zmiany położenia gwiazd wynikające z ruchu obserwatora, wykorzystywane do pomiaru odległości do gwiazd?;Paralaksa;Aberracja;Precesja;Nutacja
Matura Geografia;Astronomia i Kartografia;bardzo trudne;Jak nazywa się linia łącząca miejsca o jednakowym czasie wystąpienia przypływu?;Izochrona kotydalna;Izobata;Izoterma;Izohipsa
Matura Geografia;Litosfera i Procesy Rzeźbotwórcze;łatwe;Jak nazywa się zewnętrzna warstwa Ziemi zbudowana ze skał?;Skorupa ziemska;Płaszcz;Jądro;Astenosfera
Matura Geografia;Litosfera i Procesy Rzeźbotwórcze;trudne;Jak nazywa się proces powolnego osiadania lub podnoszenia się skorupy ziemskiej w reakcji na zmiany obciążenia, np. topnienie lodowców?;Izostazja;Subdukcja;Orogeneza;Denudacja
Matura Geografia;Litosfera i Procesy Rzeźbotwórcze;trudne;Jak nazywa się forma rzeźby terenu powstała w wyniku akumulacji materiału przez lodowiec, w postaci wzgórza?;Morena;Ozy;Drumlin;Kem
Matura Geografia;Litosfera i Procesy Rzeźbotwórcze;bardzo trudne;Jak nazywa się wydłużone wzgórze o opływowym kształcie, uformowane pod poruszającym się lodowcem?;Drumlin;Morena;Oz;Kem
Matura Geografia;Litosfera i Procesy Rzeźbotwórcze;bardzo trudne;Jak nazywa się powolne przemieszczanie się zwietrzeliny w dół stoku pod wpływem grawitacji, bez udziału wody czy lodu?;Soliflukcja;Erozja;Deflacja;Abrazja
Matura Geografia;Atmosfera i Klimat;łatwe;Jak nazywa się warstwa atmosfery zawierająca ozon, chroniąca Ziemię przed promieniowaniem UV?;Stratosfera;Troposfera;Mezosfera;Termosfera
Matura Geografia;Atmosfera i Klimat;trudne;Jak nazywa się front atmosferyczny, na którym cieplejsze powietrze wypiera chłodniejsze?;Front ciepły;Front chłodny;Front okluzji;Front stacjonarny
Matura Geografia;Atmosfera i Klimat;trudne;Jak nazywa się zjawisko okresowego osłabienia pasatów i ocieplenia wód Pacyfiku, wpływające na klimat globalny?;El Niño;La Niña;Oscylacja arktyczna;Monsun
Matura Geografia;Atmosfera i Klimat;bardzo trudne;Jak nazywa się wiatr okresowo zmieniający kierunek w zależności od pory roku, typowy dla Azji Południowej?;Monsun;Pasat;Fen;Bora
Matura Geografia;Atmosfera i Klimat;bardzo trudne;Jak nazywa się suchy, ciepły wiatr wiejący z gór, powstający w wyniku efektu fenowego, znany m.in. w Tatrach?;Fen (halny);Bora;Mistral;Sirocco
Matura Geografia;Hydrosfera;łatwe;Jak nazywa się obszar lądu, z którego wszystkie wody spływają do jednego morza lub oceanu?;Zlewisko;Dorzecze;Delta;Estuarium
Matura Geografia;Hydrosfera;trudne;Jak nazywa się miejsce, gdzie rzeka wypływa spod ziemi lub z lodowca?;Źródło rzeki;Ujście;Delta;Estuarium
Matura Geografia;Hydrosfera;trudne;Jak nazywa się okresowe zalewanie terenów przybrzeżnych przez wodę morską pod wpływem sił grawitacyjnych Księżyca i Słońca?;Pływy morskie;Prądy morskie;Fale sejsmiczne;Cyrkulacja termohalinowa
Matura Geografia;Hydrosfera;bardzo trudne;Jak nazywa się warstwa wodonośna leżąca swobodnie, niepod ciśnieniem, najbliżej powierzchni ziemi?;Wody gruntowe;Wody artezyjskie;Wody juwenilne;Wody reliktowe
Matura Geografia;Hydrosfera;bardzo trudne;Jak nazywa się cyrkulacja wód oceanicznych napędzana różnicami temperatury i zasolenia, tzw. globalny "pas transmisyjny"?;Cyrkulacja termohalinowa;Cyrkulacja Walkera;Prąd Zatokowy;Upwelling
Matura Geografia;Gleby i Biosfera;łatwe;Jak nazywa się warstwa obumarłych szczątków roślinnych pokrywająca powierzchnię gleby w lesie?;Ściółka;Próchnica;Ruń;Humus
Matura Geografia;Gleby i Biosfera;trudne;Jak nazywa się gleba charakterystyczna dla obszarów podmokłych, bogata w torf?;Gleba torfowa;Bielica;Czarnoziem;Rędzina
Matura Geografia;Gleby i Biosfera;trudne;Jak nazywa się gleba powstająca na podłożu wapiennym, charakterystyczna dla obszarów krasowych?;Rędzina;Bielica;Czarnoziem;Mada
Matura Geografia;Gleby i Biosfera;bardzo trudne;Jak nazywa się proces gromadzenia się soli w wierzchnich warstwach gleby w klimatach suchych, prowadzący do jej degradacji?;Zasolenie gleb;Bielicowanie;Laterytyzacja;Humifikacja
Matura Geografia;Gleby i Biosfera;bardzo trudne;Jak nazywa się gleba aluwialna powstająca w dolinach rzek na skutek regularnych zalewów, żyzna i uprawiana?;Mada;Rędzina;Czarnoziem;Bielica
Matura Geografia;Demografia i Ludność;łatwe;Jak nazywa się wskaźnik określający liczbę mieszkańców przypadającą na jednostkę powierzchni?;Gęstość zaludnienia;Przyrost naturalny;Stopa urodzeń;Współczynnik dzietności
Matura Geografia;Demografia i Ludność;trudne;Jak nazywa się różnica między liczbą urodzeń a zgonów w danym okresie?;Przyrost naturalny;Przyrost rzeczywisty;Saldo migracji;Współczynnik dzietności
Matura Geografia;Demografia i Ludność;trudne;Jak nazywa się średnia liczba dzieci, jaką urodziłaby kobieta przy zachowaniu obecnych wskaźników płodności?;Współczynnik dzietności;Przyrost naturalny;Stopa urodzeń;Wskaźnik reprodukcji
Matura Geografia;Demografia i Ludność;bardzo trudne;Jak nazywa się typ struktury wieku społeczeństwa, w którym przeważają osoby starsze, typowy dla krajów rozwiniętych?;Społeczeństwo starzejące się;Społeczeństwo progresywne;Społeczeństwo stacjonarne;Piramida ekspansywna
Matura Geografia;Demografia i Ludność;bardzo trudne;Jak nazywa się model prognozujący przyszłą liczbę i strukturę ludności na podstawie obecnych trendów demograficznych?;Prognoza demograficzna;Model grawitacyjny;Model Rostowa;Model Christallera
Matura Geografia;Urbanizacja i Osadnictwo;łatwe;Jak nazywa się duże miasto wraz z otaczającymi je terenami podmiejskimi, tworzącymi jeden organizm funkcjonalny?;Aglomeracja;Konurbacja;Metropolia;Megalopolis
Matura Geografia;Urbanizacja i Osadnictwo;trudne;Jak nazywa się rozległy obszar zurbanizowany powstały z połączenia wielu aglomeracji, np. wschodnie wybrzeże USA?;Megalopolis;Konurbacja;Metropolia;Aglomeracja
Matura Geografia;Urbanizacja i Osadnictwo;trudne;Jak nazywa się proces przenoszenia się ludności i funkcji miejskich poza granice administracyjne miasta, na tereny wiejskie?;Suburbanizacja;Reurbanizacja;Dezurbanizacja;Kontrurbanizacja
Matura Geografia;Urbanizacja i Osadnictwo;bardzo trudne;Jak nazywa się etap rozwoju miast, w którym następuje odnowa centrów miast po okresie suburbanizacji?;Reurbanizacja;Dezurbanizacja;Suburbanizacja;Kontrurbanizacja
Matura Geografia;Urbanizacja i Osadnictwo;bardzo trudne;Jak nazywa się osiedle nieformalne, budowane samowolnie, bez planowania urbanistycznego, częste w miastach krajów rozwijających się?;Slumsy;Getto;Sypialnia;Dzielnica willowa
Matura Geografia;Rolnictwo i Wyżywienie;łatwe;Jak nazywa się rolnictwo nastawione głównie na zaspokojenie potrzeb własnych gospodarstwa, a nie na sprzedaż?;Rolnictwo samozaopatrzeniowe;Rolnictwo towarowe;Rolnictwo plantacyjne;Agrobiznes
Matura Geografia;Rolnictwo i Wyżywienie;trudne;Jak nazywa się system upraw polegający na jednoczesnej uprawie kilku gatunków roślin na tym samym polu?;Uprawa mieszana;Monokultura;Płodozmian;Ugorowanie
Matura Geografia;Rolnictwo i Wyżywienie;trudne;Jak nazywa się system rolniczy oparty na dużych plantacjach jednej rośliny towarowej, typowy dla krajów tropikalnych?;Rolnictwo plantacyjne;Rolnictwo samozaopatrzeniowe;Rolnictwo ekstensywne;Agroleśnictwo
Matura Geografia;Rolnictwo i Wyżywienie;bardzo trudne;Jak nazywa się system rotacji upraw na polu, mający na celu zachowanie żyzności gleby, stosowany od średniowiecza?;Płodozmian;Monokultura;Ugorowanie;Uprawa mieszana
Matura Geografia;Rolnictwo i Wyżywienie;bardzo trudne;Jak nazywa się rolnictwo łączące uprawę roślin z hodowlą drzew na tym samym terenie, popularne w krajach tropikalnych?;Agroleśnictwo;Agrobiznes;Rolnictwo ekologiczne;Permakultura
Matura Geografia;Przemysł i Energetyka;łatwe;Jak nazywa się gałąź przemysłu zajmująca się wydobyciem surowców mineralnych?;Przemysł wydobywczy;Przemysł przetwórczy;Przemysł ciężki;Przemysł lekki
Matura Geografia;Przemysł i Energetyka;trudne;Jak nazywa się energia pozyskiwana z ruchu wody, np. w elektrowniach wodnych?;Energia hydroelektryczna;Energia geotermalna;Energia pływów;Energia wiatru
Matura Geografia;Przemysł i Energetyka;trudne;Jak nazywa się proces rozszczepienia jądra atomu, wykorzystywany do produkcji energii w elektrowniach jądrowych?;Rozszczepienie jądrowe;Synteza jądrowa;Rozpad radioaktywny;Reakcja łańcuchowa
Matura Geografia;Przemysł i Energetyka;bardzo trudne;Jak nazywa się teoretyczny proces łączenia lekkich jąder atomowych z uwolnieniem ogromnej energii, testowany jako przyszłe źródło czystej energii?;Synteza jądrowa;Rozszczepienie jądrowe;Rozpad radioaktywny;Reakcja łańcuchowa
Matura Geografia;Przemysł i Energetyka;bardzo trudne;Jak nazywa się region przemysłowy Niemiec, historyczne centrum przemysłu ciężkiego, węgla i stali?;Zagłębie Ruhry;Zagłębie Saary;Śląsk;Zagłębie Donieckie
Matura Geografia;Usługi i Transport;łatwe;Jak nazywa się sektor gospodarki obejmujący banki, ubezpieczenia i doradztwo finansowe?;Usługi finansowe;Usługi transportowe;Usługi edukacyjne;Usługi medyczne
Matura Geografia;Usługi i Transport;trudne;Jak nazywa się rodzaj transportu towarów wykorzystujący standaryzowane, zamykane skrzynie przewożone różnymi środkami transportu?;Transport kontenerowy;Transport drobnicowy;Transport masowy;Transport ro-ro
Matura Geografia;Usługi i Transport;trudne;Jak nazywa się usługa polegająca na przekazywaniu informacji i danych na odległość za pomocą sieci komputerowych i satelitarnych?;Telekomunikacja;Logistyka;Spedycja;Informatyzacja
Matura Geografia;Usługi i Transport;bardzo trudne;Jak nazywa się transport łączący co najmniej dwie różne gałęzie transportu w jednym łańcuchu dostaw, bez przeładunku samego towaru?;Transport intermodalny;Transport kontenerowy;Transport multimodalny;Transport kombinowany
Matura Geografia;Usługi i Transport;bardzo trudne;Jak nazywa się największy port kontenerowy świata, znajdujący się w Chinach?;Port w Szanghaju;Port w Singapurze;Port w Ningbo-Zhoushan;Port w Shenzhen
Matura Geografia;Gospodarka Światowa;łatwe;Jak nazywa się wskaźnik mierzący wartość dóbr i usług wytworzonych przez obywateli danego kraju, niezależnie od miejsca produkcji?;Produkt Narodowy Brutto;Produkt Krajowy Brutto;Dochód narodowy;Wskaźnik HDI
Matura Geografia;Gospodarka Światowa;trudne;Jak nazywa się proces łączenia gospodarek narodowych w jeden, powiązany system światowy?;Globalizacja;Integracja;Regionalizacja;Liberalizacja
Matura Geografia;Gospodarka Światowa;trudne;Jak nazywa się nierówność w rozwoju gospodarczym między bogatą Północą a biedniejszym Południem świata?;Podział Północ-Południe;Trzeci Świat;Peryferie;Dywergencja
Matura Geografia;Gospodarka Światowa;bardzo trudne;Jak nazywa się wskaźnik mierzący siłę nabywczą walut różnych krajów, umożliwiający porównanie realnego poziomu życia?;Parytet siły nabywczej;Kurs walutowy nominalny;Wskaźnik HDI;Współczynnik Giniego
Matura Geografia;Gospodarka Światowa;bardzo trudne;Jak nazywa się teoria ekonomiczna głosząca, że kraje powinny specjalizować się w produkcji dóbr, w których mają relatywną przewagę kosztową?;Teoria przewagi komparatywnej;Teoria przewagi absolutnej;Merkantylizm;Protekcjonizm
Matura Geografia;Geografia Polityczna i Konflikty;łatwe;Jak nazywa się terytorium podlegające dwóm lub więcej państwom jednocześnie, zarządzane wspólnie?;Kondominium;Enklawa;Eksklawa;Protektorat
Matura Geografia;Geografia Polityczna i Konflikty;trudne;Jak nazywa się obszar buforowy między dwoma wrogimi państwami, mający zapobiegać bezpośredniemu konfliktowi?;Strefa buforowa;Strefa zdemilitaryzowana;Linia demarkacyjna;Kondominium
Matura Geografia;Geografia Polityczna i Konflikty;trudne;Jak nazywa się sporne terytorium między Indiami a Pakistanem w Himalajach, źródło wielu konfliktów zbrojnych?;Kaszmir;Pendżab;Ladakh;Beludżystan
Matura Geografia;Geografia Polityczna i Konflikty;bardzo trudne;Jak nazywa się terytorium jednego państwa całkowicie otoczone lądem innego państwa?;Enklawa;Eksklawa;Kondominium;Protektorat
Matura Geografia;Geografia Polityczna i Konflikty;bardzo trudne;Jak nazywa się nieuznawane międzynarodowo państwo na terenie Mołdawii, wspierane przez Rosję?;Naddniestrze;Abchazja;Osetia Południowa;Górski Karabach
Matura Geografia;Organizacje Międzynarodowe i UE;łatwe;Jak nazywa się organizacja zrzeszająca kraje Azji Południowo-Wschodniej, utworzona w 1967 roku?;ASEAN;SAARC;APEC;Unia Afrykańska
Matura Geografia;Organizacje Międzynarodowe i UE;trudne;Jak nazywa się organizacja gospodarcza zrzeszająca najbogatsze kraje świata, publikująca raporty o rozwoju gospodarczym?;OECD;G7;WTO;Bank Światowy
Matura Geografia;Organizacje Międzynarodowe i UE;trudne;Jak nazywa się bank utworzony po II wojnie światowej, finansujący odbudowę i rozwój krajów, z siedzibą w Waszyngtonie?;Bank Światowy;Międzynarodowy Fundusz Walutowy;Europejski Bank Centralny;Azjatycki Bank Rozwoju
Matura Geografia;Organizacje Międzynarodowe i UE;bardzo trudne;Jak nazywa się afrykańska organizacja polityczno-gospodarcza, następczyni Organizacji Jedności Afrykańskiej, utworzona w 2002 roku?;Unia Afrykańska;ECOWAS;SADC;Unia Maghrebu Arabskiego
Matura Geografia;Ochrona Środowiska;łatwe;Jak nazywa się proces stopniowego przekształcania terenów żyznych w pustynne, na skutek suszy i działalności człowieka?;Pustynnienie;Erozja;Eutrofizacja;Deforestacja
Matura Geografia;Ochrona Środowiska;trudne;Jak nazywa się wycinanie lasów na dużą skalę, szczególnie w Amazonii, prowadzące do utraty bioróżnorodności?;Deforestacja;Pustynnienie;Erozja;Degradacja gleb
Matura Geografia;Ochrona Środowiska;trudne;Jak nazywa się międzynarodowa konwencja o różnorodności biologicznej podpisana podczas Szczytu Ziemi w Rio de Janeiro w 1992 roku?;Konwencja o różnorodności biologicznej;Protokół z Kioto;Porozumienie paryskie;Konwencja bazylejska
Matura Geografia;Ochrona Środowiska;bardzo trudne;Jak nazywa się umowa międzynarodowa z 1989 roku regulująca transgraniczne przemieszczanie odpadów niebezpiecznych?;Konwencja bazylejska;Konwencja ramsarska;Konwencja waszyngtońska;Protokół montrealski
Matura Geografia;Ochrona Środowiska;bardzo trudne;Jak nazywa się koncepcja rozwoju gospodarczego uwzględniająca potrzeby obecnych pokoleń bez szkody dla przyszłych?;Zrównoważony rozwój;Wzrost gospodarczy;Dekarbonizacja;Gospodarka cyrkularna
Matura Geografia;Geografia Fizyczna Polski;łatwe;Jak nazywa się pas nizin ciągnący się przez środkową Polskę?;Nizina Środkowopolska;Pas pojezierny;Pas wyżyn;Pas gór
Matura Geografia;Geografia Fizyczna Polski;trudne;Jak nazywa się najwyższe pasmo Sudetów, ze szczytem Śnieżka?;Karkonosze;Góry Izerskie;Góry Stołowe;Góry Sowie
Matura Geografia;Geografia Fizyczna Polski;trudne;Jak nazywa się największa wyspa w Polsce, znajdująca się na Zalewie Szczecińskim?;Wolin;Uznam;Karsibór;Chrząszczewska
Matura Geografia;Geografia Fizyczna Polski;bardzo trudne;Jak nazywa się region Polski zawierający najniżej położony punkt kraju, w okolicach Raczek Elbląskich, poniżej poziomu morza?;Żuławy Wiślane;Delta Wisły;Mierzeja Wiślana;Pojezierze Mazurskie
Matura Geografia;Geografia Fizyczna Polski;bardzo trudne;Jak nazywa się region geograficzny Polski obejmujący wyżyny na południu kraju, w tym Wyżynę Krakowsko-Częstochowską?;Pas wyżyn polskich;Pas nizin;Pas pojezierny;Pas kotlin podkarpackich
Matura Geografia;Turystyka;łatwe;Jak nazywa się forma turystyki polegająca na aktywnym wypoczynku wymagającym określonych umiejętności, np. wspinaczka czy nurkowanie?;Turystyka kwalifikowana;Turystyka masowa;Turystyka biznesowa;Turystyka tranzytowa
Matura Geografia;Turystyka;trudne;Jak nazywa się forma turystyki związanej z odwiedzaniem miejsc związanych ze śmiercią, katastrofami lub tragediami historycznymi?;Dark tourism;Turystyka kulturowa;Turystyka religijna;Turystyka edukacyjna
Matura Geografia;Turystyka;trudne;Jak nazywa się forma turystyki oparta na odwiedzaniu uzdrowisk i korzystaniu z zabiegów leczniczych?;Turystyka uzdrowiskowa;Turystyka kwalifikowana;Agroturystyka;Turystyka wypoczynkowa
Matura Geografia;Turystyka;bardzo trudne;Jak nazywa się wskaźnik Charvata, stosowany w geografii turyzmu do określenia natężenia ruchu turystycznego na danym obszarze?;Wskaźnik Charvata;Wskaźnik Deferta;Wskaźnik Baretje'a;Wskaźnik Schneidera
Matura Geografia;Turystyka;bardzo trudne;Jak nazywa się zjawisko masowego napływu turystów przekraczającego pojemność turystyczną miejsca, prowadzące do jego degradacji, np. w Wenecji?;Overtourism;Turystyka zrównoważona;Gentryfikacja turystyczna;Turystyfikacja
Matura Geografia;Współczesne Problemy Społeczne;łatwe;Jak nazywa się zjawisko masowego przemieszczania się ludzi z jednego kraju do drugiego w poszukiwaniu lepszych warunków życia?;Migracja;Urbanizacja;Globalizacja;Integracja
Matura Geografia;Współczesne Problemy Społeczne;trudne;Jak nazywa się zjawisko odpływu wykwalifikowanych specjalistów z kraju rozwijającego się do krajów bogatszych?;Drenaż mózgów;Migracja zarobkowa;Exodus;Repatriacja
Matura Geografia;Współczesne Problemy Społeczne;trudne;Jak nazywa się dyskryminacja i nierówne traktowanie ze względu na wiek, częste wobec osób starszych na rynku pracy?;Ageizm;Seksizm;Rasizm;Klasizm
Matura Geografia;Współczesne Problemy Społeczne;bardzo trudne;Jak nazywa się teoria opisująca podział świata na kraje bogatej Północy i biedniejszego Południa, powiązana z kolonializmem?;Teoria zależności;Teoria modernizacji;Teoria systemów-światów;Teoria konwergencji
Matura Geografia;Współczesne Problemy Społeczne;bardzo trudne;Jak nazywa się wskaźnik uwzględniający nie tylko dochód, ale też edukację i długość życia, stosowany do pomiaru jakości życia w kraju?;Wskaźnik Rozwoju Społecznego;PKB per capita;Wskaźnik Giniego;Wskaźnik Happy Planet
Matura Geografia;Regiony Świata - Azja i Afryka;łatwe;Który kraj Afryki ma największą liczbę ludności?;Nigeria;Etiopia;Egipt;RPA
Matura Geografia;Regiony Świata - Azja i Afryka;trudne;Jak nazywa się region Afryki Północnej obejmujący Maroko, Algierię i Tunezję?;Maghreb;Sahel;Róg Afryki;Afryka Subsaharyjska
Matura Geografia;Regiony Świata - Azja i Afryka;trudne;Jak nazywa się grupa krajów Azji Południowej, do której należą Indie, Pakistan i Bangladesz, zrzeszona w organizacji SAARC?;Azja Południowa;Azja Środkowa;Azja Wschodnia;Bliski Wschód
Matura Geografia;Regiony Świata - Azja i Afryka;bardzo trudne;Jak nazywa się region wschodniej Afryki obejmujący Somalię, Etiopię i Dżibuti, o kształcie przypominającym róg?;Róg Afryki;Sahel;Maghreb;Wielkie Jeziora Afrykańskie
Matura Geografia;Regiony Świata - Azja i Afryka;bardzo trudne;Jak nazywa się organizacja regionalna krajów Azji Południowej, powstała w 1985 roku w celu współpracy gospodarczej?;SAARC;ASEAN;APEC;Unia Afrykańska
