Matura Język Polski;Starożytność i Biblia;bardzo trudne;Co oznacza pojęcie "pytanie retoryczne" w kontekście kazań biblijnych?;Pytanie, na które odpowiedź jest oczywista;Pytanie do Boga;Pytanie bez sensu;Pytanie do tłumu
Matura Język Polski;Starożytność i Biblia;bardzo trudne;Co oznacza termin "Hamartia" w tragedii antycznej?;Błąd tragiczny bohatera;Szczęśliwe zakończenie;Pieśń chóru;Oczyszczenie widza
Matura Język Polski;Starożytność i Biblia;bardzo trudne;Czym był "Złoty Wiek" w mitologii?;Okresem wiecznego pokoju i szczęścia ludzi;Czasem budowy piramid;Epoką panowania Zeusa;Czasem odkryć naukowych
Matura Język Polski;Starożytność i Biblia;bardzo trudne;Ile plag egipskich zostało opisanych w Księdze Wyjścia?;10;7;12;3
Matura Język Polski;Starożytność i Biblia;bardzo trudne;Jak nazywa się kategoria estetyczna w tragedii greckiej, oznaczająca litość i trwogę prowadzącą do oczyszczenia widza?;Katharsis;Hybris;Hamartia;Mimesis
Matura Język Polski;Starożytność i Biblia;bardzo trudne;Jak nazywał się przewoźnik dusz przez rzekę Styk?;Charon;Hades;Hermes;Tanatos
Matura Język Polski;Starożytność i Biblia;bardzo trudne;Jaka była treść napisu na jabłku, który rzuciła Eris?;Dla najpiękniejszej;Dla najmądrzejszej;Dla najsilniejszej;Dla władczyni
Matura Język Polski;Starożytność i Biblia;bardzo trudne;Jaka kara spotkała żonę Lota podczas ucieczki z Sodomy?;Została zamieniona w słup soli;Oślepła;Została w mieście;Zginęła od ognia
Matura Język Polski;Starożytność i Biblia;bardzo trudne;Jaki starotestamentowy mędrzec i legendarny władca uchodzi za historycznego autora "Księgi Koheleta"?;Salomon;Dawid;Saul;Jozue
Matura Język Polski;Starożytność i Biblia;bardzo trudne;Jakie miasto zostało zniszczone w "Pieśni o Rolandzie" podczas odwrotu?;Saragossa;Paryż;Akwizgran;Roncevaux
Matura Język Polski;Starożytność i Biblia;bardzo trudne;Jakie znaczenie ma liczba 7 w Biblii?;Symbolizuje doskonałość i pełnię;Oznacza grzech;Symbolizuje śmierć;Nie ma znaczenia
Matura Język Polski;Starożytność i Biblia;bardzo trudne;Kim był Laokoon w mitologii trojańskiej?;Kapłanem, który ostrzegał przed koniem;Królem Troi;Synem Priama;Greckim szpiegiem
Matura Język Polski;Starożytność i Biblia;bardzo trudne;Kim był w mitologii greckiej król Edyp?;Władcą Teb, który nieświadomie zabił ojca i poślubił matkę;Bratem Antygony;Synem Zeusa;Wodzem spod Troi
Matura Język Polski;Starożytność i Biblia;bardzo trudne;Kim były Mojry w mitologii greckiej?;Boginiami przeznaczenia przędącymi nić życia;Mużami sztuki;Córkami Zeusa;Strażniczkami piekieł
Matura Język Polski;Starożytność i Biblia;bardzo trudne;Który wybitny rzymski poeta epoki cesarza Augusta jest autorem słynnego hedonistycznego wezwania "Carpe diem"?;Horacy;Wergiliusz;Owidiusz;Seneka
Matura Język Polski;Starożytność i Biblia;trudne;Co oznacza biblijne pojęcie "manna z nieba"?;Cudowny pokarm lub niespodziewany dar;Karę boską;Rodzaj pustynnej burzy;Drogę do Ziemi Obiecanej
Matura Język Polski;Starożytność i Biblia;trudne;Co symbolizuje "puszka Pandory"?;Źródło nieszczęść i kłopotów;Wielkie bogactwo;Mądrość bogów;Nadzieję na przyszłość
Matura Język Polski;Starożytność i Biblia;trudne;Czego symbolem w Biblii jest powrót syna marnotrawnego?;Bożego miłosierdzia i wybaczenia;Kary za grzechy;Rozpadu rodziny;Bogactwa
Matura Język Polski;Starożytność i Biblia;trudne;Czym charakteryzuje się biblijna parabola?;Ma sens dosłowny i głębszy, moralny;Jest długim poematem;Opisuje tylko fakty historyczne;Nie posiada morału
Matura Język Polski;Starożytność i Biblia;trudne;Czym u Arystotelesa, w teorii starożytnej tragedii greckiej było wielkie przeżycie znane jako "katharsis"?;Duchowym oczyszczeniem z litości i trwogi;Chórem tragików komentujących zbrodnię;Nieuniknionym błędem tragicznym herosa;Nagłą i boską interwencją z maszyny w akcję
Matura Język Polski;Starożytność i Biblia;trudne;Jak miał na imię pierwszy morderca z Księgi Rodzaju, który z czystej zazdrości pozbawił życia własnego brata Abla?;Kain;Set;Ezaw;Jakub
Matura Język Polski;Starożytność i Biblia;trudne;Jak nazywał się mityczny król, który wszystko czego dotknął zamieniał w złoto?;Midas;Tantal;Syzyf;Pygmalion
Matura Język Polski;Starożytność i Biblia;trudne;Jaka była główna cecha mitycznej Kasandry?;Dostała dar prorocowania, w który nikt nie wierzył;Była najpiękniejszą kobietą świata;Została zamieniona w drzewo;Zabiła swojego męża
Matura Język Polski;Starożytność i Biblia;trudne;Jakim terminem określamy gatunek biblijny zawierający wizję końca świata i sądu ostatecznego?;Apokalipsa;Proroctwo;Przypowieść;Ewangelia
Matura Język Polski;Starożytność i Biblia;trudne;Jaką karę poniósł Ikar za zbytnie zbliżenie się do słońca?;Wosk stopniał i Ikar spadł do morza;Został oślepiony;Bogowie go uwięzili;Zmienił się w ptaka
Matura Język Polski;Starożytność i Biblia;trudne;Kim był biblijny Samson?;Siłaczem, którego moc tkwiła w włosach;Prorokiem;Królem Izraela;Uczniem Jezusa
Matura Język Polski;Starożytność i Biblia;trudne;Kto w Biblii jest uznawany za wzór cierpliwości?;Hiob;Abraham;Mojżesz;Dawid
Matura Język Polski;Starożytność i Biblia;trudne;Kto zabił Goliata, używając procy?;Dawid;Salomon;Saul;Gedeon
Matura Język Polski;Starożytność i Biblia;trudne;Który biblijny bohater jest symbolem niezawinionego cierpienia i niezłomnej wiary?;Hiob;Abraham;Izaak;Lot
Matura Język Polski;Starożytność i Biblia;łatwe;Jak nazywa się góra, na której Mojżesz otrzymał od Boga Dekalog?;Synaj;Ararat;Olimp;Tabor
Matura Język Polski;Starożytność i Biblia;łatwe;Jak nazywa się pierwsza księga Starego Testamentu, opisująca stworzenie świata?;Księga Rodzaju (Genesis);Księga Wyjścia;Apokalipsa;Księga Psalmów
Matura Język Polski;Starożytność i Biblia;łatwe;Jak nazywa się pierwsza księga Starego Testamentu?;Księga Rodzaju;Księga Wyjścia;Apokalipsa;Ewangelia
Matura Język Polski;Starożytność i Biblia;łatwe;Jakie dwa wielkie heroiczne eposy starożytnej Grecji przypisuje się tradycyjnie niewidomemu wieszczowi Homerowi?;Iliada i Odyseja;Eneida i Georgiki;Antygona i Król Edyp;Teogonia i Prace i dni
Matura Język Polski;Starożytność i Biblia;łatwe;Kto w mitologii greckiej był bogiem podziemi i świata zmarłych?;Hades;Zeus;Posejdon;Hermes
Matura Język Polski;Starożytność i Biblia;łatwe;Kto w mitologii greckiej był żoną Odyseusza, czekającą na niego 20 lat?;Penelopa;Helena;Antygona;Kasandra
Matura Język Polski;Bohaterowie Literaccy;bardzo trudne;Jak nazywa się szekspirowski bohater, który z zazdrości o żonę Desdemonę doprowadza do tragedii?;Otello;Jago;Hamlet;Makbet
Matura Język Polski;Bohaterowie Literaccy;bardzo trudne;Jak nazywał się bohater "Zbrodni i kary", który zabił lichwiarkę?;Rodion Raskolnikow;Dymitr Razumichin;Piotr Łużyn;Iwan Karamazow
Matura Język Polski;Bohaterowie Literaccy;bardzo trudne;Jak nazywał się dawny dowódca Kmicica, który próbował go odwieść od służby u Radziwiłłów?;Wołodyjowski;Skrzetuski;Sapieha;Butrym
Matura Język Polski;Bohaterowie Literaccy;bardzo trudne;Kto w "Lalce" reprezentuje postać młodego naukowca-marzyciela?;Julian Ochocki;Ignacy Rzecki;Stanisław Wokulski;Tomasz Łęcki
Matura Język Polski;Bohaterowie Literaccy;bardzo trudne;Która postać w "Dżumie" zajmowała się liczeniem grochów, by zająć czas?;Stary astmatyk;Joseph Grand;Cottard;Othon
Matura Język Polski;Bohaterowie Literaccy;trudne;Jak nazywa się ojciec w "Sklepach cynamonowych", który jest demiurgiem tworzącym własne światy?;Jakub;Adon;Józef;Teodor
Matura Język Polski;Bohaterowie Literaccy;trudne;Jak nazywa się postać z "Ferdydurke", która symbolizuje narzucanie człowiekowi niedojrzałości i "uproszczonych form"?;Profesor Pimko;Józio;Miętus;Syfon
Matura Język Polski;Bohaterowie Literaccy;trudne;Jak nazywał się lekarz w "Potopie", który opiekował się rannym Kmicicem?;Kiemlicz;Babinicz;Roch Kowalski;Zamoyski
Matura Język Polski;Bohaterowie Literaccy;trudne;Kim był Szuman w powieści "Lalka" Bolesława Prusa?;Lekarzem i przyjacielem Wokulskiego;Subiektem w sklepie;Ojcem Izabeli;Studentem medycyny
Matura Język Polski;Bohaterowie Literaccy;trudne;Kim był z zawodu dr Bernard Rieux w "Dżumie"?;Lekarzem;Dziennikarzem;Księdzem;Urzędnikiem
Matura Język Polski;Bohaterowie Literaccy;trudne;Kto jest głównym bohaterem "Przedwiośnia" Żeromskiego?;Cezary Baryka;Zenon Ziembiewicz;Stanisław Wokulski;Tomasz Judym
Matura Język Polski;Bohaterowie Literaccy;łatwe;Jak nazywa się tytułowa bohaterka tragedii Juliusza Słowackiego, która zabija siostrę dla dzbanka malin?;Balladyna;Alina;Goplana;Lilla Weneda
Matura Język Polski;Bohaterowie Literaccy;łatwe;Jak nazywała się ukochana Kmicica z "Potopu"?;Oleńka Billewiczówna;Izabela Łęcka;Zosia Soplicówna;Justyna Orzelska
Matura Język Polski;Bohaterowie Literaccy;łatwe;Który bohater Dostojewskiego uważał, że jest "nadczłowiekiem" i może zabijać?;Rodion Raskolnikow;Dymitr Razumichin;Piotr Łużyn;Siemion Marmieładow
Matura Język Polski;Bohaterowie Literaccy;łatwe;Który bohater literacki walczył z wiatrakami, biorąc je za olbrzymów?;Don Kichot;Sancho Pansa;Roland;Cyd
Matura Język Polski;Romantyzm;bardzo trudne;Jakie imię nosi zły duch, który próbuje zawładnąć duszą Konrada po Improwizacji?;Belzebub;Mefistofeles;Kruk;Pajak
Matura Język Polski;Romantyzm;bardzo trudne;Kogo symbolizują "czarne kruki i wrony" w opowieści Sobolewskiego o wywózkach?;Rosyjskich żołnierzy;Polskich zdrajców;Duchy zmarłych;Urządników carskich
Matura Język Polski;Romantyzm;bardzo trudne;Kto w IV części Dziadów jest adresatem opowieści Gustawa o "książkach zbójeckich"?;Ksiądz;Matka;Ukochana Maryla;Duch ojca
Matura Język Polski;Romantyzm;bardzo trudne;O co Konrad oskarża Boga w trakcie Wielkiej Improwizacji?;O bycie tylko mądrością, a nie miłością;O stworzenie zła;O sprzyjanie carowi;O milczenie w godzinie próby
Matura Język Polski;Romantyzm;trudne;Czego symbolem w Widzeniu Księdza Piotra jest "Herod", który prześladuje polską młodzież?;Cara i rosyjskiego zaborcy;Szatana;Francuskiego rządu;Arystokracji
Matura Język Polski;Romantyzm;trudne;Kto w Salonie Warszawskim opowiada historię Cichowskiego, dręczonego przez carat?;Adolf;Piotr;Wysocki;Justyn Pol
Matura Język Polski;Romantyzm;trudne;Która postać w salonie warszawskim mówi: "Nasz naród jak lawa..."?;Wysocki;Piotr;Adolf;Konrad
Matura Język Polski;Romantyzm;trudne;Z jakiego powodu Pani Rollison odwiedza Senatora Nowosilcowa?;Prosi o pomoc dla uwięzionego syna;Chce odzyskać majątek;Składa skargę na wojsko;Przynosi zaproszenie na bal
Matura Język Polski;Zbrodnia i Kara;bardzo trudne;Czym dla mieszkańców Oranu stało się "wygnanie" w czasie epidemii?;Rozłąką z ukochanymi osobami;Utratą majątków;Brakiem dostępu do gazet;Koniecznością pracy przymusowej
Matura Język Polski;Zbrodnia i Kara;bardzo trudne;Jakie uczucie dominuje wśród mieszkańców, gdy bramy miasta zostają otwarte?;Mieszanka radości i zapomnienia;Czysta euforia;Głęboki smutek po zmarłych;Nienawiść do władz
Matura Język Polski;Zbrodnia i Kara;bardzo trudne;W jakiej formie literackiej utrzymana jest powieść Camusa?;Kroniki;Dziennika intymnego;Listów;Wywiadu rzeki
Matura Język Polski;Zbrodnia i Kara;bardzo trudne;Z jakiego powodu drugie kazanie Paneloux różniło się od pierwszego?;Zobaczył śmierć niewinnego dziecka;Sam zachorował na dżumę;Biskup mu tego nakazał;Stracił wiarę w Boga
Matura Język Polski;Zbrodnia i Kara;trudne;Co stało się z sędzią Othonem po śmierci jego syna?;Zmienił się i chciał pomagać w obozie;Uciekł z miasta;Oszalał z rozpaczy;Został burmistrzem Oranu
Matura Język Polski;Zbrodnia i Kara;trudne;Co w powieści symbolizuje postać starego astmatyka, który odlicza czas?;Bierność i akceptację losu;Strach przed śmiercią;Walkę z chorobą;Nadzieję na wyzdrowienie
Matura Język Polski;Zbrodnia i Kara;trudne;Jaki stosunek do dżumy ma na końcu powieści doktor Rieux?;Wie, że bakcyl nigdy nie umiera;Uważa, że dżuma została pokonana;Twierdzi, że to była kara boska;Nie wyciąga żadnych wniosków
Matura Język Polski;Zbrodnia i Kara;trudne;Jaką karę wymierzył Cottardowi los po zakończeniu epidemii?;Oszalał i zaczął strzelać do ludzi;Został bohaterem miasta;Umarł na dżumę;Uciekł z majątkiem
Matura Język Polski;Epoki Literackie i Teoria;bardzo trudne;Jak nazywa się nurt estetyczny z przełomu XIX i XX wieku, głoszący powrót do natury i upodobanie do asymetrii oraz linii krzywych?;Secesja;Modernizm;Kubizm;Fowizm
Matura Język Polski;Epoki Literackie i Teoria;bardzo trudne;Jak nazywał się manifest polskiego pozytywizmu autorstwa Aleksandra Świętochowskiego?;"My i wy";"Oda do młodości";"Głosy";"Prawda"
Matura Język Polski;Epoki Literackie i Teoria;bardzo trudne;Jakie ścisłe ramy czasowe przyjmuje się zazwyczaj dla epoki pozytywizmu w historii literatury polskiej?;1864–1890;1822–1864;1890–1918;1918–1939
Matura Język Polski;Epoki Literackie i Teoria;bardzo trudne;Jakim terminem określa się system poglądów filozoficznych Fryderyka Nietzschego, który wywarł ogromny wpływ na literaturę Młodej Polski?;Witalizm;Egzystencjalizm;Personalizm;Fenomenologia
Matura Język Polski;Epoki Literackie i Teoria;bardzo trudne;Jakim terminem określa się system poglądów filozoficznych Fryderyka Nietzschego, który wywarł ogromny wpływ na literaturę Młodej Polski?;Witalizm;Egzystencjalizm;Personalizm;Fenomenologia
Matura Język Polski;Epoki Literackie i Teoria;bardzo trudne;Który z poniższych nurtów artystycznych Młodej Polski charakteryzował się wiarą w schyłek kultury i pesymizmem?;Dekadentyzm;Klasycyzm;Parnasizm;Behawioryzm
Matura Język Polski;Epoki Literackie i Teoria;bardzo trudne;W którym roku umownie rozpoczyna się polski romantyzm?;1822;1795;1830;1864
Matura Język Polski;Epoki Literackie i Teoria;trudne;Jak nazywa się prąd filozoficzny Oświecenia, który zakładał, że jedynym źródłem pewnej wiedzy jest doświadczenie zmysłowe?;Empiryzm;Racjonalizm;Deizm;Ateizm
Matura Język Polski;Epoki Literackie i Teoria;trudne;Jak nazywa się prąd filozoficzny Oświecenia, który zakładał, że jedynym źródłem pewnej wiedzy jest doświadczenie zmysłowe?;Empiryzm;Racjonalizm;Deizm;Ateizm
Matura Język Polski;Epoki Literackie i Teoria;trudne;Jak nazywa się prąd literacki końcówki XIX wieku, głoszący "sztukę dla sztuki"?;Parnasizm;Naturalizm;Realizm;Symbolizm
Matura Język Polski;Epoki Literackie i Teoria;trudne;Jak nazywa się wczesnochrześcijański nurt literacki i filozoficzny skupiony na obronie wiary i pismach Ojców Kościoła?;Patrystyka;Scholastyka;Tomizm;Franciskanizm
Matura Język Polski;Epoki Literackie i Teoria;trudne;Jaka tendencja artystyczna w baroku charakteryzowała się dążeniem do zaskoczenia odbiorcy niezwykłym konceptem i bogactwem formy?;Marinizm;Klasycyzm;Sentymentalizm;Turpizm
Matura Język Polski;Epoki Literackie i Teoria;trudne;Jaka tendencja artystyczna w baroku charakteryzowała się dążeniem do zaskoczenia odbiorcy niezwykłym konceptem i bogactwem formy?;Marinizm;Klasycyzm;Sentymentalizm;Turpizm
Matura Język Polski;Epoki Literackie i Teoria;trudne;Jakie umowne wydarzenie literackie kończy oświecenie i rozpoczyna epokę romantyzmu w Polsce w 1822 roku?;Wydanie "Ballad i romansów";Upadek powstania listopadowego;Trzeci rozbiór Polski;Założenie Szkoły Rycerskiej
Matura Język Polski;Epoki Literackie i Teoria;trudne;Jakim terminem określamy specyficzny model kultury szlacheckiej w Polsce XVI-XVIII wieku, oparty na tradycji i przywiązaniu do stroju?;Sarmatyzm;Barokizacja;Ksenofobia;Kulturalizm
Matura Język Polski;Epoki Literackie i Teoria;trudne;Która epoka charakteryzowała się teocentryzmem?;Średniowiecze;Oświecenie;Antyk;Młoda Polska
Matura Język Polski;Epoki Literackie i Teoria;trudne;Z jakiej epoki wywodzi się prąd filozoficzny zwany deizmem, uznający Boga za stwórcę, który nie ingeruje już w świat?;Z oświecenia;Z renesansu;Z romantyzmu;Z pozytywizmu
Matura Język Polski;Epoki Literackie i Teoria;łatwe;Jak nazywa się epoka w historii kultury i literatury, która nastąpiła po średniowieczu i głosiła hasło "człowiekiem jestem"?;Renesans (Odrodzenie);Barok;Oświecenie;Romantyzm
Matura Język Polski;Epoki Literackie i Teoria;łatwe;Jak nazywa się epoka w historii kultury i literatury, która nastąpiła po średniowieczu i głosiła hasło "człowiekiem jestem"?;Renesans (Odrodzenie);Barok;Oświecenie;Romantyzm
Matura Język Polski;Epoki Literackie i Teoria;łatwe;Jak nazywa się epoka, w której dominował kult rozumu, wiedzy i haseł takich jak "wolność, równość, braterstwo"?;Oświecenie;Barok;Średniowiecze;Renesans
Matura Język Polski;Epoki Literackie i Teoria;łatwe;Jaki nurt w literaturze współczesnej (po II wojnie) charakteryzuje się podważeniem autorytetów i grą z konwencjami?;Postmodernizm;Realizm;Romantyzm;Pozytywizm
Matura Język Polski;Epoki Literackie i Teoria;łatwe;Która epoka literacka nastąpiła bezpośrednio po średniowieczu, kładąc w Europie nacisk na humanizm i człowieka?;Renesans;Barok;Oświecenie;Romantyzm
Matura Język Polski;Epoki Literackie i Teoria;łatwe;Która epoka literacka nastąpiła po oświeceniu?;Romantyzm;Barok;Pozytywizm;Renesans
Matura Język Polski;Epoki Literackie i Teoria;łatwe;W której epoce literackiej narodził się nurt zwany futuryzmem, wielbiący szybkość i maszyny?;Dwudziestolecie międzywojenne;Młoda Polska;Pozytywizm;Romantyzm
Matura Język Polski;Epoki Literackie i Teoria;łatwe;W której epoce literackiej narodził się nurt zwany futuryzmem, wielbiący szybkość i maszyny?;Dwudziestolecie międzywojenne;Młoda Polska;Pozytywizm;Romantyzm
Matura Język Polski;Epoki Literackie i Teoria;bardzo trudne;Co oznacza termin "powieść rzeka"?;Wielotomowy cykl powieściowy o losach rodzin;Powieść o podróży statkiem;Krótką nowelę;Powieść bez dialogów
Matura Język Polski;Epoki Literackie i Teoria;bardzo trudne;Co to jest poemat dygresyjny?;Utwór, w którym narrator przerywa akcję na uwagi;Krótki opis przyrody;Wiersz miłosny;Opis bitwy pod Grunwaldem
Matura Język Polski;Epoki Literackie i Teoria;bardzo trudne;Co to jest synkretyzm rodzajowy?;Łączenie cech epiki, liryki i dramatu w jednym utworze;Pisanie wierszem;Brak narratora;Podział na akty
Matura Język Polski;Epoki Literackie i Teoria;bardzo trudne;Czym charakteryzuje się ballada?;Synkretyzmem (łączy epikę, lirykę i dramat);Brakiem rymów;Wyłącznie opisem faktów;Krótką formą prozy
Matura Język Polski;Epoki Literackie i Teoria;bardzo trudne;Czym charakteryzuje się powieść epistolarna?;Jest pisana w formie listów;Nie ma narratora;Składa się z samych wierszy;Opisuje tylko bitwy
Matura Język Polski;Epoki Literackie i Teoria;bardzo trudne;Czym jest ballada?;Utworem synkretycznym łączącym epikę, lirykę i dramat;Rodzajem listu;Artykułem w gazecie;Pamiętnikiem
Matura Język Polski;Epoki Literackie i Teoria;bardzo trudne;Czym jest dramat groteskowy?;Łączy tragizm z komizmem i absurdem;Jest zawsze smutny;Opisuje życie królów;Nie posiada podziału na akty
Matura Język Polski;Epoki Literackie i Teoria;bardzo trudne;Czym jest epos homerycki?;Obszernym utworem o losach bohaterów na tle przełomowych wydarzeń;Krótkim wierszem;Listem;Satyra
Matura Język Polski;Epoki Literackie i Teoria;bardzo trudne;Czym jest moralitet?;Dramatem o walce dobra ze złem o duszę ludzką;Krótką bajką;Opisem życia świętych;Traktatem o polityce
Matura Język Polski;Epoki Literackie i Teoria;bardzo trudne;Czym wyróżnia się nowela z "sokołem" (teoria Heysego)?;Posiada jeden dominujący motyw (rekwizyt);Jest wielowątkowa;Nie ma punktu kulminacyjnego;Jest pisana wierszem
Matura Język Polski;Epoki Literackie i Teoria;bardzo trudne;Czym wyróżnia się tragedia antyczna?;Zasadą trzech jedności i konfliktem tragicznym;Szczęśliwym zakończeniem;Brakiem chóru;Wielowątkowością
Matura Język Polski;Epoki Literackie i Teoria;bardzo trudne;Czym z zasady musiała charakteryzować się czysta tragedia antyczna jako najważniejszy klasyczny gatunek dramatu?;Zasadą trzech jedności, fatum i konfliktem tragicznym;Wielowątkowością w budowaniu postaci i brakiem magii;Szczęśliwym zakończeniem oraz wprowadzaniem humoru;Całkowitym brakiem obecności chóru oraz aktorów w maskach
Matura Język Polski;Epoki Literackie i Teoria;bardzo trudne;Jak nazywa się gatunek liryczny o uroczystym, pochwalnym charakterze?;Oda;Fraszka;Elegia;Piosenka
Matura Język Polski;Epoki Literackie i Teoria;bardzo trudne;Jak nazywa się gatunek, do którego należy "Pan Tadeusz"?;Poemat epicki (epopeja);Dramat;Nowela;Zbiór opowiadań
Matura Język Polski;Epoki Literackie i Teoria;bardzo trudne;Jak nazywa się odmiana powieści popularna w pozytywizmie, skupiająca się na losach bohatera od dzieciństwa do dojrzałości?;Powieść rozwojowa (Bildungsroman);Powieść tendencyjna;Powieść historyczna;Powieść epistolarna
Matura Język Polski;Epoki Literackie i Teoria;bardzo trudne;Jak nazywamy dłuższą formę wypowiedzi o charakterze subiektywnym i refleksyjnym?;Esej;Notatka;Protokół;Artykuł naukowy
Matura Język Polski;Epoki Literackie i Teoria;bardzo trudne;Jak nazywamy gatunek literatury faktu opisujący wspomnienia autora?;Pamiętnik;Powieść;Ballada;Legenda
Matura Język Polski;Epoki Literackie i Teoria;bardzo trudne;Jak nazywamy odmianę powieści, która opisuje rozwój psychiczny bohatera (np. "Przedwiośnie")?;Powieść rozwojowa (bildungsroman);Nowela;Kryminał;Esej
Matura Język Polski;Epoki Literackie i Teoria;bardzo trudne;Jak nazywamy powieść, która opisuje życie codzienne i obyczaje danej epoki?;Powieść obyczajowa;Kryminał;Fantasy;Esej
Matura Język Polski;Epoki Literackie i Teoria;bardzo trudne;Jak nazywamy utwór liryczny pisany w formie listu do kogoś?;List poetycki;Tren;Fraszka;Hymn
Matura Język Polski;Epoki Literackie i Teoria;bardzo trudne;Jaki starożytny gatunek epicki ewoluował potem z pieśni rycerskich, opowiadając o bohaterskich czynach jednostek na tle bitew?;Epos;Nowela;Sielanka;Ballada
Matura Język Polski;Epoki Literackie i Teoria;trudne;Co to jest sielanka?;Utwór o pogodnym życiu pasterzy i rolników;Opis krwawej bitwy;Satyra na miasto;Traktat naukowy
Matura Język Polski;Epoki Literackie i Teoria;trudne;Co to jest sonet?;Utwór liryczny złożony z 14 wersów;Rodzaj opowiadania;Pieśń żałobna;Dramat antyczny
Matura Język Polski;Epoki Literackie i Teoria;trudne;Czym charakteryzuje się dramat niesceniczny?;Jest przeznaczony do czytania, nie do grania;Nie posiada dialogów;Ma tylko jednego bohatera;Nie ma didaskaliów
Matura Język Polski;Epoki Literackie i Teoria;trudne;Czym charakteryzuje się epos?;Wielowątkowością i opisem przełomowych wydarzeń;Krótką formą;Brakiem bohaterów;Użyciem tylko rymów
Matura Język Polski;Epoki Literackie i Teoria;trudne;Czym charakteryzuje się nowela?;Jednowątkowością i wyraźnym punktem kulminacyjnym;Wielowątkowością;Brakiem zakończenia;Długimi opisami przyrody
Matura Język Polski;Epoki Literackie i Teoria;trudne;Czym charakteryzuje się nowela?;Jednowątkowością i wyraźną pointą;Wielowątkowością;Brakiem akcji;Długimi opisami
Matura Język Polski;Epoki Literackie i Teoria;trudne;Czym charakteryzuje się poemat heroikomiczny?;Naśladowaniem eposu w błahym temacie;Wychwalaniem bohaterów;Brakiem rymów;Opisem przyrody
Matura Język Polski;Epoki Literackie i Teoria;trudne;Czym charakteryzuje się powieść epistolarna (np. "Cierpienia młodego Wertera")?;Złożona jest z listów;Nie posiada narratora;Opisuje tylko fakty historyczne;Jest pisana wierszem
Matura Język Polski;Epoki Literackie i Teoria;trudne;Czym jest nowela socjologiczna?;Nowelą skupioną na problemach grup społecznych;Opisem przyrody;Bajką;Tragedią
Matura Język Polski;Epoki Literackie i Teoria;trudne;Czym jest satyra?;Utworem ośmieszającym wady ludzkie lub społeczne;Pochwałą władcy;Opisem podróży;Pieśnią religijną
Matura Język Polski;Epoki Literackie i Teoria;trudne;Do jakiego popularnego gatunku z pogranicza literatury i publicystyki należy tekst wyrażający subiektywne poglądy twórcy?;Esej;Reportaż;Wywiad;Notatka
Matura Język Polski;Epoki Literackie i Teoria;trudne;Jak nazywa się gatunek epicki o wielkich rozmiarach, opisujący losy narodu?;Epos;Powieść;Reportaż;Ballada
Matura Język Polski;Epoki Literackie i Teoria;trudne;Jak nazywa się gatunek z pogranicza epiki i liryki, nasycony fantastyką i ludowością (np. "Świtezianka")?;Ballada;Sonet;Elegia;Sielanka
Matura Język Polski;Epoki Literackie i Teoria;trudne;Jak nazywa się gatunek z pogranicza literatury i dziennikarstwa?;Reportaż;Nowela;Sonet;Hymn
Matura Język Polski;Epoki Literackie i Teoria;trudne;Jak nazywa się utwór dramatyczny o lekkiej tematyce i szczęśliwym zakończeniu?;Komedia;Tragedia;Dramat właściwy;Opera
Matura Język Polski;Epoki Literackie i Teoria;trudne;Jak nazywa się znany w renesansie krótki, rymowany utwór liryczny o charakterze żartobliwym, często z ostrą pointą?;Fraszka;Tren;Hymn;Oda
Matura Język Polski;Epoki Literackie i Teoria;trudne;Jak nazywamy gatunek dramatyczny o smutnym zakończeniu i wzniosłym stylu?;Tragedia;Komedia;Farsa;Opera
Matura Język Polski;Epoki Literackie i Teoria;trudne;Jak nazywamy utwór liryczny pisany na cześć bóstwa lub ojczyzny?;Hymn;Elegia;Sielanka;Satyra
Matura Język Polski;Epoki Literackie i Teoria;trudne;Jak nazywamy utwór liryczny pisany na cześć zmarłej osoby?;Tren;Hymn;Oda;Fraszka
Matura Język Polski;Epoki Literackie i Teoria;trudne;Jakie są cechy ballady romantycznej?;Fantastyka, ludowość i synkretyzm rodzajowy;Brak rymów;Surowy realizm;Tematyka naukowa
Matura Język Polski;Epoki Literackie i Teoria;łatwe;Do jakiego rodzaju literackiego należy komedia i tragedia?;Dramat;Epika;Liryka;Esej
Matura Język Polski;Epoki Literackie i Teoria;łatwe;Jak nazywa się krótki utwór epicki z wyraźnym punktem kulminacyjnym?;Nowela;Powieść;Epos;Saga
Matura Język Polski;Epoki Literackie i Teoria;łatwe;Jak nazywa się krótki utwór wierszowany o charakterze żartobliwym?;Fraszka;Hymn;Epos;Tren
Matura Język Polski;Epoki Literackie i Teoria;łatwe;Jak nazywa się krótki utwór wierszowany o żartobliwej treści, często zakończony puentą?;Fraszka;Hymn;Epos;Tragedia
Matura Język Polski;Epoki Literackie i Teoria;łatwe;Jak nazywamy krótki utwór wierszowany z wyraźnym morałem?;Bajka;Epos;Dramat;Nowela
Matura Język Polski;Epoki Literackie i Teoria;łatwe;Jaki gatunek literacki napisał Jan Kochanowski w cyklu 19 utworów po śmierci córki?;Tren;Fraszka;Hymn;Pieśń
Matura Język Polski;Epoki Literackie i Teoria;łatwe;Jaki gatunek literacki reprezentuje "Lalka" Bolesława Prusa?;Powieść realistyczna;Nowela;Epos;Dramat
Matura Język Polski;Epoki Literackie i Teoria;łatwe;Jaki gatunek reprezentuje "Pan Tadeusz" Adama Mickiewicza?;Epos (Poemat epicki);Dramat;Powieść rzeka;Nowela
Matura Język Polski;Epoki Literackie i Teoria;łatwe;Jaki główny rodzaj literacki charakteryzuje się obecnością didaskaliów, podziałem na role, akty oraz sceny?;Dramat;Powieść;Epos;Poemat
Matura Język Polski;Epoki Literackie i Teoria;bardzo trudne;Co oznacza pojęcie "parnasizm" w poezji?;Dążenie do doskonałości formy i obiektywizmu;Opis życia chłopów;Kult boga Pana;Bunt przeciw Bogu
Matura Język Polski;Epoki Literackie i Teoria;bardzo trudne;Jak nazywamy gatunek łączący elementy reportażu, eseju i fikcji, popularny u Tokarczuk?;Powieść konstelacyjna;Nowela;Epos;Saga
Matura Język Polski;Epoki Literackie i Teoria;bardzo trudne;Jak określa się system nauk humanistycznych w renesansie, stawiający człowieka w centrum zainteresowania?;Humanizm;Antropocentryzm;Reformacja;Scholastyka
Matura Język Polski;Epoki Literackie i Teoria;trudne;Czym jest "licentia poetica"?;Wolnością twórczą, pozwalającą na odstępstwa od norm;Prawem do publikacji;Rodzajem rymu;Tytułem naukowym
Matura Język Polski;Epoki Literackie i Teoria;trudne;Jak nazywa się zjawisko powracania do motywów, form i ideałów antycznych w późniejszych epokach?;Klasycyzm;Modernizm;Dekadentyzm;Barokizacja
Matura Język Polski;Epoki Literackie i Teoria;trudne;Jak nazywamy nurt w literaturze oświecenia stawiający na emocje i czułość?;Sentymentalizm;Klasycyzm;Rokoko;Racjonalizm
Matura Język Polski;Epoki Literackie i Teoria;trudne;Jakim terminem określamy tekst religijny, który tematyką nawiązuje do Biblii, ale nie został włączony do oficjalnego kanonu?;Apokryf;Ewangelia;Psalm;Kazanie
Matura Język Polski;Epoki Literackie i Teoria;łatwe;Jak nazywa się spis ksiąg uznanych przez Kościół za natchnione i stanowiące normę wiary?;Kanon;Apokryf;Wulgata;Septuaginta
Matura Język Polski;Epoki Literackie i Teoria;łatwe;Jak nazywamy nawiązanie w utworze do innego, konkretnego dzieła literackiego?;Intertekstualność;Parafraza;Plagiat;Inspiracja
Matura Język Polski;Epoki Literackie i Teoria;łatwe;Jak nazywamy tekst kultury (np. utwór literacki), który stał się wzorcem dla innych twórców?;Paradygmat;Kopia;Plagiat;Adaptacja
Matura Język Polski;Interpretacja i Analiza Tekstu;bardzo trudne;Co oznacza termin "dekorum"?;Zgodność stylu z gatunkiem i tematem;Rodzaj ozdoby w tekście;Szybką akcję;Brak rymów
Matura Język Polski;Interpretacja i Analiza Tekstu;bardzo trudne;Co oznacza termin "intertekstualność"?;Nawiązywanie jednego tekstu do innego;Brak spójności w tekście;Szybką akcję;Podział na strofy
Matura Język Polski;Interpretacja i Analiza Tekstu;bardzo trudne;Co oznacza termin "mimesis" w teorii literatury?;Naśladowanie rzeczywistości w sztuce;Oczyszczenie poprzez sztukę;Bunt przeciw tradycji;Zastosowanie fantastyki
Matura Język Polski;Interpretacja i Analiza Tekstu;bardzo trudne;Co oznacza termin "profanum"?;Sferę świecką, codzienną;Sferę modlitwy;Sferę wyższej sztuki;Sferę buntu
Matura Język Polski;Interpretacja i Analiza Tekstu;bardzo trudne;Co oznacza termin "sacrum" w interpretacji tekstu?;Sferę świętości i religii;Sferę codzienności;Sferę buntu;Sferę humoru
Matura Język Polski;Interpretacja i Analiza Tekstu;bardzo trudne;Co to jest autotematyzm?;Pisanie w utworze o procesie jego tworzenia;Pisanie o historii kraju;Pisanie o miłości;Pisanie o śmierci
Matura Język Polski;Interpretacja i Analiza Tekstu;bardzo trudne;Co to jest instrumentacja głoskowa?;Celowe ułożenie głosek dla efektu brzmienia;Rodzaj akcentu w wierszu;Podział na sylaby;Zastosowanie rymów żeńskich
Matura Język Polski;Interpretacja i Analiza Tekstu;bardzo trudne;Co to jest parnasizm?;Dążenie do czystego piękna i formy;Bunt przeciw Bogu;Opis życia biedoty;Rodzaj dramatu
Matura Język Polski;Interpretacja i Analiza Tekstu;bardzo trudne;Co to jest soliloquium?;Rodzaj monologu wewnętrznego "sam ze sobą";Dialog dwóch osób;Pieśń chóru;Wstęp do dramatu
Matura Język Polski;Interpretacja i Analiza Tekstu;bardzo trudne;Co to jest teodycea?;Uzasadnienie sprawiedliwości Boga wobec zła;Rodzaj satyry;Opis bitwy;Forma wiersza wolnego
Matura Język Polski;Interpretacja i Analiza Tekstu;bardzo trudne;Czym charakteryzuje się stylizacja biblijna?;Stosowaniem inwersji i spójników "i", "a";Używaniem wulgaryzmów;Zastosowaniem gwary;Krótkimi zdaniami podrzędnymi
Matura Język Polski;Interpretacja i Analiza Tekstu;bardzo trudne;Czym charakteryzuje się wiersz biały?;Brakiem rymów;Brakiem rytmu;Brakiem strof;Brakiem znaków interpunkcyjnych
Matura Język Polski;Interpretacja i Analiza Tekstu;bardzo trudne;Czym jest anakolut?;Błędem składniowym niszczącym więź logiczną;Rodzajem epitetu;Przeniesieniem wyrazu do nowej linii;Formą rymu męskiego
Matura Język Polski;Interpretacja i Analiza Tekstu;bardzo trudne;Czym jest asyndeton?;Bezspójnikowością, łączeniem zdań bez spójników;Nadmiarem spójników;Rodzajem rymu;Pytaniem retorycznym
Matura Język Polski;Interpretacja i Analiza Tekstu;bardzo trudne;Czym jest elipsa (wyrzutnia)?;Celowym pominięciem części zdania;Rodzajem metafory;Pytaniem retorycznym;Przeniesieniem części zdania do nowej strofy
Matura Język Polski;Interpretacja i Analiza Tekstu;bardzo trudne;Czym jest groteska?;Połączeniem grozy z komizmem i absurdem;Rodzajem tragedii;Stylem naukowym;Opisem sielanki
Matura Język Polski;Interpretacja i Analiza Tekstu;bardzo trudne;Czym jest hagiografia?;Działem literatury o życiu świętych;Opisem bitew;Historią rodów magnackich;Rodzajem satyry
Matura Język Polski;Interpretacja i Analiza Tekstu;bardzo trudne;Czym jest katastrofizm?;Przekonaniem o nieuchronnej zagładzie świata;Wiarą w postęp techniczny;Rodzajem sielanki;Pochwałą życia wiejskiego
Matura Język Polski;Interpretacja i Analiza Tekstu;bardzo trudne;Czym jest kontaminacja w stylistyce?;Połączeniem dwóch związków frazeologicznych;Powtórzeniem głosek;Rodzajem rymu;Pytaniem do czytelnika
Matura Język Polski;Interpretacja i Analiza Tekstu;bardzo trudne;Czym jest metonimia (zamiennia) w analizie stylistycznej?;Zastąpieniem nazwy przedmiotu inną, bliską mu nazwą;Wyolbrzymieniem cech bohatera;Zestawieniem wyrazów sprzecznych;Ożywieniem martwych przedmiotów
Matura Język Polski;Interpretacja i Analiza Tekstu;bardzo trudne;Czym jest onomatopeja?;Wyrazem dźwiękonaśladowczym;Przenośnią;Rodzajem rymu;Pytaniem bez odpowiedzi
Matura Język Polski;Interpretacja i Analiza Tekstu;bardzo trudne;Czym jest parabola (przypowieść)?;Utworem, w którym sens ukryty jest ważniejszy;Krótkim żartem;Rodzajem dramatu;Opisem podróży
Matura Język Polski;Interpretacja i Analiza Tekstu;bardzo trudne;Czym jest paralelizmu składniowy?;Podobieństwem budowy kolejnych zdań;Stosowaniem tylko zdań prostych;Brakiem orzeczeń w tekście;Rodzajem inwersji
Matura Język Polski;Interpretacja i Analiza Tekstu;bardzo trudne;Czym jest polisyndeton?;Konstrukcją składniową z wieloma spójnikami;Brakiem spójników w zdaniu;Rodzajem rymu wewnętrznego;Powtórzeniem całych strof
Matura Język Polski;Interpretacja i Analiza Tekstu;bardzo trudne;Czym jest psychologizacja w powieści?;Skupieniem na przeżyciach wewnętrznych postaci;Opisem wyglądu budynków;Analizą tła historycznego;Wprowadzeniem wielu wątków
Matura Język Polski;Interpretacja i Analiza Tekstu;bardzo trudne;Czym jest psychomachia?;Walką dobra ze złem o duszę człowieka;Rodzajem instrumentacji;Opisem przyrody;Formą rymu
Matura Język Polski;Interpretacja i Analiza Tekstu;bardzo trudne;Czym jest synestezja w opisie poetyckim?;Mieszaniem różnych wrażeń zmysłowych;Zastosowaniem wielu przymiotników;Brakiem rymów w wierszu;Podziałem na akty i sceny
Matura Język Polski;Interpretacja i Analiza Tekstu;bardzo trudne;Czym jest turpizm?;Estetyką brzydoty i rozkładu;Wielbieniem przyrody;Rodzajem klasycyzmu;Pochwałą młodości
Matura Język Polski;Interpretacja i Analiza Tekstu;bardzo trudne;Czym różni się alegoria od symbolu?;Alegoria ma jedno znaczenie, symbol wiele;Symbol jest zawsze postacią, alegoria rzeczą;Alegoria nie występuje w bajkach;Nie ma między nimi różnicy
Matura Język Polski;Interpretacja i Analiza Tekstu;bardzo trudne;Czym różni się liryka bezpośrednia od pośredniej?;W bezpośredniej podmiot mówi w 1. osobie o sobie;W pośredniej brak rymów;Nie różnią się;To gatunki dramatu
Matura Język Polski;Interpretacja i Analiza Tekstu;bardzo trudne;Czym w strukturalizmie i nowszych badaniach literackich jest tzw. horyzont oczekiwań przeciętnego czytelnika?;Zestawem założeń, tradycji i norm znanych już odbiorcy;Ogólną objętością przeczytanej dotychczas literatury;Poziomem trudności i skomplikowania słownictwa autora;Zdolnością do dosłownego rozumienia trudnych metafor
Matura Język Polski;Interpretacja i Analiza Tekstu;bardzo trudne;Jak nazywa się w literaturze zabieg polegający na uprzedmiotowieniu człowieka (np. w literaturze obozowej)?;Reifikacja;Personalizacja;Animizacja;Emanacja
Matura Język Polski;Interpretacja i Analiza Tekstu;bardzo trudne;Jak nazywamy utwór, który naśladuje styl innego dzieła w sposób prześmiewczy?;Parodia;Pasticz;Trawestacja;Parafraza
Matura Język Polski;Interpretacja i Analiza Tekstu;bardzo trudne;Jak określa się typ ironii, w której autor dystansuje się od świata przedstawionego, podkreślając jego umowność?;Ironia romantyczna;Ironia tragiczna;Sarkazm;Parodia
Matura Język Polski;Interpretacja i Analiza Tekstu;bardzo trudne;Jaka z funkcji języka bezapelacyjnie dominuje w utworze, którego celem jest wpłynięcie na postawę i zachowanie odbiorcy?;Impresywna;Ekspresywna;Pofatyczna;Metajęzykowa
Matura Język Polski;Interpretacja i Analiza Tekstu;bardzo trudne;Jaką funkcję pełni funkcja ekspresywna języka?;Wyraża emocje i uczucia nadawcy;Przekazuje rzetelne fakty;Podtrzymuje kontakt;Opisuje budowę zdania
Matura Język Polski;Interpretacja i Analiza Tekstu;bardzo trudne;Jaką funkcję pełni funkcja fatyczna języka?;Podtrzymuje kontakt z odbiorcą (np. "Halo?", "Słuchasz?");Wyraża emocje;Przekazuje fakty;Upomina kogoś
Matura Język Polski;Interpretacja i Analiza Tekstu;bardzo trudne;Jaką funkcję pełni funkcja poetycka języka?;Zwraca uwagę na sam kształt komunikatu;Służy do wydawania poleceń;Przekazuje suche informacje;Podtrzymuje kontakt
Matura Język Polski;Interpretacja i Analiza Tekstu;bardzo trudne;Jaką funkcję pełni w tekście onomatopeja?;Naśladuje dźwięki za pomocą słów;Opisuje kolory;Wprowadza dialogi;Zastępuje interpunkcję
Matura Język Polski;Interpretacja i Analiza Tekstu;bardzo trudne;Jaką funkcję w tekście pełni anafora?;Podkreśla wagę powtarzanego fragmentu;Wprowadza element humoru;Służy do opisu przyrody;Zastępuje znaki przestankowe
Matura Język Polski;Interpretacja i Analiza Tekstu;bardzo trudne;Jaką rolę pełni motyw wanitatywny w tekście?;Przypomina o marności i przemijaniu;Wychwala odwagę rycerską;Opisuje piękno kobiety;Jest formą modlitwy
Matura Język Polski;Interpretacja i Analiza Tekstu;bardzo trudne;Jaką rolę w dramacie pełnią didaskalia?;Są wskazówkami inscenizacyjnymi dla realizatorów;Są monologami wewnętrznymi bohaterów;Są główną częścią dialogu;Są formą rymu wierszowanego
Matura Język Polski;Interpretacja i Analiza Tekstu;trudne;Co to jest hiperbola?;Wyolbrzymienie, przesadnia;Zdrobnienie;Zastąpienie nazwy opisem;Pytanie retoryczne
Matura Język Polski;Interpretacja i Analiza Tekstu;trudne;Co to jest oksymoron?;Zestawienie wyrazów sprzecznych (np. gorący lód);Wyraz bliskoznaczny;Przeciwieństwo epitetu;Rodzaj metafory
Matura Język Polski;Interpretacja i Analiza Tekstu;trudne;Co to jest onomatopeja?;Wyraz dźwiękonaśladowczy;Rodzaj przenośni;Pytanie bez odpowiedzi;Powtórzenie na końcu wersu
Matura Język Polski;Interpretacja i Analiza Tekstu;trudne;Co to jest paradoks?;Twierdzenie sprzeczne z logiką, niosące głębszą prawdę;Zwykłe kłamstwo;Odmiana metafory;Pytanie retoryczne
Matura Język Polski;Interpretacja i Analiza Tekstu;trudne;Co to jest synekdocha (metonimia ilościowa)?;Użycie części zamiast całości (np. "dach" jako dom);Rodzaj metafory;Pytanie retoryczne;Błąd językowy
Matura Język Polski;Interpretacja i Analiza Tekstu;trudne;Czym charakteryzuje się liryka maski?;Podmiot wypowiada się w imieniu kogoś innego (np. przedmiotu);Podmiot jest anonimowy;Podmiot krzyczy;Brak podmiotu
Matura Język Polski;Interpretacja i Analiza Tekstu;trudne;Czym charakteryzuje się liryka roli?;Podmiot wciela się w postać historyczną lub mityczną;Podmiot wyznaje swoje uczucia wprost;Podmiot jest tożsamy z autorem;W utworze nie ma osoby mówiącej
Matura Język Polski;Interpretacja i Analiza Tekstu;trudne;Czym charakteryzuje się styl wysoki?;Podniosłym słownictwem i uroczystym tonem;Użyciem gwary;Prostotą i brakiem metafor;Wulgaryzmami
Matura Język Polski;Interpretacja i Analiza Tekstu;trudne;Czym charakteryzuje się wiersz wolny?;Brakiem regularnej liczby sylab i rymów;Stałą liczbą strof;Brakiem podmiotu;Użyciem gwary
Matura Język Polski;Interpretacja i Analiza Tekstu;trudne;Czym jest dialektyzacja?;Wprowadzeniem cech gwary do tekstu;Nauką o języku;Rodzajem inwersji;Błędem ortograficznym
Matura Język Polski;Interpretacja i Analiza Tekstu;trudne;Czym jest eufemizm?;Złagodzeniem drastycznego określenia;Obraźliwym przezwiskiem;Wyrazem dźwiękonaśladowczym;Rodzajem porównania
Matura Język Polski;Interpretacja i Analiza Tekstu;trudne;Czym jest gradacja?;Stopniowaniem cech lub napięcia;Rodzajem metafory;Błędem w budowie wiersza;Zastosowaniem archaizmów
Matura Język Polski;Interpretacja i Analiza Tekstu;trudne;Czym jest inwersja?;Zmianą naturalnego szyku wyrazów;Rodzajem rymu;Opisem przeżyć wewnętrznych;Pytaniem do czytelnika
Matura Język Polski;Interpretacja i Analiza Tekstu;trudne;Czym jest ironia?;Ukrytą drwiną, sprzecznością z sensem dosłownym;Pochwałą bohatera;Opisem trudnej sytuacji;Rodzajem epitetu
Matura Język Polski;Interpretacja i Analiza Tekstu;trudne;Czym jest liryka inwokacyjna?;Utworem będącym bezpośrednim zwrotem;Wierszem bez podmiotu;Opisem krajobrazu;Rodzajem sonetu
Matura Język Polski;Interpretacja i Analiza Tekstu;trudne;Czym jest liryka opisowa?;Wierszem skupionym na przedstawieniu przedmiotu;Wyznaniem miłosnym;Buntem podmiotu;Utworem religijnym
Matura Język Polski;Interpretacja i Analiza Tekstu;trudne;Czym jest paradoks?;Twierdzeniem sprzecznym wewnętrznie, ale logicznym;Zwykłym kłamstwem;Błędem logicznym;Opisem marzenia sennego
Matura Język Polski;Interpretacja i Analiza Tekstu;trudne;Czym jest personifikacja?;Nadaniem cech ludzkich przedmiotom lub pojęciom;Zdrobnieniem;Zgrubieniem;Rodzajem rymu
Matura Język Polski;Interpretacja i Analiza Tekstu;trudne;Czym jest personifikacja?;Nadaniem cech ludzkich zwierzętom lub roślinom;Opisem wyglądu zewnętrznego;Zaszyfrowanym przekazem politycznym;Rodzajem rymu
Matura Język Polski;Interpretacja i Analiza Tekstu;trudne;Czym jest persyflaż?;Wyrafinowaną i ukrytą drwiną;Rodzajem epitetu;Opisem stroju;Wstępem do bajki
Matura Język Polski;Interpretacja i Analiza Tekstu;trudne;Czym jest peryfraza?;Omówieniem, zastąpieniem nazwy opisem;Krótkim żartem literackim;Błędem językowym;Rodzajem strofy
Matura Język Polski;Interpretacja i Analiza Tekstu;trudne;Czym jest puenta (pointa)?;Zaskakującym sformułowaniem na końcu;Początkiem akcji;Opisem bohaterów;Środkiem strofy
Matura Język Polski;Interpretacja i Analiza Tekstu;trudne;Czym różni się symbol od alegorii w tekście literackim?;Symbol jest wieloznaczny, alegoria ma jedno stałe znaczenie;Symbol ma tylko jedno znaczenie;To pojęcia tożsame;Alegoria nie występuje w literaturze
Matura Język Polski;Interpretacja i Analiza Tekstu;trudne;Jak nazywa się koncepcja głosząca, że Polska jest "Chrystusem narodów", mającym zbawić Europę poprzez swoje cierpienie?;Mesjanizm narodowy;Winkelriedyzm;Sarmatyzm;Pozytywizm warszawski
Matura Język Polski;Interpretacja i Analiza Tekstu;trudne;Jak nazywa się sposób kreowania rzeczywistości, w którym świat przedstawiony jest zniekształcony, przypomina sen (częste u Kafki)?;Onejryzm (Oniryzm);Realizm;Naturalizm;Klasycyzm
Matura Język Polski;Interpretacja i Analiza Tekstu;trudne;Jak nazywamy bezpośredni zwrot do adresata, często występujący na początku utworu?;Inwokacja;Apostrofa;Pointa;Refren
Matura Język Polski;Interpretacja i Analiza Tekstu;trudne;Jak nazywamy celowe powtórzenie tych samych głosek w bliskim sąsiedztwie?;Aliteracja;Rym;Rytm;Asyndeton
Matura Język Polski;Interpretacja i Analiza Tekstu;trudne;Jak nazywamy gatunek łączący cechy liryki, epiki i dramatu?;Gatunek synkretyczny;Ballada;Epos;Powieść poetycka
Matura Język Polski;Interpretacja i Analiza Tekstu;trudne;Jak nazywamy narratora, który bierze udział w wydarzeniach?;Narrator konkretny (u uczestnik);Narrator wszechwiedzący;Narrator ukryty;Autor
Matura Język Polski;Interpretacja i Analiza Tekstu;trudne;Jak nazywamy narratora, który ogranicza się do relacjonowania faktów?;Narrator obiektywny;Narrator wszechwiedzący;Narrator uczestnik;Autor
Matura Język Polski;Interpretacja i Analiza Tekstu;trudne;Jak nazywamy narratora, który zwraca się bezpośrednio do czytelnika?;Narrator autorski;Narrator ukryty;Narrator wszechwiedzący;Narrator świadek
Matura Język Polski;Interpretacja i Analiza Tekstu;trudne;Jak nazywamy odmianę liryki, w której podmiot wyznaje swe uczucia bezpośrednio?;Liryka wyznania;Liryka opisu;Liryka sytuacyjna;Liryka maski
Matura Język Polski;Interpretacja i Analiza Tekstu;trudne;Jak nazywamy stały epitet (np. "szybkonogi Achilles")?;Epitet stały;Epitet metaforyczny;Epitet zdobiący;Epitet sprzeczny
Matura Język Polski;Interpretacja i Analiza Tekstu;trudne;Jak nazywamy stały motyw wędrowny obecny w literaturze wielu epok?;Topos;Alegoria;Symbol;Archetyp
Matura Język Polski;Interpretacja i Analiza Tekstu;trudne;Jak nazywamy tekst umieszczony przed właściwym utworem?;Prolog;Epilog;Pointa;Didaskalia
Matura Język Polski;Interpretacja i Analiza Tekstu;trudne;Jak nazywamy utwór, którego bohaterem jest cała zbiorowość, a nie jednostka?;Bohater zbiorowy;Epos;Saga;Panegiryk
Matura Język Polski;Interpretacja i Analiza Tekstu;trudne;Jak nazywamy wprowadzenie do utworu słów z języka obcego?;Makaronizm;Archaizm;Neologizm;Kolokwializm
Matura Język Polski;Interpretacja i Analiza Tekstu;trudne;Jak nazywamy wypowiedź bohatera, która nie jest słyszana przez inne postacie na scenie?;Na stronie;Monolog;Replika;Didaskalia
Matura Język Polski;Interpretacja i Analiza Tekstu;trudne;Jak nazywamy wypowiedź jednej postaci w dramacie, skierowaną do widzów lub siebie?;Monolog;Dialog;Replika;Stychomytia
Matura Język Polski;Interpretacja i Analiza Tekstu;trudne;Jak nazywamy zjawisko przenikania się gatunków literackich?;Synkretyzm gatunkowy;Ewolucja;Naturalizm;Klasycyzm
Matura Język Polski;Interpretacja i Analiza Tekstu;trudne;Jak określamy narratora, który wie wszystko o świecie przedstawionym i myślach postaci?;Narrator wszechwiedzący;Narrator trzecioosobowy;Narrator naiwny;Narrator świadek
Matura Język Polski;Interpretacja i Analiza Tekstu;trudne;Jakim terminem określamy tekst, który wchodzi w dialog z innym tekstem (np. poprzez cytat lub nawiązanie)?;Intertekstualność;Parafraza;Plagiat;Adaptacja
Matura Język Polski;Interpretacja i Analiza Tekstu;trudne;Na czym zasadza się ironia jako ukryte narzędzie interpretacyjne i figura stylistyczna w tekście literackim?;Na rażącej sprzeczności między sensem dosłownym a ukrytym;Na celowym używaniu bardzo wulgarnych zwrotów;Na nadużywaniu archaizmów z minionych epok;Na potrójnym nagromadzeniu tych samych przymiotników
Matura Język Polski;Interpretacja i Analiza Tekstu;trudne;Po czym interpretator może szybko i niezawodnie odróżnić lirykę bezpośrednią od liryki pośredniej w danym wierszu?;Podmiot wyraża siebie przez zaimki pierwszej osoby;Autor podpisuje się na samym początku wiersza;Wiersz nie posiada absolutnie żadnych rymów;W liryce pośredniej zawsze brakuje znaków przystankowych
Matura Język Polski;Interpretacja i Analiza Tekstu;łatwe;Czym jest puenta w utworze literackim?;Zaskakującym, dobitnym zakończeniem;Wstępem do opisu;Rodzajem rymu;Pytaniem retorycznym
Matura Język Polski;Interpretacja i Analiza Tekstu;łatwe;Czym z definicji jest morał, najczęściej umieszczany przez twórców na końcu klasycznej bajki lub baśni dla dzieci?;Pouczeniem lub wnioskiem płynącym z utworu;Szczegółową listą cech bohaterów utworu;Środkiem wyolbrzymiającym wady i zalety;Ostatnią rymowaną zwrotką w wierszu
Matura Język Polski;Interpretacja i Analiza Tekstu;łatwe;Jak nazywa się punkt kulminacyjny i rozwiązanie akcji na końcu utworu?;Pointa;Ekspozycja;Didaskalia;Wątek
Matura Język Polski;Interpretacja i Analiza Tekstu;łatwe;Jak nazywa się tekst pisany prozą, podzielony na rozdziały?;Powieść;Wiersz;Dramat;Sonet
Matura Język Polski;Interpretacja i Analiza Tekstu;łatwe;Jak nazywa się ukryte, przenośne znaczenie utworu, które wymaga odczytania symboli?;Alegoria;Dosłowność;Opis;Dialog
Matura Język Polski;Interpretacja i Analiza Tekstu;łatwe;Jak nazywa się utwór liryczny o charakterze żałobnym?;Elegia;Hymn;Sielanka;Fraszka
Matura Język Polski;Interpretacja i Analiza Tekstu;łatwe;Jak nazywa się zwrotka wiersza?;Strofa;Wers;Refren;Pointa
Matura Język Polski;Interpretacja i Analiza Tekstu;łatwe;Jak nazywamy celowe powtórzenie słowa na końcu kolejnych zdań?;Epifora;Anafora;Oksymoron;Inwersja
Matura Język Polski;Interpretacja i Analiza Tekstu;łatwe;Jak nazywamy główną myśl utworu?;Motyw przewodni;Tytuł;Pointa;Strofa
Matura Język Polski;Interpretacja i Analiza Tekstu;łatwe;Jak nazywamy krótkie, rymowane utwory Jana Kochanowskiego?;Fraszki;Treny;Pieśni;Bajki
Matura Język Polski;Interpretacja i Analiza Tekstu;łatwe;Jak nazywamy motyw literacki, który jest stałym, powtarzalnym elementem kultury (np. motyw matki, motyw zdrady)?;Topos;Akapit;Dygresja;Eufemizm
Matura Język Polski;Interpretacja i Analiza Tekstu;łatwe;Jak nazywamy najmniejszą cząstkę utworu lirycznego (jedną linijkę)?;Wers;Strofa;Średniówka;Refren
Matura Język Polski;Interpretacja i Analiza Tekstu;łatwe;Jak nazywamy osobę wypowiadającą się w utworze lirycznym?;Podmiot liryczny;Narrator;Autor;Bohater
Matura Język Polski;Interpretacja i Analiza Tekstu;łatwe;Jak nazywamy przeciwieństwo neologizmu (wyraz stary)?;Archaizm;Eufemizm;Zapożyczenie;Dialektyzm
Matura Język Polski;Interpretacja i Analiza Tekstu;łatwe;Jak nazywamy rymy występujące na końcu wersów?;Rymy zewnętrzne;Rymy wewnętrzne;Rymy męskie;Rymy żeńskie
Matura Język Polski;Interpretacja i Analiza Tekstu;łatwe;Jak nazywamy utwór o charakterze pouczającym z morałem?;Bajka;Hymn;Fraszka;Tren
Matura Język Polski;Interpretacja i Analiza Tekstu;łatwe;Jak nazywamy utwór podzielony na 14 wersów?;Sonet;Hymn;Fraszka;Oda
Matura Język Polski;Interpretacja i Analiza Tekstu;łatwe;Jak nazywamy utwór wychwalający bóstwo lub ojczyznę?;Hymn;Satyra;Nowela;Epos
Matura Język Polski;Interpretacja i Analiza Tekstu;łatwe;Jak nazywamy wyraz nowo utworzony w języku?;Neologizm;Archaizm;Zapożyczenie;Eufemizm
Matura Język Polski;Interpretacja i Analiza Tekstu;łatwe;Jak nazywamy wyraz określający cechę rzeczownika (np. "złota jesień")?;Epitet;Przymiotnik;Metafora;Porównanie
Matura Język Polski;Interpretacja i Analiza Tekstu;łatwe;Jak nazywamy zestawienie wyrazów o przeciwnym znaczeniu (np. suchy ocean)?;Oksymoron;Epitet;Metafora;Porównanie
Matura Język Polski;Interpretacja i Analiza Tekstu;łatwe;Jak nazywamy środek stylistyczny polegający na powtórzeniu słowa na końcu wersów?;Epifora;Anafora;Oksymoron;Epitet
Matura Język Polski;Interpretacja i Analiza Tekstu;łatwe;Jak określamy postawę bohatera, który buntuje się przeciwko Bogu w imię miłości do ludzi (na wzór Prometeusza)?;Prometeizm;Mesjanizm;Winkelriedyzm;Dekadentyzm
Matura Język Polski;Interpretacja i Analiza Tekstu;łatwe;Który środek stylistyczny polega na zestawieniu dwóch zjawisk za pomocą słowa "jak"?;Porównanie;Epitet;Metafora;Oksymoron
Matura Język Polski;Język Polski w Użyciu;bardzo trudne;Czym jest paronimia, zjawisko często powodujące błędy leksykalne w tekstach użytkowych i oficjalnych?;Zewnętrznym podobieństwem słów o różnym znaczeniu;Używaniem słów o identycznym znaczeniu;Błędnym szykiem zdań w wypowiedzi;Łączeniem absolutnie sprzecznych pojęć
Matura Język Polski;Język Polski w Użyciu;bardzo trudne;Jak określa się typ argumentacji, w którym wnioskowanie przebiega od ogólnej zasady do szczegółowego przypadku?;Dedukcja;Indukcja;Analogia;Abdukcja
Matura Język Polski;Język Polski w Użyciu;bardzo trudne;Jak określa się typ argumentacji, w którym wnioskowanie przebiega od ogólnej zasady do szczegółowego przypadku?;Dedukcja;Indukcja;Analogia;Abdukcja
Matura Język Polski;Język Polski w Użyciu;bardzo trudne;Jak w językoznawstwie nazywa się zjawisko uszlachetnienia pierwotnego znaczenia wyrazu (np. słowa "kobieta")?;Melioracja;Pejoratyzacja;Neologizacja;Archaizacja
Matura Język Polski;Język Polski w Użyciu;trudne;Co dokładnie oznacza pojęcie "kolokwializm" w kontekście analizy tekstu publicystycznego lub literackiego?;Słowo potoczne;Wyraz przestarzały;Środek poetycki;Błąd składniowy
Matura Język Polski;Język Polski w Użyciu;trudne;Jak nazywa się zabieg językowy polegający na zastąpieniu nazwy jakiegoś przedmiotu lub zjawiska nazwą innego, pozostającego z nim w bliskim związku (np. "czytam Mickiewicza")?;Metonimia;Metafora;Porównanie;Onomatopeja
Matura Język Polski;Język Polski w Użyciu;trudne;Jak nazywa się zabieg językowy polegający na zastąpieniu nazwy jakiegoś przedmiotu lub zjawiska nazwą innego, pozostającego z nim w bliskim związku (np. "czytam Mickiewicza")?;Metonimia;Metafora;Porównanie;Onomatopeja
Matura Język Polski;Język Polski w Użyciu;trudne;Jakim terminem określamy błąd polegający na nieuzasadnionym użyciu słowa o tym samym lub bardzo podobnym znaczeniu (np. "cofać się do tyłu")?;Pleonazm;Anachronizm;Eufemizm;Paradoks
Matura Język Polski;Język Polski w Użyciu;trudne;Jakim terminem określamy błąd polegający na nieuzasadnionym użyciu słowa o tym samym lub bardzo podobnym znaczeniu (np. "cofać się do tyłu")?;Pleonazm;Anachronizm;Eufemizm;Paradoks
Matura Język Polski;Język Polski w Użyciu;trudne;Które z podanych słów to przykład dawnego zapożyczenia z języka czeskiego, w pełni przyswojonego w polszczyźnie?;Hańba;Szlafrok;Rower;Komputer
Matura Język Polski;Język Polski w Użyciu;łatwe;Jak nazywa się błąd językowy polegający na dodaniu zbędnego wyrazu o tym samym znaczeniu, np. "cofać się do tyłu"?;Pleonazm;Tautologia;Anakolut;Kontaminacja
Matura Język Polski;Język Polski w Użyciu;łatwe;Jak nazywa się krótki tekst, który streszcza główne tezy i wnioski artykułu naukowego?;Abstrakt;Streszczenie;Wstęp;Teza
Matura Język Polski;Język Polski w Użyciu;łatwe;Jak nazywa się krótki tekst, który streszcza główne tezy i wnioski artykułu naukowego?;Abstrakt;Streszczenie;Wstęp;Teza
Matura Język Polski;Język Polski w Użyciu;łatwe;Jaka funkcja języka dominuje w tekstach, które mają na celu przekonanie odbiorcy do określonych racji (np. w felietonie)?;Impresywna;Informatywna;Poetycka;Ekspresywna
Matura Język Polski;Język Polski w Użyciu;łatwe;Jaka funkcja języka dominuje w tekstach, które mają na celu przekonanie odbiorcy do określonych racji (np. w felietonie)?;Impresywna;Informatywna;Poetycka;Ekspresywna
Matura Język Polski;Renesans;bardzo trudne;Jaką koncepcję Boga przedstawia Kochanowski w pieśni "Czego chcesz od nas, Panie"?;Boga-Artysty (Deus Artifex);Boga-Sędziego;Boga-Wojownika;Boga-Odkupiciela
Matura Język Polski;Renesans;bardzo trudne;Jaką rolę pełni mądrość (Sapientia) w Trenie IX?;Okazuje się bezużyteczna wobec bólu;Przynosi ukojenie poecie;Jest jedyną drogą do Boga;Pozwala zrozumieć śmierć
Matura Język Polski;Renesans;bardzo trudne;Który z Trenów opisuje ubiór Urszulki przygotowany do trumny?;Tren VII;Tren I;Tren X;Tren XV
Matura Język Polski;Renesans;bardzo trudne;W którym utworze Kochanowski zawarł modelowy opis szlachcica-ziemianina?;W Pieśni świętojańskiej o Sobótce;W Trenach;W Odprawie posłów greckich;We Fraszkach
Matura Język Polski;Renesans;trudne;Do jakiego bóstwa antycznego Kochanowski porównuje swoją córkę w Trenach?;Do Safony;Do Wenus;Do Ateny;Do Artemidy
Matura Język Polski;Renesans;trudne;Jaką cnotę wychwala Kochanowski w Pieśni o dobrej sławie?;Troskę o imię po śmierci;Męstwo w bitwie;Bogactwo materialne;Pokorę wobec władzy
Matura Język Polski;Renesans;trudne;O czym traktuje Pieśń V (Pieśń o spustoszeniu Podola)?;O konieczności zbrojenia się przeciw Tatarom;O urodzie żony;O bogactwie przyrody;O śmierci rycerza
Matura Język Polski;Renesans;trudne;O czym traktuje Pieśń o spustoszeniu Podola?;O najeździe tatarskim na Polskę;O pięknie polskiej przyrody;O śmierci rycerza;O miłości do ojczyzny
Matura Język Polski;Renesans;łatwe;Co oznacza łacińska sentencja "Memento mori", obecna w kulturze epoki Kochanowskiego?;Pamiętaj o śmierci;Chwytaj dzień;Miej nadzieję;Cierp i milcz
Matura Język Polski;Renesans;łatwe;Jaki gatunek reprezentuje utwór "Na lipę"?;Fraszka;Tren;Pieśń;Hymn
Matura Język Polski;Renesans;łatwe;O czym traktuje Pieśń świętojańska o Sobótce?;O obrzędach i życiu na wsi;O wielkiej bitwie;O podróży morskiej;O śmierci dziecka
Matura Język Polski;Renesans;łatwe;W jakiej epoce żył i tworzył Jan Kochanowski?;W renesansie;W baroku;W oświeceniu;W średniowieczu
Matura Język Polski;Renesans;bardzo trudne;Jaki starożytny motyw "nie wszystek umrę" pojawia się w Pieśni XXIV?;Exegi monumentum;Carpe diem;Vanitas;Memento mori
Matura Język Polski;Renesans;bardzo trudne;Jaki tytuł nosił zbiór utworów Kochanowskiego, w którym opisywał on drobne wydarzenia z życia?;Fraszki;Pieśni;Elegie;Satyry
Matura Język Polski;Renesans;bardzo trudne;W jakim utworze Kochanowski dziękuje Bogu za dar stworzenia świata?;Czego chcesz od nas, Panie;Tren XIX;Muza;Pieśń o dobrej sławie
Matura Język Polski;Renesans;bardzo trudne;W którym Trenie poecie ukazuje się we śnie jego zmarła matka z Urszulką?;W Trenie XIX;W Trenie X;W Trenie XVIII;W Trenie I
Matura Język Polski;Renesans;trudne;Jak brzmi słynne zawołanie Horacego, które Kochanowski adaptował w swojej poezji?;Carpe diem;Memento mori;Veni, vidi, vici;Ora et labora
Matura Język Polski;Renesans;trudne;Jaka postawa życiowa, łącząca stoicyzm i epikureizm, dominuje w Pieśniach?;Horacjanizm;Sceptycyzm;Egzystencjalizm;Teocentryzm
Matura Język Polski;Renesans;trudne;Który z Trenów stanowi przełom w światopoglądzie poety i wyraża bunt przeciw Bogu?;Tren XI;Tren I;Tren XIX;Tren V
Matura Język Polski;Renesans;trudne;O kim mowa w słowach "Wielkieś mi uczyniła pustki w domu moim"?;O zmarłej córce Urszuli;O żonie poecie;O matce poety;O muzie poezji
Matura Język Polski;Interpretacja i Analiza Tekstu;bardzo trudne;Co oznacza termin "nadczłowiek" w filozofii Fryderyka Nietzschego?;Jednostkę silną, odrzucającą moralność niewolniczą;Boga w ludzkiej postaci;Genialnego naukowca;Istotę nieśmiertelną
Matura Język Polski;Interpretacja i Analiza Tekstu;bardzo trudne;Czym był "panteizm", szeroko omawiana koncepcja filozoficzna obecna w twórczości Jana Kochanowskiego i romantyków?;Utożsamieniem Stwórcy z wszechobecną naturą;Wiarą w oddzielnych bogów dla każdego kontynentu;Całkowitym odrzuceniem istnienia wyższego stwórcy;Skupieniem życia ludzkiego wyłącznie na rozwoju własnej duszy
Matura Język Polski;Interpretacja i Analiza Tekstu;bardzo trudne;Czym charakteryzuje się deizm?;Wiarą w Boga jako stwórcę, który nie ingeruje w świat;Brakiem wiary w Boga;Wiarą w wielu bogów;Kultem słońca
Matura Język Polski;Interpretacja i Analiza Tekstu;bardzo trudne;Jak nazywa się koncepcja Henriego Bergsona, zakładająca istnienie pędu życiowego jako siły napędowej ewolucji?;Witalizm (élan vital);Egzystencjalizm;Determinizm;Pragmatyzm
Matura Język Polski;Interpretacja i Analiza Tekstu;bardzo trudne;Jak nazywa się prąd filozoficzny skupiający się na absurdzie i wolności wyboru losu człowieka (np. u Sartre'a czy Camusa)?;Egzystencjalizm;Pragmatyzm;Strukturalizm;Neotomizm
Matura Język Polski;Interpretacja i Analiza Tekstu;bardzo trudne;Kim był Fryderyk Nietzsche w kontekście literatury Młodej Polski?;Inspiratorem kultu siły i nadczłowieka;Twórcą komunizmu;Religijnym reformatorem;Obrońcą demokracji
Matura Język Polski;Interpretacja i Analiza Tekstu;bardzo trudne;Kto jest twórcą filozofii chrześcijańskiej opartej na harmonii rozumu i wiary (tomizm)?;Święty Tomasz z Akwinu;Święty Augustyn;Święty Franciszek;Święty Paweł
Matura Język Polski;Interpretacja i Analiza Tekstu;trudne;Co głosił epikureizm?;Dążenie do przyjemności i unikanie cierpienia;Cierpienie jako drogę do Boga;Kult siły fizycznej;Pogardę dla świata
Matura Język Polski;Interpretacja i Analiza Tekstu;trudne;Czym charakteryzuje się egzystencjalizm, nurt popularny w literaturze po II wojnie światowej?;Przekonaniem o wolności wyboru i odpowiedzialności jednostki;Wiarą w przeznaczenie;Kultem techniki;Wielbieniem przyrody
Matura Język Polski;Interpretacja i Analiza Tekstu;trudne;Jak nazywa się XIX-wieczny prąd umysłowy zakładający, że naukowa wiedza jest jedynym pewnym fundamentem rozwoju?;Scjentyzm;Irracjonalizm;Mistycyzm;Egzystencjalizm
Matura Język Polski;Interpretacja i Analiza Tekstu;trudne;Jak nazywa się nurt filozoficzny ufający tylko temu, co można sprawdzić naukowo?;Pozytywizm;Romantyzm;Egzystencjalizm;Mistycyzm
Matura Język Polski;Interpretacja i Analiza Tekstu;trudne;Jak nazywa się pogląd filozoficzny Artura Schopenhauera, który silnie wpłynął na dekadentów Młodej Polski?;Pesymizm;Optymizm;Egzystencjalizm;Racjonalizm
Matura Język Polski;Interpretacja i Analiza Tekstu;trudne;Jaki zachodni nurt filozoficzny, ufający wyłącznie twardym faktom naukowym, stał się główną bazą polskiego pozytywizmu?;Scjentyzm;Egzystencjalizm;Mistycyzm;Spirytualizm
Matura Język Polski;Interpretacja i Analiza Tekstu;trudne;Kto wprowadził pojęcie "nadczłowieka", które stało się jednym z kluczowych kontekstów epoki modernizmu?;Friedrich Nietzsche;Arthur Schopenhauer;Henri Bergson;Karl Marx
Matura Język Polski;Interpretacja i Analiza Tekstu;trudne;Który z czołowych niemieckich filozofów wprowadził kontrowersyjną koncepcję niezależnego "nadczłowieka" (Übermensch)?;Fryderyk Nietzsche;Immanuel Kant;Artur Schopenhauer;Georg Hegel
Matura Język Polski;Interpretacja i Analiza Tekstu;łatwe;Jak nazywa się filozofia głosząca, że należy korzystać z dnia i cieszyć się chwilą (Carpe diem)?;Epikureizm;Stoicyzm;Sceptycyzm;Cynizm
Matura Język Polski;Interpretacja i Analiza Tekstu;łatwe;Który antyczny prąd filozoficzny nakazywał zachowanie spokoju zarówno w szczęściu, jak i w nieszczęściu?;Stoicyzm;Epikureizm;Sceptycyzm;Cynizm
Matura Język Polski;Interpretacja i Analiza Tekstu;łatwe;Który myśliciel jest autorem słów: "Myślę, więc jestem"?;Kartezjusz;Platon;Sokrates;Arystoteles
Matura Język Polski;Interpretacja i Analiza Tekstu;łatwe;Który starożytny filozof uważał, że w życiu należy zachować spokój i dystans wobec nieszczęść (stoicyzm)?;Seneka;Epikur;Platon;Arystoteles
Matura Język Polski;Interpretacja i Analiza Tekstu;łatwe;Z jaką buntowniczą epoką literacką bezsprzecznie kojarzy się hasło "Miej serce i patrzaj w serce", wymierzone w rozum?;Z Romantyzmem;Z Oświeceniem;Z Renesansem;Z Pozytywizmem
Matura Język Polski;Pozytywizm;bardzo trudne;Co stało się z kamieniem, który Wokulski kazał wykuć na pamiątkę w ruinach zamku w Zasławiu?;Został wysadzony dynamitem;Skradziono go;Wokulski go zabrał;Został wrzucony do rzeki
Matura Język Polski;Pozytywizm;bardzo trudne;W jakiej dzielnicy Warszawy mieszkała biedota, którą Wokulski obserwował podczas spaceru?;Na Powiślu;Na Starym Mieście;Na Pradze;Na Woli
Matura Język Polski;Pozytywizm;bardzo trudne;Z jakiego powodu ojciec Izabeli, Tomasz Łęcki, ostatecznie stracił szansę na ratunek finansowy?;Zmarł na apopleksję (udar);Wokulski go oszukał;Przegrał wszystko w ruletkę;Został aresztowany za długi
Matura Język Polski;Pozytywizm;bardzo trudne;Z jaką konkretną sumą pieniędzy Wokulski wrócił z wojny bułgarskiej?;300 tysięcy rubli;100 tysięcy rubli;Milion rubli;50 tysięcy rubli
Matura Język Polski;Pozytywizm;trudne;Gdzie Wokulski po raz pierwszy zobaczył Izabelę Łęcką, co stało się początkiem jego obsesji?;W teatrze;W kościele;W Łazienkach Królewskich;W swoim sklepie
Matura Język Polski;Pozytywizm;trudne;Gdzie Wokulski spędził czas na wygnaniu po powstaniu styczniowym?;W Irkucku;W Paryżu;W Warszawie;W Londynie
Matura Język Polski;Pozytywizm;trudne;Jak nazywał się student, który mieszkał w kamienicy Łęckich i dokuczał baronowej Krzeszowskiej?;Maleski;Ochocki;Starski;Patkiewicz
Matura Język Polski;Pozytywizm;trudne;Jaką nazwę nosił sklep, który Wokulski przejął po ślubie z wdową po Janie Minclu?;Sklep Mincla;Sklep Wokulskiego;Warszawski Bazar;Hala Targowa
Matura Język Polski;Starożytność i Biblia;bardzo trudne;Jak brzmi greckie określenie na pychę i zuchwalstwo bohatera, które prowadzi do jego klęski?;Hybris;Katharsis;Hamartia;Mimesis
Matura Język Polski;Starożytność i Biblia;bardzo trudne;Jaką karę poniósł Prometeusz za kradzież ognia dla ludzi?;Przywiązanie do skały i wyjadanie wątroby przez orła;Wygnanie z Olimpu;Zamiana w kamień;Śmierć w Hadesie
Matura Język Polski;Starożytność i Biblia;bardzo trudne;Która postać biblijna wyprowadziła Izraelitów z niewoli egipskiej?;Mojżesz;Abraham;Jozue;Izaak
Matura Język Polski;Starożytność i Biblia;trudne;Co symbolizuje biblijny "zakazany owoc"?;Pokusę i grzech pierworodny;Zdrowie;Wiedzę naukową;Bogactwo
Matura Język Polski;Starożytność i Biblia;trudne;Jak nazywa się postać z Biblii, która jest symbolem cierpienia niezawinionego?;Hiob;Lot;Abraham;Mojżesz
Matura Język Polski;Starożytność i Biblia;trudne;Jak nazywał się rzymski epos narodowy napisany przez Wergiliusza?;Eneida;Iliada;Odyseja;Metamorfozy
Matura Język Polski;Starożytność i Biblia;trudne;Który król w tragedii Sofoklesa wydaje zakaz grzebania zwłok Polinejkesa?;Kreon;Edyp;Lajos;Tyrezjasz
Matura Język Polski;Starożytność i Biblia;łatwe;Jak nazywa się główna bohaterka tragedii Sofoklesa, która przedkłada prawo boskie nad ludzkie?;Antygona;Ismena;Jokasta;Elektra
Matura Język Polski;Starożytność i Biblia;łatwe;Kto w mitologii greckiej był bogiem morza i trzymał trójząb?;Posejdon;Zeus;Hades;Ares
Matura Język Polski;Starożytność i Biblia;łatwe;Kto w mitologii greckiej był królem Itaki i bohaterem "Odysei"?;Odyseusz;Achilles;Hektor;Agamemnon
Matura Język Polski;Barok;bardzo trudne;Co oznacza pojęcie "koncept" w poezji barokowej?;Wyszukany i zaskakujący pomysł artystyczny;Zarys fabuły;Rodzaj rymu;Pouczenie moralne
Matura Język Polski;Barok;bardzo trudne;Jakie przesłanie niesie wiersz Daniela Naborowskiego "Krótkość żywota"?;Przemijalność i marność ludzkiego życia;Pochwałę wiecznej młodości;Kult wojny;Radość z bogactwa
Matura Język Polski;Barok;bardzo trudne;W sonecie "Do trupa", do czego autor porównuje stan nieszczęśliwie zakochanego bohatera?;Do stanu nieboszczyka;Do ognia piekielnego;Do burzy na morzu;Do więźnia w lochu
Matura Język Polski;Barok;trudne;Jak nazywa się nurt literatury dworskiej dbający o kunsztowną formę?;Marinizm;Sarmatyzm;Mistycyzm;Oświecenie
Matura Język Polski;Barok;trudne;Jak nazywa się środek stylistyczny polegający na zaskakującym pomyśle kompozycyjnym (fundament poezji baroku)?;Koncept;Inwersja;Oksymoron;Gradacja
Matura Język Polski;Barok;trudne;Jaki motyw (z łac. marność) dominuje w poezji Daniela Naborowskiego?;Vanitas;Carpe diem;Exegi monumentum;Arkadia
Matura Język Polski;Barok;trudne;Kto jest autorem słynnych "Pamiętników" opisujących życie sarmaty?;Jan Chryzostom Pasek;Jan Andrzej Morsztyn;Wacław Potocki;Daniel Naborowski
Matura Język Polski;Barok;łatwe;Jak nazywa się pamiętnikarz, który opisał życie i obyczaje sarmackiej szlachty w XVII wieku?;Jan Chryzostom Pasek;Wacław Potocki;Zbigniew Morsztyn;Kasper Miaskowski
Matura Język Polski;Barok;łatwe;Jak nazywa się styl w sztuce i literaturze baroku charakteryzujący się przepychem i kontrastem?;Barok;Klasycyzm;Modernizm;Realizm
Matura Język Polski;Barok;łatwe;Który poeta barokowy jest autorem słynnego sonetu "Do trupa"?;Jan Andrzej Morsztyn;Daniel Naborowski;Wacław Potocki;Jan Chryzostom Pasek
Matura Język Polski;Pozytywizm;bardzo trudne;W której części (porze roku) dochodzi do wywiezienia Jagny na wozie z gnojem?;Lato;Jesień;Zima;Wiosna
Matura Język Polski;Pozytywizm;trudne;Jak nazywa się parobek Boryny, który umiera w stajni podczas wesela Macieja?;Kuba Socha;Witek;Jambroży;Pietrek
Matura Język Polski;Pozytywizm;trudne;Za kogo wychodzi za mąż Jagna Paczesiówna na początku powieści?;Za Macieja Borynę;Za Antka Borynę;Za Mateusza;Za kowala
Matura Język Polski;Pozytywizm;łatwe;Jak nazywa się wieś, w której toczy się akcja powieści Reymonta?;Lipce;Tymieniec;Bronowice;Wilkowyje
Matura Język Polski;Pozytywizm;łatwe;Kto jest najbogatszym gospodarzem w Lipcach i ojcem Antka?;Maciej Boryna;Dominikowa;Kuba Socha;Roch
Matura Język Polski;Romantyzm;bardzo trudne;Co stało się z Rollisonem po przesłuchaniu u Senatora?;Został wypchnięty przez okno;Uciekł z więzienia;Został ułaskawiony;Zmarł z głodu
Matura Język Polski;Romantyzm;bardzo trudne;Jaki jest finał historii Guślarza w IV części Dziadów?;Znika po pianiu koguta;Zostaje zabity;Odchodzi z Gustawem;Modli się za żywych
Matura Język Polski;Romantyzm;bardzo trudne;Jaką karę wymierzył Bóg w "Dziadach" obozowi "patriotów" w Salonie Warszawskim?;Zostali uwiecznieni w poezji;Zesłano ich na Sybir;Bóg nie wymierzył im kary;Zostali potępieni
Matura Język Polski;Romantyzm;bardzo trudne;Kogo Konrad nazywa "Mądrością bez miłości" w Wielkiej Improwizacji?;Boga;Cara;Senatora;Diabła
Matura Język Polski;Romantyzm;bardzo trudne;W jakiej formie literackiej utrzymany jest "Ustęp" Dziadów części III?;Opisów podróży i satyry na Rosję;Listów do przyjaciół;Monologów Konrada;Dialogów więźniów
Matura Język Polski;Romantyzm;bardzo trudne;Z kim w "Dziadach" cz. III walczą o duszę Konrada w scenie Egzorcyzmów?;Dobre i złe duchy;Senator i car;Więźniowie;Matka i Maryla
Matura Język Polski;Romantyzm;trudne;Co oznacza postać Małej Improwizacji w III części "Dziadów"?;Wizję orła i kruka;Opis więzienia;Rozmowę z aniołem;Początek buntu Konrada
Matura Język Polski;Romantyzm;trudne;Co symbolizuje "Kruk" w Widzeniu Księdza Piotra?;Złego ducha/szatana;Cara;Zdrajcę;Wojsko rosyjskie
Matura Język Polski;Romantyzm;trudne;Gdzie rozgrywa się akcja "Ustępu", dodatku do III części Dziadów?;W Rosji (Petersburg i okolice);W Warszawie;W Wilnie;W Dreźnie
Matura Język Polski;Romantyzm;trudne;Jak kończy się scena obrzędu Dziadów w II części dramatu?;Pojawieniem się milczącego Widma;Wypędzeniem Guślarza;Modlitwą za wszystkich zmarłych;Płaczem Zosi
Matura Język Polski;Romantyzm;trudne;Jaki instrument towarzyszy guślarzowi podczas obrzędu Dziadów?;Lira;Bęben;Skrzypce;Flet
Matura Język Polski;Romantyzm;trudne;Z jaką historyczną postacią kojarzony jest "Bajkow", urzędnik z balu u Senatora?;Z realnym okrutnym śledczym;Z Carem Aleksandrem;Z Mickiewiczem;Z napoleońskim generałem
Matura Język Polski;Romantyzm;łatwe;Jak miał na imię towarzysz Konrada z celi, który opowiadał o wywózce dzieci?;Jan Sobolewski;Adolf;Feliks;Żegota
Matura Język Polski;Romantyzm;łatwe;Jak nazywa się wiejska uroczystość wywoływania duchów opisana przez Mickiewicza?;Dziady;Zaduszki;Gusła;Sobótka
Matura Język Polski;Romantyzm;łatwe;Jaką karę za pychę i okrucieństwo poniósł Widmo Złego Pana?;Męczy go wieczny głód i ptaki drapieżne;Został zamieniony w kamień;Błąka się po lesie;Nigdy nie może zasnąć
Matura Język Polski;Romantyzm;łatwe;Kto pojawia się jako ostatnia zjawa w II części Dziadów i nie chce odejść?;Widmo;Zły Pan;Dziewczyna;Aniołek
Matura Język Polski;Romantyzm;łatwe;Pod jakim imieniem występuje bohater III części Dziadów po przemianie w więzieniu?;Konrad;Gustaw;Pielgrzym;Hrabia
Matura Język Polski;Zbrodnia i Kara;bardzo trudne;Co stało się z żoną doktora Rieux w trakcie trwania kwarantanny?;Zmarła w sanatorium poza miastem;Została wyleczona przez męża;Uciekła do rodziny do Paryża;Zaginęła podczas zamieszek
Matura Język Polski;Zbrodnia i Kara;bardzo trudne;Co symbolizuje "bakcyl dżumy" w ostatnim zdaniu powieści?;Zło, które zawsze może powrócić;Konieczność dbania o zdrowie;Nadzieję na lepszą przyszłość;Wojnę, która się skończyła
Matura Język Polski;Zbrodnia i Kara;bardzo trudne;Co według narratora symbolizuje dżuma oprócz samej choroby?;Zło (totalitaryzm, wojnę);Śmierć;Boga;Naturę
Matura Język Polski;Zbrodnia i Kara;bardzo trudne;Czym charakteryzował się styl "kronikarski" narracji doktora Rieux?;Obiektywizmem i unikaniem patosu;Skrajnymi emocjami;Wieloma metaforami;Użyciem gwary
Matura Język Polski;Zbrodnia i Kara;bardzo trudne;Czym według narratora jest dżuma w sensie metaforycznym?;Złem tkwiącym w każdym człowieku;Karą za brak higieny;Wojną totalną;Nieszczęśliwym trafem
Matura Język Polski;Zbrodnia i Kara;bardzo trudne;Gdzie Bernard Rieux i Jean Tarrou spędzili chwilę wytchnienia, kąpiąc się w nocy?;W morzu;W rzece;W basenie miejskim;W wannie
Matura Język Polski;Zbrodnia i Kara;bardzo trudne;Ile razy w tygodniu w Oranie kursował "tramwaj dżumy" wywożący zwłoki?;Kursował co noc;Raz w tygodniu;Dwa razy dziennie;Co godzinę
Matura Język Polski;Zbrodnia i Kara;bardzo trudne;Jak doktor Rieux określał walkę z epidemią?;Uczciwością;Bohaterstwem;Obowiązkiem państwowym;Koniecznością dziejową
Matura Język Polski;Zbrodnia i Kara;bardzo trudne;Jak zginął Jean Tarrou pod koniec powieści?;Zmarł na dżumę po jej wygaśnięciu;Został postrzelony przez Cottarda;Zginął w wypadku samochodowym;Popełnił samobójstwo
Matura Język Polski;Zbrodnia i Kara;bardzo trudne;Jaki bohater jako jedyny czerpie korzyści z izolacji miasta i czuje się w niej dobrze?;Cottard;Rambert;Tarrou;Castel
Matura Język Polski;Zbrodnia i Kara;bardzo trudne;Jaką pracę literacką całe życie próbował ukończyć Joseph Grand?;Powieść, nad której pierwszym zdaniem wciąż pracował;Wiersz o dżumie;Historię Oranu;List do żony
Matura Język Polski;Zbrodnia i Kara;bardzo trudne;Kto w "Dżumie" próbuje napisać idealne zdanie o "amazonce na gniadej klaczy"?;Joseph Grand;Cottard;Raymond Rambert;Sędzia Othon
Matura Język Polski;Zbrodnia i Kara;bardzo trudne;Który bohater zmarł jako ostatnia ofiara dżumy w książce?;Jean Tarrou;Synek sędziego;Ojciec Paneloux;Portier Michel
Matura Język Polski;Zbrodnia i Kara;bardzo trudne;W jakiej porze roku dżuma ostatecznie opuściła Oran?;W lutym (zima);W lipcu (lato);W październiku (jesień);W maju (wiosna)
Matura Język Polski;Zbrodnia i Kara;bardzo trudne;Z kim Rambert nawiązał kontakt, aby spróbować nielegalnie opuścić miasto?;Z przemytnikami Cottarda;Z policją miejską;Z doktorem Rieux;Z sędzią Othonem
Matura Język Polski;Zbrodnia i Kara;trudne;Co stało się z ojcem Paneloux po drugim kazaniu?;Zmarł na nieznaną chorobę, nie wzywając pomocy;Został biskupem;Uciekł z miasta;Wyleczył się z dżumy
Matura Język Polski;Zbrodnia i Kara;trudne;Co stało się z sędzią Othonem po opuszczeniu kwarantanny?;Wrócił do pracy w sądzie;Popełnił samobójstwo;Został wolontariuszem w obozie;Wyjechał z miasta
Matura Język Polski;Zbrodnia i Kara;trudne;Dlaczego Raymond Rambert początkowo chciał uciec z Oranu?;Chciał wrócić do ukochanej kobiety;Boi się śmierci z powodu choroby;Nie wierzył w pomoc lekarzy;Dostał rozkaz powrotu do redakcji
Matura Język Polski;Zbrodnia i Kara;trudne;Jak nazywa się dziennikarz, który początkowo chce uciec z miasta, ale ostatecznie zostaje, by pomagać?;Raymond Rambert;Cottard;Ojciec Paneloux;Tarrou
Matura Język Polski;Zbrodnia i Kara;trudne;Jak nazywa się główny bohater, lekarz, który walczy z epidemią?;Bernard Rieux;Jean Tarrou;Joseph Grand;Raymond Rambert
Matura Język Polski;Zbrodnia i Kara;trudne;Jaki wpływ na Cottarda miała dżuma?;Uwolniła go od strachu przed więzieniem;Sprawiła, że zaczął pomagać chorym;Doprowadziła go do bankructwa;Uczyniła go religijnym
Matura Język Polski;Zbrodnia i Kara;trudne;Jakie było główne zajęcie Cottarda przed wybuchem epidemii?;Był poszukiwany przez policję;Był kupcem;Był lekarzem;Był sędzią
Matura Język Polski;Zbrodnia i Kara;trudne;Jakie kazanie wygłosił ojciec Paneloux na początku epidemii?;Że dżuma jest karą za grzechy;Że to boski dar dla miasta;Że nauka pokona zarazę;Że trzeba prosić o litość królów
Matura Język Polski;Zbrodnia i Kara;trudne;Jaką decyzję podjęły władze miasta w związku z dżumą?;Całkowite zamknięcie bram miasta;Ewakuację dzieci;Masowe szczepienia;Budowę nowego szpitala
Matura Język Polski;Zbrodnia i Kara;trudne;Jaką funkcję w mieście pełnił Joseph Grand przed epidemią?;Skromnego urzędnika mera;Lekarza pomocnika;Nauczyciela;Dziennikarza
Matura Język Polski;Zbrodnia i Kara;trudne;Jaką funkcję w oddziałach sanitarnych pełnił ojciec Paneloux?;Był opiekunem w lazarecie;Zajmował się transportem zwłok;Pisał raporty;Był kucharzem
Matura Język Polski;Zbrodnia i Kara;trudne;Jaką postawę reprezentuje Jean Tarrou, który dobrowolnie tworzy oddziały sanitarne?;Aktywnego humanizmu;Religijnego fanatyzmu;Skrajnego egoizmu;Całkowitego nihilizmu
Matura Język Polski;Zbrodnia i Kara;trudne;Kto w powieści jako pierwszy dostrzega martwe szczury i podejmuje walkę z dżumą?;Doktor Bernard Rieux;Jean Tarrou;Ojciec Paneloux;Raymond Rambert
Matura Język Polski;Zbrodnia i Kara;trudne;Kto w powieści podjął się spisania statystyk i rejestracji chorych?;Joseph Grand;Bernard Rieux;Jean Tarrou;Ojciec Paneloux
Matura Język Polski;Zbrodnia i Kara;trudne;W jaki sposób władze Oranu utylizowały zwłoki zmarłych, gdy zabrakło miejsc na cmentarzu?;Spalały je w krematoriach;Wrzucały do morza;Chowały w masowych grobach;Wywiozły z miasta
Matura Język Polski;Zbrodnia i Kara;trudne;Z jakiego powodu Cottard próbował popełnić samobójstwo na początku książki?;Boi się aresztowania;Zmarła mu rodzina;Stracił pracę;Miał dżumę
Matura Język Polski;Zbrodnia i Kara;łatwe;Co było pierwszym sygnałem nadchodzącej epidemii w Oranie?;Pojawienie się martwych szczurów;Brak wody w mieście;Nagła mgła;Ucieczka ptaków
Matura Język Polski;Zbrodnia i Kara;łatwe;Czym zajmował się Jean Tarrou, zanim przyjechał do Oranu?;Prowadził kronikę i podróżował;Był zawodowym żołnierzem;Pracował jako adwokat;Był lekarzem polowym
Matura Język Polski;Zbrodnia i Kara;łatwe;Jak na nazwisko miał narrator "Dżumy", doktor Bernard?;Rieux;Rambert;Tarrou;Grand
Matura Język Polski;Zbrodnia i Kara;łatwe;Jak nazywał się dziennikarz, który został uwięziony w Oranie przez kwarantannę?;Raymond Rambert;Joseph Grand;Michel;Cottard
Matura Język Polski;Zbrodnia i Kara;łatwe;Jak nazywał się staruszek, który codziennie pluł na koty z balkonu?;Astmatyk;Sąsiad Rieux;Joseph Grand;Cottard
Matura Język Polski;Zbrodnia i Kara;łatwe;Jak nazywała się gazeta, w której pracował dziennikarz Rambert?;"Information";"Le Monde";"Oran Soir";"La Peste"
Matura Język Polski;Zbrodnia i Kara;łatwe;Jak nazywała się żona Josepha Granda, która go opuściła?;Jeanne;Maria;Katarzyna;Helena
Matura Język Polski;Zbrodnia i Kara;łatwe;Jaki zawód wykonywał narrator powieści, Bernard Rieux?;Lekarz;Dziennikarz;Urzędnik;Ksiądz
Matura Język Polski;Zbrodnia i Kara;łatwe;Kto jest autorem powieści "Dżuma"?;Albert Camus;Jean-Paul Sartre;Franz Kafka;Marcel Proust
Matura Język Polski;Zbrodnia i Kara;łatwe;W jakim mieście toczy się akcja powieści Alberta Camusa?;W Oranie;W Algierze;W Casablance;W Tunisie
Matura Język Polski;Zbrodnia i Kara;łatwe;W jakim mieście toczy się akcja powieści?;Oran;Algier;Paryż;Marsylia
Matura Język Polski;Dwudziestolecie Międzywojenne;bardzo trudne;Jak kończy się pojedynek na miny między Syfonem a Miętusem?;Zgwałceniem Syfona przez uszy;Ucieczką Syfona;Bójką na pięści;Interwencją nauczycieli
Matura Język Polski;Dwudziestolecie Międzywojenne;bardzo trudne;Jak nazywa się słynny pojedynek na miny między Mientusem a Syfonem?;Pojedynek na gęby;Pojedynek na łydki;Pojedynek na pupy;Pojedynek na formy
Matura Język Polski;Dwudziestolecie Międzywojenne;bardzo trudne;Kim był parobek Walek, który stał się przyczyną skandalu w Bolimowie?;Służącym u wujostwa Józia;Kolegą ze szkoły;Bratem Miętusa;Właścicielem majątku
Matura Język Polski;Dwudziestolecie Międzywojenne;bardzo trudne;Kim jest Kopyrda w świecie szkolnym Józia?;Chłopcem nowoczesnym i obojętnym;Liderem grupy "chłopięcej";Najlepszym uczniem;Nauczycielem łaciny
Matura Język Polski;Dwudziestolecie Międzywojenne;bardzo trudne;W jaki sposób Józio ucieka z majątku wujostwa w Bolimowie?;Uprowadzając Zosię;Odjeżdżając pociągiem;Przez okno w nocy;Przebrany za parobka
Matura Język Polski;Dwudziestolecie Międzywojenne;trudne;Co symbolizuje pojęcie "Gęby" w twórczości Gombrowicza?;Maskę narzuconą przez innych ludzi;Brak inteligencji;Naturalność i szczerość;Cechę fizyczną bohatera
Matura Język Polski;Dwudziestolecie Międzywojenne;trudne;Czym charakteryzuje się postać Syfona w szkole?;Jest symbolem niewinności i "chłopięcia";Jest przywódcą buntowników;Jest najlepszym sportowcem;Nienawidzi nauki
Matura Język Polski;Dwudziestolecie Międzywojenne;trudne;Jak nazywa się postać, która próbuje "uświadomić" Zutę Młodziakównę?;Józio;Miętus;Pimko;Syfon
Matura Język Polski;Dwudziestolecie Międzywojenne;trudne;Jak nazywa się profesor, który "upupia" Józia i zabiera go do szkoły?;Pimko;Bladaczka;Mientus;Syfon
Matura Język Polski;Dwudziestolecie Międzywojenne;trudne;Jaką postawę reprezentują Młodziakowie w powieści?;Nowoczesność i brak pruderii;Skrajny konserwatyzm;Religijność;Zamiłowanie do arystokracji
Matura Język Polski;Dwudziestolecie Międzywojenne;trudne;U jakiej nowoczesnej rodziny Józio zamieszkuje po ucieczce ze szkoły?;U Młodziaków;U Hurleckich;U Bolimowskich;U Ziemiańskich
Matura Język Polski;Dwudziestolecie Międzywojenne;łatwe;Ile lat ma główny bohater, Józio, na początku powieści?;30;20;15;40
Matura Język Polski;Dwudziestolecie Międzywojenne;łatwe;Jak nazywa się siostrzenica wujostwa Hurleckich, którą Józio próbuje "uwieść"?;Zosia;Zuta;Młodziakówna;Ciotka
Matura Język Polski;Dwudziestolecie Międzywojenne;łatwe;Jak nazywa się szkoła, do której profesor Pimko porywa Józia?;Szkoła dyrektora Piórkowskiego;Liceum w Warszawie;Gimnazjum w Bolimowie;Szkoła pod żaglami
Matura Język Polski;Dwudziestolecie Międzywojenne;łatwe;Kto jest autorem powieści "Ferdydurke"?;Witold Gombrowicz;Bruno Schulz;Stanisław Ignacy Witkiewicz;Czesław Miłosz
Matura Język Polski;Zbrodnia i Kara;bardzo trudne;Jak nazywa się młody powstaniec, brat Anieli, który ginie w boju?;Maryś Tarłowski;Jagmin;Zenon;Andrzej
Matura Język Polski;Zbrodnia i Kara;trudne;Kto w utworze pełni rolę narratora opowiadającego historię powstańców?;Przyroda (drzewa, wiatr);Stary powstaniec;Historyk;Dziecko
Matura Język Polski;Zbrodnia i Kara;trudne;Który dowódca powstania styczniowego jest bohaterem tej noweli?;Romuald Traugutt;Marian Langiewicz;Józef Bem;Jan Skrzynecki
Matura Język Polski;Zbrodnia i Kara;łatwe;Co w języku łacińskim oznacza tytuł utworu?;Chwała zwyciężonym;Zwycięstwo chwalebnym;Pamięć o poległych;Historia zwycięstwa
Matura Język Polski;Zbrodnia i Kara;łatwe;Kto jest autorem noweli "Gloria victis"?;Eliza Orzeszkowa;Bolesław Prus;Henryk Sienkiewicz;Maria Konopnicka
Matura Język Polski;Dwudziestolecie Międzywojenne;bardzo trudne;Co stało się z Justyną po usunięciu ciąży?;Popadła w apatię i obłęd;Wyjechała na wieś;Wyszła za mąż;Została służącą Zenona
Matura Język Polski;Dwudziestolecie Międzywojenne;bardzo trudne;Dlaczego Zenon Ziembiewicz nie pomógł robotnikom podczas strajku?;Boi się utraty stanowiska i skandalu;Nienawidzi robotników;Nie wiedział o strajku;Był wtedy chory
Matura Język Polski;Dwudziestolecie Międzywojenne;bardzo trudne;Jak nazywa się kamienica, w której mieszka Elżbieta Biecka i która jest symbolem podziałów społecznych?;Kamienica Kolichowskiej;Dom Ziembiewiczów;Boleborza;Jastrowie
Matura Język Polski;Dwudziestolecie Międzywojenne;bardzo trudne;Jaka była przyczyna buntu robotników w mieście pod koniec powieści?;Zwolnienia z fabryki Hettnera;Brak chleba;Wybuch wojny;Aresztowanie Zenona
Matura Język Polski;Dwudziestolecie Międzywojenne;bardzo trudne;Jaką karę wymierzyła Justyna Zenonowi w finale powieści?;Oblała go kwasem;Zastrzeliła go;Doniosła na niego do prasy;Uciekła z jego pieniędzmi
Matura Język Polski;Dwudziestolecie Międzywojenne;bardzo trudne;Jaką rolę w powieści pełni kamienica pani Kolichowskiej?;Jest symbolem podziałów społecznych i biedy;To miejsce pracy Zenona;To szkoła Justyny;To szpital miejski
Matura Język Polski;Dwudziestolecie Międzywojenne;bardzo trudne;Kim był ojciec Zenona, Walerian Ziembiewicz?;Zubożałym szlachcicem, rządcą w Boleborzy;Prezydentem miasta;Lekarzem;Nauczycielem
Matura Język Polski;Dwudziestolecie Międzywojenne;trudne;Co stało się z Justyną po śmierci jej matki?;Została sama i szukała pomocy u Zenona;Wyjechała do Ameryki;Wyszła za mąż;Trafiła do klasztoru
Matura Język Polski;Dwudziestolecie Międzywojenne;trudne;Gdzie mieszkała Justyna Bogutówna po przyjeździe do miasta?;W kamienicy Kolichowskiej;U Ziembiewiczów;W hotelu;W szpitalu
Matura Język Polski;Dwudziestolecie Międzywojenne;trudne;Gdzie mieścił się salon pani Kolichowskiej, miejsce spotkań elity?;W kamienicy przy ulicy Staszica;W dworku w Boleborzy;W ratuszu;W Paryżu
Matura Język Polski;Dwudziestolecie Międzywojenne;trudne;Jak Zenon Ziembiewicz nazywał swój sposób usprawiedliwiania błędów?;"Schematami";"Granicami";"Kłamstwami";"Losami"
Matura Język Polski;Dwudziestolecie Międzywojenne;trudne;Jak nazywa się kochanka Zenona, która w akcie rozpaczy oblewa go kwasem?;Justyna Bogutówna;Elżbieta Biecka;Cecylia Kolichowska;Joanna Gołąbska
Matura Język Polski;Dwudziestolecie Międzywojenne;trudne;Jaką funkcję publiczną sprawował Zenon Ziembiewicz u szczytu kariery?;Prezydenta miasta;Ministra;Posła;Wojewody
Matura Język Polski;Dwudziestolecie Międzywojenne;trudne;Jaką funkcję publiczną sprawuje Zenon Ziembiewicz w momencie swojej śmierci?;Prezydenta miasta;Premiera;Ministra;Posła
Matura Język Polski;Dwudziestolecie Międzywojenne;trudne;Kim z zawodu była matka Elżbiety Bieckiej?;Pisarką;Lekarką;Nauczycielką;Urzędniczką
Matura Język Polski;Dwudziestolecie Międzywojenne;łatwe;Jak nazywa się główny bohater, który robi karierę polityczną, ale niszczy życie kobiet?;Zenon Ziembiewicz;Karol Ziembiewicz;Marian Chąśba;Czechliński
Matura Język Polski;Dwudziestolecie Międzywojenne;łatwe;Jak nazywała się dawna posiadłość Ziembiewiczów, którą Zenon musiał opuścić?;Boleborza;Nawłoć;Korczyn;Soplicowo
Matura Język Polski;Dwudziestolecie Międzywojenne;łatwe;Jak nazywała się narzeczona i późniejsza żona Zenona Ziembiewicza?;Elżbieta Biecka;Justyna Bogutówna;Cecylia Kolichowska;Karolna Bogutówna
Matura Język Polski;Dwudziestolecie Międzywojenne;łatwe;Kto jest autorem powieści "Granica"?;Zofia Nałkowska;Maria Dąbrowska;Eliza Orzeszkowa;Gabriela Zapolska
Matura Język Polski;Dwudziestolecie Międzywojenne;łatwe;Kto jest autorką powieści psychologicznej "Granica"?;Zofia Nałkowska;Eliza Orzeszkowa;Maria Konopnicka;Maria Dąbrowska
Matura Język Polski;Literatura Wojny i Okupacji;bardzo trudne;Czym w obozie był "zaliwny" posiłek?;Trzecim, największym kotłem dla najwydajniejszych;Karą głodową;Zupą z ryb;Śniadaniem
Matura Język Polski;Literatura Wojny i Okupacji;bardzo trudne;Dlaczego narrator "Innego świata" nie wybaczył człowiekowi, który go spotkał w Rzymie?;Bo ten przyznał się do fałszywego oskarżenia współwięźniów;Bo ten był strażnikiem;Bo go okradł;Bo go pobił
Matura Język Polski;Literatura Wojny i Okupacji;bardzo trudne;Dlaczego narrator "Innego świata" zdecydował się na głodówkę?;Chciał wymusić zgodę na wyjazd z obozu;Protestował przeciw biciu;Chciał popełnić samobójstwo;Został do tego zmuszony
Matura Język Polski;Literatura Wojny i Okupacji;bardzo trudne;Gdzie narrator "Innego świata" trafił po zwolnieniu z obozu w Jercewie?;Do armii Andersa;Do Warszawy;Do Londynu;Do Kazachstanu
Matura Język Polski;Literatura Wojny i Okupacji;bardzo trudne;Jak nazywa się rosyjski pisarz, którego "Zapiski z martwego domu" są kluczowym kontekstem dla Herlinga-Grudzińskiego?;Fiodor Dostojewski;Lew Tołstoj;Antoni Czechow;Maksym Gorki
Matura Język Polski;Literatura Wojny i Okupacji;bardzo trudne;Jak nazywał się proces dehumanizacji więźnia opisany w książce?;Lagrowanie;Zekowanie;Prijemka;Tuftowanie
Matura Język Polski;Literatura Wojny i Okupacji;bardzo trudne;Kim był "dziesiętnik" w strukturze pracy w łagrze?;Więźniem nadzorującym grupę dziesięciu osób;Strażnikiem NKWD;Lekarzem obozowym;Kierownikiem kuchni
Matura Język Polski;Literatura Wojny i Okupacji;bardzo trudne;Kim był Kostylew, bohater, który opalał sobie rękę w ogniu, by nie pracować?;Inżynierem oskarżonym o szpiegostwo;Polskim oficerem z kampanii wrześniowej;Rosyjskim bandytą, tzw. "urką";Niemieckim komunistą
Matura Język Polski;Literatura Wojny i Okupacji;bardzo trudne;O czym opowiada historia "Zapiski z martwego domu" czytana przez więźniów?;O carskich katorgach Dostojewskiego;O rewolucji francuskiej;O ucieczce z Syberii;O historii Rosji
Matura Język Polski;Literatura Wojny i Okupacji;bardzo trudne;W jakiej europejskiej stolicy kończy się epilog książki spotkaniem z dawnym więźniem?;W Rzymie;W Londynie;W Paryżu;W Warszawie
Matura Język Polski;Literatura Wojny i Okupacji;bardzo trudne;W jakiej wierze próbuje odnaleźć ukojenie Natalia Lwowna przed próbą samobójczą?;W wierze w sens literatury i "Zapisków...";W prawosławiu;W komunizmie;W ateizmie
Matura Język Polski;Literatura Wojny i Okupacji;trudne;Co symbolizował nocny "połów" w barakach kobiecych?;Przemoc seksualną i upodlenie;Nocną zmianę w lesie;Dzielenie dodatkowych racji;Rewizje policji obozowej
Matura Język Polski;Literatura Wojny i Okupacji;trudne;Co w obozie w Jercewie oznaczało pojęcie "prijemka"?;Rewizję więźniów przy wejściu do obozu;Wydawanie posiłków;Ucieczkę;Przyjęcie do pracy
Matura Język Polski;Literatura Wojny i Okupacji;trudne;Czym był "lekbez" w realiach obozowych?;Kursem likwidacji analfabetyzmu;Magazynem żywności;Grupą karną;Sądem koleżeńskim
Matura Język Polski;Literatura Wojny i Okupacji;trudne;Czym jest "trupiarnia" opisana w obozowej rzeczywistości?;Miejscem dla więźniów niezdolnych do pracy;Miejscem egzekucji więźniów;Głównym lazaretem obozowym;Magazynem odzieży po zmarłych
Matura Język Polski;Literatura Wojny i Okupacji;trudne;Czym w obozie był "tufta"?;Oszukiwaniem przy normach pracy;Rodzajem jedzenia;Nazwą baraku;Karą chłosty
Matura Język Polski;Literatura Wojny i Okupacji;trudne;Jak nazywano więźniów, którzy byli na skraju wyczerpania fizycznego i psychicznego?;Muzułmanie;Dystroficy;Łagiernicy;Zekowie
Matura Język Polski;Literatura Wojny i Okupacji;trudne;Jak nazywał się obóz, w którym więziony był autor?;Jercewo;Kołyma;Workuta;Magadan
Matura Język Polski;Literatura Wojny i Okupacji;trudne;Jakie znaczenie dla więźniów miało wychodzenie do lasu na wyrąb?;Było szansą na kontakt z przyrodą i wolnością;Było najcięższą karą;Było okazją do ucieczki;Było formą odpoczynku
Matura Język Polski;Literatura Wojny i Okupacji;trudne;Jaką rolę w książce odgrywa postać Polki, która "oddała się" strażnikowi dla jedzenia?;Pokazuje upadek moralny w ekstremalnych warunkach;Jest postacią komiczną;Jest siostrą narratora;Uciekła z obozu
Matura Język Polski;Literatura Wojny i Okupacji;trudne;Jaką rolę w obozie pełnił "Dom Swidanij"?;Było to miejsce widzeń z rodziną;Miejsce egzekucji;Szpital;Kuchnia
Matura Język Polski;Literatura Wojny i Okupacji;trudne;Kim byli "urki" w hierarchii obozowej opisanej przez Grudzińskiego?;Recydywistami i bandytami;Więźniami politycznymi;Strażnikami;Lekarzami obozowymi
Matura Język Polski;Literatura Wojny i Okupacji;trudne;W jakim obozie pracy (łagrze) był więziony narrator utworu?;W Jercewie;W Kołymie;W Workucie;W Magadanie
Matura Język Polski;Literatura Wojny i Okupacji;łatwe;Jak nazywała się postać, która popełniła samobójstwo, oblewając się wrzątkiem?;Natalia Lwowna;Kostylew;Rustow;Grudziński
Matura Język Polski;Literatura Wojny i Okupacji;łatwe;Jak nazywała się stacja kolejowa, przy której leżał obóz w Jercewie?;Plesieck;Archangielsk;Wołogda;Kotłas
Matura Język Polski;Literatura Wojny i Okupacji;łatwe;Kto jest autorem "Innego świata"?;Gustaw Herling-Grudziński;Tadeusz Borowski;Zofia Nałkowska;Miron Białoszewski
Matura Język Polski;Literatura Wojny i Okupacji;łatwe;Kto jest autorem wspomnień z sowieckiego łagru pt. "Inny świat"?;Gustaw Herling-Grudziński;Tadeusz Borowski;Zofia Nałkowska;Andrzej Szczypiorski
Matura Język Polski;Literatura Wojny i Okupacji;łatwe;Kto napisał "Inny świat"?;Gustaw Herling-Grudziński;Tadeusz Borowski;Zofia Nałkowska;Andrzej Szczypiorski
Matura Język Polski;Literatura Wojny i Okupacji;łatwe;Kto w obozie w Jercewie decydował o przydziale do pracy (tzw. naczalnik obozu)?;Samsonow;Grudziński;Kostylew;Machapetian
Matura Język Polski;Literatura Wojny i Okupacji;łatwe;W jakim państwie znajdował się obóz (łagier) opisany w książce?;ZSRR;Niemcy;Polska;USA
Matura Język Polski;Romantyzm;bardzo trudne;Czego dotyczy Przygotowanie, scena otwierająca dramat Słowackiego?;Stwarzania przywódców powstania przez czarty;Modlitwy narodu o wolność;Narady carskich ministrów;Rozmowy Kordiana z Grzegorzem
Matura Język Polski;Romantyzm;bardzo trudne;Jaki instrument muzyczny pojawia się w scenie "Przygotowania", gdzie diabły tworzą historię XIX wieku?;Kotły;Trąby;Fortepian;Skrzypce
Matura Język Polski;Romantyzm;bardzo trudne;Jaki los spotyka Kordiana w finale utworu?;Zostaje przed plutonem egzekucyjnym;Ucieka z więzienia;Zostaje ułaskawiony przez cara;Popełnia samobójstwo'
Matura Język Polski;Romantyzm;trudne;Jak nazywa się bohater, który opowiada Kordianowi bajkę o jaskółkach?;Grzegorz;Stary sługa;Ksiądz;Prezes
Matura Język Polski;Romantyzm;trudne;Jaka idea zastępuje u Kordiana mickiewiczowski mesjanizm?;Winkelriedyzm;Prometeizm;Prowincjonalizm;Pacyfizm
Matura Język Polski;Romantyzm;trudne;Kto powstrzymuje Kordiana przed dokonaniem zamachu na cara pod drzwiami sypialni?;Strach i Imaginacja;Archanioł Gabriel;Duch zmarłego ojca;Własne sumienie
Matura Język Polski;Romantyzm;trudne;Które dwie zjawy blokują Kordianowi drogę do sypialni cara?;Strach i Imaginacja;Szatan i Mefistofeles;Anioł i Diabeł;Duchy przodków
Matura Język Polski;Romantyzm;łatwe;Gdzie Kordian spotyka się z papieżem podczas swojej podróży?;W Watykanie;W Londynie;W Paryżu;W Alpach
Matura Język Polski;Romantyzm;łatwe;Jaki cel ma spisek koranacyjny, w którym bierze udział Kordian?;Zabicie cara;Wybuch powstania;Ucieczka z kraju;Koronacja króla Polaków
Matura Język Polski;Romantyzm;łatwe;Z jakiego szczytu w Alpach Kordian wygłasza swój słynny monolog?;Mont Blanc;Matterhorn;Rysy;Giewont
Matura Język Polski;Pozytywizm;bardzo trudne;Co konkretnie kupił Wokulski od barona Krzeszowskiego, by przypodobać się Izabeli?;Klacz wyścigową;Kamienicę;Serwis obiadowy;Pistolety
Matura Język Polski;Pozytywizm;bardzo trudne;Dlaczego Wokulski wyjechał na wojnę bułgarską?;By pomnożyć majątek na dostawach dla wojska;By uciec przed policją;Dla sławy;By odnaleźć ojca
Matura Język Polski;Pozytywizm;bardzo trudne;Gdzie Rzecki chciał wysłać Wokulskiego, wierząc w odrodzenie sprawy Napoleona?;Na Węgry;Do Ameryki;Do Włoch;Do Turcji
Matura Język Polski;Pozytywizm;bardzo trudne;Ile lat trwała służba Rzeckiego w kampanii na Węgrzech w 1848 roku?;Dwa lata;Jeden rok;Pół roku;Pięć lat
Matura Język Polski;Pozytywizm;bardzo trudne;Jak nazywał się adwokat, który zajmował się sprawami spadkowymi i licytacjami w powieści?;Miller;Szuman;Wirski;Książę
Matura Język Polski;Pozytywizm;bardzo trudne;Jak nazywał się arystokrata, z którym Izabela flirtowała w pociągu (rozmawiając po angielsku)?;Starski;Krzeszowski;Książę;Ochocki
Matura Język Polski;Pozytywizm;bardzo trudne;Jaką karę wyznaczył sąd studentom w procesie o lalkę baronowej Krzeszowskiej?;Zostali uniewinnieni;Musieli zapłacić grzywnę;Trafili do aresztu;Zostali relegowani z uczelni
Matura Język Polski;Pozytywizm;bardzo trudne;Jaką konkretną czynność wykonywał Wokulski, gdy Izabela Łęcka po raz pierwszy go zauważyła?;Był subiektem w piwnicy;Siedział w loży w teatrze;Jechał powozem po Krakowskim;Jadł obiad u Hopfera
Matura Język Polski;Pozytywizm;bardzo trudne;Jaką nazwę nosiło pismo, w którym Wokulski czytał o sukcesach naukowych Geista?;"Revue des Deux Mondes";"Kurier Warszawski";"Gazeta Handlowa";"Wędrowiec"
Matura Język Polski;Pozytywizm;bardzo trudne;Jaką nazwę nosiło towarzystwo handlowe założone przez Wokulskiego?;Towarzystwo do handlu z Cesarstwem;Spółka Warszawska;Kupiecka Rada;Unia Handlowa
Matura Język Polski;Pozytywizm;bardzo trudne;Kim była Marianna, której Wokulski pomógł wyjść z trudnej sytuacji życiowej?;Uratowaną z ulicy prostytutką;Biedną szwaczką z Powiśla;Córką furmana Wysockiego;Służącą w domu Łęckich
Matura Język Polski;Pozytywizm;bardzo trudne;W jakiej miejscowości Izabela Łęcka flirtowała ze Starskim, co usłyszał Wokulski?;W pociągu do Krakowa;W Warszawie;W Paryżu;W Zasławiu
Matura Język Polski;Pozytywizm;bardzo trudne;W jakim celu Wokulski kupił na licytacji serwis i kamienicę Łęckich?;Chciał dyskretnie wspomóc ich finansowo;Chciał ich publicznie upokorzyć;Planował tam otworzyć nowy sklep;Zrobił to na prośbę Rzeckiego
Matura Język Polski;Pozytywizm;bardzo trudne;Z jakiego powodu baronowa Krzeszowska toczyła nieustanny spór ze studentami?;O zakłócanie spokoju i higienę;O zaległy czynsz;O hałasy w nocy;O rzekomą kradzież lalki
Matura Język Polski;Pozytywizm;bardzo trudne;Z jakiego powstania narodowego Wokulski wrócił z zesłania na Syberię?;Z powstania styczniowego;Z powstania listopadowego;Z powstania kościuszkowskiego;Z Wiosny Ludów
Matura Język Polski;Pozytywizm;trudne;Co Wokulski zrobił z pamiątkami po Izabeli po zerwaniu zaręczyn?;Wszystkie spalił lub wyrzucił;Oddał je biednym;Sprzedał na aukcji;Zatrzymał w sejfie
Matura Język Polski;Pozytywizm;trudne;Co stało się z majątkiem Łęckich w trakcie powieści?;Został roztrwoniony i zlicytowany;Został pomnożony;Przejęli go Rosjanie;Izabela go ukryła
Matura Język Polski;Pozytywizm;trudne;Co stało się z metalem lżejszym od powietrza po śmierci profesora Geista?;Projekt pozostał niedokończony;Wokulski go wykradł;Wojsko przejęło plany;Został sprzedany Anglikom
Matura Język Polski;Pozytywizm;trudne;Gdzie Wokulski próbował popełnić samobójstwo po rozstaniu z Izabelą?;W Skierniewicach;W Paryżu;W Warszawie;W Zasławiu
Matura Język Polski;Pozytywizm;trudne;Gdzie dokładnie Wokulski próbował popełnić samobójstwo po ostatecznym rozstaniu z Izabelą?;W Skierniewicach;W Warszawie;W Paryżu;W Zasławiu
Matura Język Polski;Pozytywizm;trudne;Jak nazywał się mąż Heleny Stawskiej, który zaginął za granicą i był poszukiwany?;Ludwik Stawski;Jan Stawski;Karol Stawski;Stefan Stawski
Matura Język Polski;Pozytywizm;trudne;Jak nazywał się młody naukowiec, u którego Wokulski szukał pomocy w Paryżu?;Geist;Ochocki;Szuman;Rossi
Matura Język Polski;Pozytywizm;trudne;Jak nazywał się subiekt, który został zwolniony ze sklepu za kradzież, a później prosił o litość?;Mraczewski;Zięba;Lisiecki;Klein
Matura Język Polski;Pozytywizm;trudne;Jaką karę poniósł Starski za swój flirt z Izabelą w pociągu?;Został pominięty w testamencie prezesowej;Wokulski wyzwał go na pojedynek;Musiał wyjechać z kraju;Stracił cały majątek w karty
Matura Język Polski;Pozytywizm;trudne;Kogo Wokulski spotkał w Paryżu, kto pokazał mu miasto jako wielki, zorganizowany organizm?;Surowin;Geist;Starski;Palmieri
Matura Język Polski;Pozytywizm;trudne;Kogo Wokulski spotkał w Paryżu, kto pracował nad metalem lżejszym od powietrza?;Profesora Geista;Ochockiego;Szumana;Rossiego
Matura Język Polski;Pozytywizm;trudne;Kto w powieści jest autorem słów: "Pleśń i pustka... wszystko próżność"?;Doktor Szuman;Ignacy Rzecki;Julian Ochocki;Tomasz Łęcki
Matura Język Polski;Pozytywizm;trudne;Który z subiektów w sklepie Wokulskiego był zagorzałym socjalistą i antysemitą?;Mraczewski;Zięba;Lisiecki;Klein
Matura Język Polski;Pozytywizm;trudne;W jaki sposób Izabela Łęcka traktowała Wokulskiego w swoich myślach?;Jako narzędzie do spłaty długów;Jako jedyną wielką miłość;Jako niebezpiecznego rewolucjonistę;Jako kogoś równego jej stanem
Matura Język Polski;Pozytywizm;trudne;W jakiej dziedzinie Wokulski przeprowadzał eksperymenty w swojej piwnicy za młodu?;Próbował zbudować perpetuum mobile;Badał minerały;Leczył ludzi;Pisał wiersze
Matura Język Polski;Pozytywizm;trudne;Z jakiego powodu baron Krzeszowski ostatecznie pojednał się z żoną?;Po śmierci ich córki;Z powodu bankructwa;Dla spadku po Zasławskiej;Zmusili ich do tego studenci
Matura Język Polski;Pozytywizm;łatwe;Jak miał na imię ojciec Izabeli Łęckiej?;Tomasz;Stanisław;Julian;Ignacy
Matura Język Polski;Pozytywizm;łatwe;Jak miał na nazwisko wierny subiekt Wokulskiego, autor pamiętnika?;Rzecki;Mincel;Ochocki;Starski
Matura Język Polski;Pozytywizm;łatwe;Jak nazywał się młody rzemieślnik, któremu Wokulski pomógł zdobyć pracę i maszynę?;Wysocki;Węgiełek;Puszczyk;Kuznowski
Matura Język Polski;Pozytywizm;łatwe;Jak nazywał się stary subiekt, przyjaciel Wokulskiego i pamiętnikarz?;Ignacy Rzecki;Julian Ochocki;Kazimierz Starski;Mraczewski
Matura Język Polski;Pozytywizm;łatwe;Jak nazywała się córka furmana Wysockiego, której Wokulski opłacił naukę i opiekę?;Kasia;Marianna;Zuzia;Helena
Matura Język Polski;Pozytywizm;łatwe;Jak nazywała się kawiarnia, w której Rzecki i Wokulski często jadali obiady?;U Hopfera;W Bristolu;W Hotelu Europejskim;U Bliklego
Matura Język Polski;Pozytywizm;łatwe;Jak nazywała się młoda wdowa, która bezskutecznie starała się o względy Wokulskiego?;Kazimiera Wąsowska;Helena Stawska;Prezesowa Zasławska;Ewelina Janocka
Matura Język Polski;Pozytywizm;łatwe;Kim był z pochodzenia i zawodu stary Mincel, u którego uczył się Rzecki?;Niemieckim kupcem;Francuskim kucharzem;Polskim rzemieślnikiem;Rosyjskim urzędnikiem
Matura Język Polski;Pozytywizm;łatwe;Kim z zawodu był Stanisław Wokulski na początku swojej kariery?;Subiektem;Żołnierzem;Naukowcem;Bankierem
Matura Język Polski;Pozytywizm;łatwe;Kto w "Lalce" reprezentuje odchodzące pokolenie idealistów walki, marzące o Napoleonie?;Ignacy Rzecki;Stanisław Wokulski;Julian Ochocki;Tomasz Łęcki
Matura Język Polski;Pozytywizm;łatwe;W kim nieszczęśliwie kochał się Stanisław Wokulski?;W Izabeli Łęckiej;W Helenie Stawskiej;W prezesowej Zasławskiej;W Kazimierze Wąsowskiej
Matura Język Polski;Dramat i Teatr;bardzo trudne;Czyim duchem przeraża się Makbet podczas uczty na zamku?;Banko;Dunkana;Lady Makbet;Swojego ojca
Matura Język Polski;Dramat i Teatr;bardzo trudne;Jak brzmiała przepowiednia dotycząca śmierci Makbeta z rąk człowieka?;Zginie z rąk nienarodzonego naturalnie;Zginie tylko od własnego miecza;Zabije go król z obcej krainy;Zginie dopiero jako starzec
Matura Język Polski;Dramat i Teatr;bardzo trudne;Jakie zjawiska nadprzyrodzone towarzyszyły nocy morderstwa Dunkana?;Konie zjadały się nawzajem;Słońce zgasło;Ziemia pękła;Anioły płakały
Matura Język Polski;Dramat i Teatr;bardzo trudne;Jaką wróżbę Makbet usłyszał od zjaw przywołanych przez czarownice?;Żaden człowiek zrodzony z niewiasty go nie zabije;Zostanie cesarzem świata;Zginie od własnego miecza;Straci wzrok
Matura Język Polski;Dramat i Teatr;bardzo trudne;Kto ostatecznie zabija Makbeta w pojedynku?;Makduf;Malkolm;Banko;Fleance
Matura Język Polski;Dramat i Teatr;bardzo trudne;Kto został królem Szkocji po śmierci Makbeta?;Malkolm;Makduf;Fleance;Donalbain
Matura Język Polski;Dramat i Teatr;bardzo trudne;Zgodnie z przepowiednią, kiedy Makbet może zostać pokonany?;Gdy las Birnam ruszy ku Dunzynan;Gdy słońce zgaśnie;Gdy morze wystąpi z brzegów;Gdy gwiazdy spadną
Matura Język Polski;Dramat i Teatr;trudne;Gdzie Makbet widzi ducha zamordowanego przyjaciela, Banka?;Podczas uczty;W lesie Birnam;W jaskini czarownic;W swojej sypialni
Matura Język Polski;Dramat i Teatr;trudne;Gdzie rozgrywa się akcja tragedii Williama Szekspira?;W Szkocji;W Anglii;W Danii;W Norwegii
Matura Język Polski;Dramat i Teatr;trudne;Gdzie schronili się synowie Dunkana po morderstwie ojca?;W Anglii i Irlandii;W Norwegii;W Francji;W zamku Makbeta
Matura Język Polski;Dramat i Teatr;trudne;Jaką nową godność otrzymał Makbet za odwagę w bitwie na początku utworu?;Tan Cawdoru;Tan Glamis;Król Szkocji;Książę Cumberland
Matura Język Polski;Dramat i Teatr;trudne;Jaką przepowiednię otrzymuje Banko od czarownic?;Że jego potomkowie będą królami;Że zostanie królem;Że zginie w walce;Że zdradzi Makbeta
Matura Język Polski;Dramat i Teatr;trudne;Kogo Makbet mianuje swoimi następcami po usłyszeniu przepowiedni?;Nikogo, chce władać sam;Synów Banka;Malkolma;Makdufa
Matura Język Polski;Dramat i Teatr;trudne;W jaki sposób Lady Makbet próbuje zmyć z rąk "krew" w scenie obłędu?;Ciągle myje dłonie przez sen;Używa perfum;Zdejmuje rękawiczki;Przeciera je piaskiem
Matura Język Polski;Dramat i Teatr;trudne;W jaki sposób spełnia się przepowiednia o "lesie Birnam idącym na Dunzynan"?;Żołnierze niosą ucięte gałęzie drzew;Następuje trzęsienie ziemi i obsuw gruntu;Wiedźmy rzucają urok na roślinność;Las zostaje podpalony przez wroga
Matura Język Polski;Dramat i Teatr;łatwe;Jak nazywał się król Szkocji, którego Makbet zabił na początku tragedii?;Dunkan;Makduf;Banko;Malkolm
Matura Język Polski;Dramat i Teatr;łatwe;Jak nazywał się syn Banka, który zdołał uciec mordercom?;Fleance;Makduf;Malkolm;Donalbain
Matura Język Polski;Dramat i Teatr;łatwe;Kto namawia Makbeta do morderstwa króla Dunkana, by przejąć władzę?;Lady Makbet;Trzy Czarownice;Banko;Makduf
Matura Język Polski;Dramat i Teatr;łatwe;Kto namawia Makbeta do zamordowania króla Duncana?;Lady Makbet;Trzy Czarownice;Banko;Macduff
Matura Język Polski;Dramat i Teatr;łatwe;W jakim kraju toczy się akcja tragedii Szekspira?;W Szkocji;W Anglii;W Danii;W Norwegii
Matura Język Polski;Lektury Obowiązkowe - Zestawienie;bardzo trudne;Jak nazywa się w mitologii wina tragiczna polegająca na błędnej ocenie sytuacji przez bohatera?;Hamartia;Katharsis;Hybris;Mimesis
Matura Język Polski;Lektury Obowiązkowe - Zestawienie;bardzo trudne;Jaką karę wymierzono Syzyfowi za zdradzanie boskich tajemnic i oszukanie śmierci?;Wtaczanie głazu na górę;Przelewanie wody sitem;Przywiązanie do skały;Wieszanie nad nim owoców
Matura Język Polski;Lektury Obowiązkowe - Zestawienie;bardzo trudne;Kto zabił Minotaura w labiryncie na Krecie dzięki pomocy Ariadny?;Tezeusz;Herakles;Perseusz;Jazon
Matura Język Polski;Lektury Obowiązkowe - Zestawienie;trudne;Jak nazywał się król Teb, który nieświadomie zabił ojca i poślubił matkę?;Edyp;Kreon;Lajos;Polinejkes
Matura Język Polski;Lektury Obowiązkowe - Zestawienie;trudne;Jak nazywał się trzygłowy pies strzegący wejścia do krainy zmarłych – Hadesu?;Cerber;Charon;Minotaur;Sfinks
Matura Język Polski;Lektury Obowiązkowe - Zestawienie;trudne;Która mityczna postać została ukarana za pychę i zamieniona w pająka przez Atenę?;Arachne;Niobe;Pandora;Kasandra
Matura Język Polski;Lektury Obowiązkowe - Zestawienie;trudne;Który z mitycznych bohaterów wykradł ogień bogom, by podarować go ludziom?;Prometeusz;Syzyf;Ikar;Tezeusz
Matura Język Polski;Lektury Obowiązkowe - Zestawienie;łatwe;Kto był najpotężniejszym z bogów olimpijskich, władcą piorunów?;Zeus;Posejdon;Hades;Apollo
Matura Język Polski;Lektury Obowiązkowe - Zestawienie;łatwe;Kto w mitologii greckiej był bogiem piorunów i najwyższym władcą Olimpu?;Zeus;Hades;Posejdon;Ares
Matura Język Polski;Lektury Obowiązkowe - Zestawienie;łatwe;Która bogini była patronką mądrości i sprawiedliwej wojny?;Atena;Afrodyta;Hera;Artemida
Matura Język Polski;Dramat i Teatr;bardzo trudne;Jakie słowa (z łaciny) wypowiada Pankracy przed śmiercią?;Galilaee, vicisti!;Veni, vidi, vici;Memento mori;Carpe diem
Matura Język Polski;Dramat i Teatr;trudne;Gdzie odbywa się ostatnia bitwa między arystokracją a rewolucjonistami?;W okopach Świętej Trójcy;W Warszawie;Na zamku Horeszków;W Rzymie
Matura Język Polski;Dramat i Teatr;trudne;Jak kończy życie Pankracy po zwycięstwie rewolucji?;Umiera po ujrzeniu wizji Chrystusa;Zostaje zabity przez Henryka;Popełnia samobójstwo;Zostaje królem
Matura Język Polski;Dramat i Teatr;łatwe;Jak nazywa się żona Hrabiego Henryka, która popada w obłęd?;Maria;Zofia;Anna;Izabela
Matura Język Polski;Dramat i Teatr;łatwe;Kto stoi na czele obozu arystokracji?;Hrabia Henryk;Pankracy;Orcio;Leonard
Matura Język Polski;Dramat i Teatr;bardzo trudne;Kto w utworze wygłasza proroczą i tragiczną wizję upadku miasta?;Kasandra;Helena;Stara piastunka;Chór
Matura Język Polski;Dramat i Teatr;bardzo trudne;W jakimierszu (liczba sylab) napisana jest "Odprawa posłów greckich"?;Trzynastozgłoskowiec;Jedenastozgłoskowiec;Ośmiozgłoskowiec;Wiersz wolny
Matura Język Polski;Dramat i Teatr;bardzo trudne;Z jakiego powodu król Priam nie podejmuje samodzielnej decyzji o wydaniu Heleny?;Oddaje głos radzie królestwa;Boi się zemsty bogini Afrodyty;Został przekupiony przez Parysa;Jest zbyt stary, by władać samodzielnie
Matura Język Polski;Dramat i Teatr;trudne;Jak nazywa się postać, która jako jedyna w radzie trojańskiej dba o dobro państwa?;Antenor;Aleksander (Parys);Priam;Iketaon
Matura Język Polski;Dramat i Teatr;trudne;Jaką funkcję w dramacie pełni Chór?;Komentuje wydarzenia i poucza;Bierze udział w walkach;Udziela rad królowi;Jest posłańcem bogów
Matura Język Polski;Dramat i Teatr;trudne;Który bohater reprezentuje postawę wzorowego obywatela i patrioty?;Antenor;Iketaon;Aleksander;Priam
Matura Język Polski;Dramat i Teatr;trudne;O czyje wydanie proszą greccy posłowie przybyli do Troi?;Heleny;Kasandry;Andromachy;Bryzeidy
Matura Język Polski;Dramat i Teatr;łatwe;Jak nazywa się król Troi, ojciec Aleksandra (Parysa)?;Priam;Antenor;Ulikses;Menelaos
Matura Język Polski;Dramat i Teatr;łatwe;W jakim mieście toczy się akcja tragedii Jana Kochanowskiego?;W Troi;W Sparcie;W Atenach;W Rzymie
Matura Język Polski;Dramat i Teatr;łatwe;W jakim starożytnym mieście-państwie rozgrywa się akcja dramatu Kochanowskiego?;W Troi;W Atenach;W Sparcie;W Tebach
Matura Język Polski;Literatura Wojny i Okupacji;bardzo trudne;Dlaczego narrator "Proszę państwa do gazu" czuje nienawiść do ludzi z transportu?;Bo przez nich musi pracować w upale;Bo są bogatsi od niego;Bo chcą uciekać z obozu;Bo nie chcą oddać mu jedzenia
Matura Język Polski;Literatura Wojny i Okupacji;bardzo trudne;Jak nazywał się kapo, który "opiekował się" narratorem w Harmenzach?;Andrzej;Iwan;Stefan;Kazik
Matura Język Polski;Literatura Wojny i Okupacji;bardzo trudne;Jakie zadania wykonywało tzw. "Kanada" w obozie Auschwitz?;Sortowanie mienia odebranego ludziom;Budowa nowych baraków;Obsługa krematoriów;Praca w kopalniach
Matura Język Polski;Literatura Wojny i Okupacji;bardzo trudne;Jaką funkcję w obozie pełnił narrator (Tadek)?;Był członkiem Kanady (wyładowywał transporty);Był lekarzem;Był kapo;Był kucharzem
Matura Język Polski;Literatura Wojny i Okupacji;bardzo trudne;Które opowiadanie kończy się wyzwoleniem obozu przez Amerykanów?;Bitwa pod Berlinem;U nas w Auschwitzu;Pożegnanie z Marią;Ludzie, którzy szli
Matura Język Polski;Literatura Wojny i Okupacji;trudne;Co narrator widział z okna baraku podczas meczu piłkarskiego?;Ludzi idących do komory gazowej;Pracujących robotników;Odjeżdżające pociągi;Niemieckie ćwiczenia
Matura Język Polski;Literatura Wojny i Okupacji;trudne;Co według Borowskiego oznaczała nadzieja w obozie?;Narzędzie oszustwa i przedłużania cierpienia;Jedyną szansę na przetrwanie;Duchowe wsparcie;Wspólną walkę
Matura Język Polski;Literatura Wojny i Okupacji;trudne;Kim był "blokowy" w rzeczywistości obozowej?;Więźniem funkcyjnym nadzorującym barak;Oficerem SS;Lekarzem;Duchownym
Matura Język Polski;Literatura Wojny i Okupacji;trudne;Kim był "muzułman" w żargonie obozowym opisanym przez autora?;Więźniem skrajnie wycieńczonym;Więźniem uprzywilejowanym;Strażnikiem obozowym;Lekarzem
Matura Język Polski;Literatura Wojny i Okupacji;trudne;Które opowiadanie opisuje wyładowywanie transportów ludzi na rampie kolejowej?;Proszę państwa do gazu;U nas w Auschwitzu;Dzień na Harmenzach;Bitwa pod Berlinem
Matura Język Polski;Literatura Wojny i Okupacji;trudne;Na czym polegała "lagrowość" człowieka według Borowskiego?;Na przystosowaniu moralności do przetrwania;Na buncie przeciwko SS;Na pomaganiu słabszym;Na modlitwie o ratunek
Matura Język Polski;Literatura Wojny i Okupacji;łatwe;Co symbolizuje "rampa" w opowiadaniach Tadeusza Borowskiego?;Miejsce selekcji transportów;Miejsce odpoczynku więźniów;Magazyn z jedzeniem;Bramę wyjściową na wolność
Matura Język Polski;Literatura Wojny i Okupacji;łatwe;Jak nazywa się główny bohater i narrator opowiadań (alter ego autora)?;Tadek;Janusz;Marek;Andrzej
Matura Język Polski;Literatura Wojny i Okupacji;łatwe;Jak nazywał się narzeczona Tadka w opowiadaniach?;Maria;Zofia;Anna;Krystyna
Matura Język Polski;Literatura Wojny i Okupacji;łatwe;W jakim obozie koncentracyjnym toczy się akcja większości opowiadań?;Auschwitz-Birkenau;Treblinka;Majdanek;Sobibór
Matura Język Polski;Oświecenie;bardzo trudne;Czym charakteryzuje się powieść dydaktyczna "Mikołaja Doświadczyńskiego przypadki"?;Pouczaniem czytelnika poprzez przygody bohatera;Brakiem akcji;Opisem krwawych bitew;Skupieniem na uczuciach
Matura Język Polski;Oświecenie;bardzo trudne;Jak nazywa się hymn oświecenia autorstwa Krasickiego?;"Święta miłości kochanej ojczyzny";"Mazurek Dąbrowskiego";"Oda do radości";"Bogurodzica"
Matura Język Polski;Oświecenie;bardzo trudne;Jak nazywa się pierwsza polska powieść nowożytna autorstwa Ignacego Krasickiego?;Mikołaja Doświadczyńskiego przypadki;Pan Podstoli;Wojna mnichów;Historia
Matura Język Polski;Oświecenie;trudne;Jak nazywa się gatunek literacki, którym posłużył się Krasicki w "Monachomachii"?;Poemat heroikomiczny;Epos;Satyra;Bajka
Matura Język Polski;Oświecenie;trudne;Jak nazywała się pierwsza polska gazeta wydawana w XVIII wieku?;"Monitor";"Kurier Warszawski";"Gazeta Wyborcza";"Tygodnik"
Matura Język Polski;Oświecenie;trudne;Która postać z "Powrotu posła" reprezentuje bezmyślne naśladowanie francuskiej mody?;Starosta Gadulski;Podkomorzy;Walery;Teresa
Matura Język Polski;Oświecenie;trudne;O kim mowa w bajce "Szczur i kot" Krasickiego?;O pysze, która prowadzi do zguby;O przyjaźni;O mądrości;O sprycie
Matura Język Polski;Oświecenie;łatwe;Jak nazywa się bajka Ignacego Krasickiego o dwóch braciach, z których jeden był "dobry", a drugi "zły"?;Jagnię i wilcy;Dewotka;Ptaszki w klatce;Szczur i kot
Matura Język Polski;Oświecenie;łatwe;Kto jest autorem "Hymnu do miłości ojczyzny"?;Ignacy Krasicki;Franciszek Karpiński;Julian Ursyn Niemcewicz;Hugo Kołłątaj
Matura Język Polski;Oświecenie;łatwe;Kto uchodzi za najwybitniejszego polskiego twórcę bajek i satyr tego okresu?;Ignacy Krasicki;Julian Ursyn Niemcewicz;Franciszek Karpiński;Hugo Kołłątaj
Matura Język Polski;Romantyzm;bardzo trudne;Gdzie Jacek Soplica ukrywał się przed przyjazdem do Soplicowa jako Ksiądz Robak?;W Legionach Polskich we Włoszech;W klasztorze w Warszawie;W Rosji;W Paryżu
Matura Język Polski;Romantyzm;bardzo trudne;Ile ksiąg liczy poemat "Pan Tadeusz"?;12;10;13;7
Matura Język Polski;Romantyzm;bardzo trudne;Ile lat minęło od śmierci Stolnika do powrotu Tadeusza do domu?;Około dwudziestu;Dziesięć;Piętnaście;Dwadzieścia pięć
Matura Język Polski;Romantyzm;bardzo trudne;Ilu Rosjan zginęło bezpośrednio z ręki Księdza Robaka podczas bitwy z moskalami w Soplicowie?;Żaden (Robak tylko dowodził);Dwaj oficerowie;Dziesięciu żołnierzy;Tylko major Płut
Matura Język Polski;Romantyzm;bardzo trudne;Jakie wydarzenie ostatecznie godzi zwaśnione rody Sopliców i Horeszków?;Zaręczyny Tadeusza i Zosi;Śmierć Jacka Soplicy;Bitwa z Moskalami;Przyjazd Napoleona
Matura Język Polski;Romantyzm;bardzo trudne;Jaką nazwę nosił szlachecki ród, z którego pochodził Rejent Bolesta?;Z rodu Korczak;Z rodu Jastrzębiec;Z rodu Leliwa;Z rodu Dołęga
Matura Język Polski;Romantyzm;bardzo trudne;Który z bohaterów jako pierwszy rozpoznał w Księdzu Robaku Jacka Soplicę?;Gerwazy;Sędzia;Wojski;Protazy
Matura Język Polski;Romantyzm;bardzo trudne;Z jakiego powodu Telimena chciała wyjechać z Tadeuszem do Petersburga?;Chciała wprowadzić go na salony;Uciekała przed długami;Szukała tam zaginionego męża;Miała tam odebrać spadek
Matura Język Polski;Romantyzm;bardzo trudne;Z jakiego powodu Wojski przerywa swoją opowieść o Domeyce i Dowejce?;Z powodu pojawienia się niedźwiedzia;Bo zgasło światło w izbie;Zasnął podczas mówienia;Podkomorzy mu przerwał
Matura Język Polski;Romantyzm;trudne;Jak nazywa się zajazd, w którym odbywa się spotkanie szlachty i planowanie powstania?;Karczma u Jankiela;Zajazd u Soplicy;Karczma Rzym;Zajazd u Wojskiego
Matura Język Polski;Romantyzm;trudne;Jak nazywało się jedzenie przygotowywane przez Wojskiego po udanym polowaniu?;Bigos;Żurek;Pieczeń;Zrazy
Matura Język Polski;Romantyzm;trudne;Jaką funkcję na dworze Soplicy pełnił Gerwazy?;Klucznik;Woźny;Podkomorzy;Asesor
Matura Język Polski;Romantyzm;trudne;Jaką funkcję pełnił na Litwie Sędzia Soplica, gospodarz w Soplicowie?;Sędziego ziemskiego;Podkomorzego;Wojskiego;Kasztelana
Matura Język Polski;Romantyzm;trudne;Jaką karę wyznaczył Sędzia Tadeuszowi za rzekome uwiedzenie Telimeny?;Ślub z Zosią;Wygnanie z domu;Pojedynek z Hrabią;Służbę w wojsku
Matura Język Polski;Romantyzm;trudne;Jaką nazwę nosił ulubiony pies Asesora, który brał udział w sporze o charty?;Sokół;Kusy;Rejent;Kruczek
Matura Język Polski;Romantyzm;trudne;Kto w utworze wygłasza słynną naukę o grzeczności podczas uczty?;Sędzia;Podkomorzy;Ksiądz Robak;Wojski
Matura Język Polski;Romantyzm;trudne;W jakiej zagranicznej miejscowości Jacek Soplica został ranny, co zapoczątkowało jego pokutę?;Pod Rzymem;Pod Hohenlinden;Pod Jeną;Pod Austerlitz
Matura Język Polski;Romantyzm;trudne;Z jakiego powodu Hrabia przystąpił do ataku na Soplicowo wraz ze szlachtą?;Z powodu pretensji do zamku Horeszków;Chciał poślubić Zosię;Dla zabawy;Był rosyjskim szpiegiem
Matura Język Polski;Romantyzm;trudne;Z jakiej okazji odbyła się ostatnia wielka uczta w Soplicowie?;Zaręczyn trzech par i wejścia wojsk polskich;Imienin Sędziego;Powrotu Tadeusza;Ślubu Hrabiego
Matura Język Polski;Romantyzm;łatwe;Jak nazywa się zamek, o który toczy się spór w epopei Mickiewicza?;Zamek Horeszków;Zamek Sopliców;Zamek w Mirze;Zamek w Nieświeżu
Matura Język Polski;Romantyzm;łatwe;Jak nazywała się ukochana Hrabiego, dla której zbierał on w ogrodzie ogórki?;Telimena;Zosia;Wojskanka;Podkomorzanka
Matura Język Polski;Romantyzm;łatwe;Kto w utworze Adama Mickiewicza zajmuje się wychowaniem młodej Zosi w Soplicowie?;Telimena;Podkomorzyna;Asesorowa;Rejentowa
Matura Język Polski;Romantyzm;łatwe;Kto wygrał spór o charty: Rejent czy Asesor?;Spór zakończył się remisem (oba psy złapały);Rejent;Asesor;Sędzia
Matura Język Polski;Romantyzm;łatwe;Kto zabił Stolicnika Horeszkę?;Jacek Soplica;Klucznik Gerwazy;Hrabia;Rejent
Matura Język Polski;Romantyzm;łatwe;Kto zabił Stolnika Horeszkę, co stało się przyczyną narodowej tragedii?;Jacek Soplica;Gerwazy;Hrabia;Rejent
Matura Język Polski;Barok;bardzo trudne;Czym charakteryzował się ród Kiemliczów, którzy służyli Kmicicowi?;Byli waleczni, ale skłonni do grabieży;Byli dawnymi arystokratami;Byli szpiegami Radziwiłła;Byli zakonnikami
Matura Język Polski;Barok;bardzo trudne;Gdzie Kmicic ukrył się przed Szwedami po wybuchu kolubryny?;W lesie u Kiemliczów;W klasztorze;W zamku Radziwiłła;U Oleńki
Matura Język Polski;Barok;bardzo trudne;Ilu synów miał stary Kiemlicz, towarzyszący Kmicicowi?;Dwóch (Kosma i Damian);Trzech;Jednego;Czworo
Matura Język Polski;Barok;bardzo trudne;Jak nazywał się król Polski w czasie potopu szwedzkiego?;Jan Kazimierz;Władysław IV;Jan III Sobieski;Michał Korybut Wiśniowiecki
Matura Język Polski;Barok;bardzo trudne;Jaką nazwę nosiła posiadłość Oleńki Billewiczówny?;Wodokty;Billewicze;Lubicz;Mitruny
Matura Język Polski;Barok;bardzo trudne;Jaką nazwę nosiły oddziały tatarskie, którymi dowodził Kmicic jako Babinicz?;Ordynka;Czeremisi;Lipkowie;Janczarzy
Matura Język Polski;Barok;bardzo trudne;Jaką obietnicę złożył Kmicic na łożu śmierci Januszowi Radziwiłłowi?;Żadnej, bo to Radziwiłł zmarł pierwszy;Wierność do końca życia;Opiekę nad jego córką;Spłatę długów
Matura Język Polski;Barok;bardzo trudne;Który król polski został uratowany przez Kmicica w wąwozie górskim?;Jan Kazimierz;Władysław IV;Michał Korybut Wiśniowiecki;Jan III Sobieski
Matura Język Polski;Barok;bardzo trudne;W jaki sposób Kmicic unieszkodliwił szwedzką kolubrynę pod Jasną Górą?;Wysadził ją prochem;Ukradł ją nocą;Zapchał jej lufę piaskiem;Przekupił obsługę armaty
Matura Język Polski;Barok;bardzo trudne;W jakiej bitwie Kmicic został ciężko ranny, broniąc króla przed Szwedami?;W bitwie pod Wąwozem (spotkanie z królem);Pod Warszawą;Pod Częstochową;Pod Kiejdanami
Matura Język Polski;Barok;bardzo trudne;W jakim mieście Kmicic wyjawił królowi Janowi Kazimierzowi swoją prawdziwą tożsamość?;We Lwowie;W Głogówku;W Częstochowie;W Warszawie
Matura Język Polski;Barok;bardzo trudne;Z jakiego powodu Oleńka ostatecznie wybaczyła Kmicicowi w kościele?;Odczytano list królewski o jego zasługach;On sam ją o to poprosił;Zagłoba ją przekonał;Kmicic uratował jej życie
Matura Język Polski;Barok;bardzo trudne;Z jakiego powodu szlachta laudańska początkowo nienawidziła Kmicica?;Za spalenie Wołmontowicz;Za służbę u Szwedów;Za porwanie Oleńki;Za pychę rodową
Matura Język Polski;Barok;trudne;Gdzie Kmicic więził Bogusława Radziwiłła po udanym porwaniu?;W Taurogach;W Kiejdanach;W Pilwiszkach;W Częstochowie
Matura Język Polski;Barok;trudne;Gdzie Kmicic wykazuje się bohaterstwem, wysadzając kolubrynę (wielkie działo)?;Pod Jasną Górą;W Warszawie;W Kiejdanach;Pod Częstochową
Matura Język Polski;Barok;trudne;Jak Kmicic uratował życie królowi podczas powrotu do kraju?;Osłonił go własnym ciałem w wąwozie;Przekupił zamachowców;Wskazał mu inną drogę;Zabił szwedzkiego dowódcę
Matura Język Polski;Barok;trudne;Jak nazywa się potężny ród magnacki, który zdradził Polskę i przeszedł na stronę Szwedów?;Radziwiłłowie;Lubomirscy;Potoccy;Czartoryscy
Matura Język Polski;Barok;trudne;Jak nazywali się trzej bracia, wierni kompani Kmicica, którzy zginęli w walce?;Kiemlicze;Butrymowie;Sikorowie;Gacki
Matura Język Polski;Barok;trudne;Jak nazywał się dowódca szwedzki, który poddał Warszawę po oblężeniu przez Polaków?;Wittenberg;Miller;Douglas;Radziwiłł
Matura Język Polski;Barok;trudne;Jaką karę Kmicic wymierzył zdrajcy Kuklinowskiemu za tortury?;Kazał go powiesić za nogi;Zastrzelił go;Wyzwał na pojedynek;Oddał go Szwedom
Matura Język Polski;Barok;trudne;Jaką rolę w powieści odgrywają bracia Kiemlicze?;Są wiernymi, choć brutalnymi sługami Kmicica;Byli szwedzkimi szpiegami;To bracia Oleńki;To dowódcy armii
Matura Język Polski;Barok;trudne;Kto był największym zdrajcą ojczyzny, któremu początkowo służył Kmicic?;Janusz Radziwiłł;Bogusław Radziwiłł;Jeremi Wiśniowiecki;Stefan Czarniecki
Matura Język Polski;Barok;trudne;Który szwedzki dowódca oblegał Jasną Górę i prowadził rokowania z przeorem Kordeckim?;Miller;Douglas;Wittenberg;Wrzosowicz
Matura Język Polski;Barok;trudne;Który z bohaterów wypowiedział słowa: "Kończ waść, wstydu oszczędź"?;Andrzej Kmicic;Michał Wołodyjowski;Janusz Radziwiłł;Bogusław Radziwiłł
Matura Język Polski;Barok;trudne;Pod jakim przybranym nazwiskiem Kmicic walczy w obronie Jasnej Góry?;Babinicz;Kiemlicz;Soplica;Kmicic-Kmicic
Matura Język Polski;Barok;trudne;W jakim celu Kmicic udał się na Śląsk do króla Jana Kazimierza?;By ostrzec go przed zdradą magnatów;By prosić o rękę Oleńki;By uciec przed Wołodyjowskim;By prosić o żołd dla żołnierzy
Matura Język Polski;Barok;trudne;Z jakiego powodu Kmicic porwał namiestnika Bogusława Radziwiłła?;W odwecie za zdradę i zniewagę Oleńki;Dla okupu;Z zazdrości;Dla zabawy
Matura Język Polski;Barok;łatwe;Jak ma na imię ukochana Andrzeja Kmicica?;Oleńka Billewiczówna;Izabela Łęcka;Jagna Paczesiówna;Anusia Borzobohata
Matura Język Polski;Barok;łatwe;Jak miał na imię ojciec Oleńki, który zapisał ją w testamencie Kmicicowi?;Herakliusz Billewicz;Tomasz Billewicz;Jan Billewicz;Andrzej Billewicz
Matura Język Polski;Barok;łatwe;Jak nazywa się główny bohater, który przechodzi przemianę z warchoła w patriotę?;Andrzej Kmicic;Jan Skrzetuski;Michał Wołodyjowski;Onufry Zagłoba
Matura Język Polski;Barok;łatwe;Jak nazywała się broń, którą Kmicic wysadził pod Jasną Górą?;Kolubryna;Moździerz;Muszkiet;Falkonet
Matura Język Polski;Barok;łatwe;Jaką ważną twierdzę klasztorną oblegały wojska szwedzkie w powieści?;Jasną Górę;Wawel;Malbork;Zamość
Matura Język Polski;Barok;łatwe;Kogo Kmicic więził w piwnicy, chcąc go zmusić do zmiany poglądów politycznych?;Bogusława Radziwiłła;Jana Kazimierza;Zagłobę;Wołodyjowskiego
Matura Język Polski;Barok;łatwe;Kto w powieści "Potop" dowodził obroną Częstochowy?;Przeor Augustyn Kordecki;Andrzej Kmicic;Stefan Czarniecki;Jan Kazimierz
Matura Język Polski;Barok;łatwe;Która postać z trylogii Sienkiewicza jest mistrzem forteli i humoru?;Onufry Zagłoba;Andrzej Kmicic;Jan Skrzetuski;Michał Wołodyjowski
Matura Język Polski;Barok;łatwe;Przeciwko któremu państwu Polska prowadzi wojnę w "Potopie"?;Szwecji;Rosji;Turcji;Prusom
Matura Język Polski;Barok;łatwe;W jakim regionie Polski zaczyna się akcja powieści Henryka Sienkiewicza?;Na Żmudzi;Na Mazowszu;W Wielkopolsce;W Małopolsce
Matura Język Polski;Literatura Współczesna;bardzo trudne;Kto jest autorem powieści "Znachor"?;Tadeusz Dołęga-Mostowicz;Stefan Żeromski;Bolesław Prus;Władysław Reymont
Matura Język Polski;Literatura Współczesna;trudne;Jak nazywa się córka Wilczura, którą spotyka po latach nieświadomy pokrewieństwa?;Marysia;Zosia;Hela;Ania
Matura Język Polski;Literatura Współczesna;trudne;W jakim miejscu Wilczur osiedla się i zaczyna leczyć ludzi jako znachor?;W młynie;W pałacu;W szpitalu miejskim;W klasztorze
Matura Język Polski;Literatura Współczesna;łatwe;Jak nazywa się główny bohater, wybitny chirurg, który traci pamięć?;Rafał Wilczur;Antoni Kosiba;Janusz Czyński;Samuel Obiedziński
Matura Język Polski;Literatura Współczesna;łatwe;Pod jakim imieniem i nazwiskiem występuje Wilczur po utracie pamięci?;Antoni Kosiba;Jan Kowalski;Stefan Karwowski;Józef K.
Matura Język Polski;Dwudziestolecie Międzywojenne;bardzo trudne;Jak nazywała się posiadłość Laury Kościenieckiej, gdzie Cezary bywał gościem?;Lechnice;Nawłoć;Korczyn;Wola
Matura Język Polski;Dwudziestolecie Międzywojenne;bardzo trudne;Jaki jest finał romansu Cezarego z Laurą Kościeniecką?;Laura wychodzi za Barwickiego, a Cezary odchodzi;Pobierają się;Laura umiera;Razem uciekają
Matura Język Polski;Dwudziestolecie Międzywojenne;bardzo trudne;Jakie nazwisko nosił mąż Laury Kościenieckiej, który pobił Cezarego szpicrutą?;Barwicki;Gajowiec;Wielosławski;Lulek
Matura Język Polski;Dwudziestolecie Międzywojenne;bardzo trudne;Jaką metaforą Seweryn Baryka określał marzenie o nowoczesnej i sprawiedliwej Polsce?;Szklane domy;Złote pola;Murowane miasta;Żelazne drogi
Matura Język Polski;Dwudziestolecie Międzywojenne;bardzo trudne;Kto w powieści reprezentuje poglądy komunistyczne i dyskutuje z Cezarym?;Antoni Lulek;Szymon Gajowiec;Hipolit Wielosławski;Barwicki
Matura Język Polski;Dwudziestolecie Międzywojenne;bardzo trudne;Z jakiego powodu Cezary Baryka ostatecznie opuścił Nawłoć?;Z powodu skandalu z Laurą;Zmarł jego przyjaciel Hipolit;Został aresztowany;Musiał jechać na wojnę
Matura Język Polski;Dwudziestolecie Międzywojenne;bardzo trudne;Z kim Cezary Baryka idzie w ostatniej scenie na Belweder?;Z manifestacją robotników;Z wojskiem;Z Laurą;Samotnie
Matura Język Polski;Dwudziestolecie Międzywojenne;trudne;Co Cezary Baryka robił podczas rewolucji w Baku?;Pracował przy grzebaniu zwłok;Walczył w oddziałach białych;Był komisarzem ludowym;Uciekł do lasu
Matura Język Polski;Dwudziestolecie Międzywojenne;trudne;Jak nazywa się posiadłość, do której Cezary udaje się po wojnie polsko-bolszewickiej?;Nawłoć;Zasław;Bronowice;Lipce
Matura Język Polski;Dwudziestolecie Międzywojenne;trudne;Jak nazywała się największa miłość Cezarego z czasów pobytu w Nawłoci?;Laura Kościeniecka;Karolina Szarłatowiczówna;Wanda Okszyńska;Jadwiga Barykowa
Matura Język Polski;Dwudziestolecie Międzywojenne;trudne;Jaką rolę w życiu Cezarego pełniła Wanda Okszyńska?;Zazdrosnej wielbicielki;Nauczycielki;Siostry;Ukochanej
Matura Język Polski;Dwudziestolecie Międzywojenne;trudne;Kim był Szymon Gajowiec dla Cezarego Baryki?;Dawną miłością matki i mentorem;Wrogiem politycznym;Bratem ojca;Dowódcą w wojsku
Matura Język Polski;Dwudziestolecie Międzywojenne;trudne;Kim dla Cezarego Baryki była Karolina Szarłatowiczówna?;Kuzynką zakochaną w nim;Jego siostrą;Ukochaną z Baku;Nauczycielką
Matura Język Polski;Dwudziestolecie Międzywojenne;trudne;W jakiej wielkiej bitwie brał udział Cezary Baryka po przyjeździe do Polski?;Bitwie Warszawskiej 1920 r.;Obronie Lwowa;Powstaniu Wielkopolskim;Bitwie pod Mławą
Matura Język Polski;Dwudziestolecie Międzywojenne;trudne;Z jakiego powodu ojciec Cezarego, Seweryn, zmarł w drodze do Polski?;Z wycieńczenia i choroby;Został zastrzelony;Zginął w wypadku;Popełnił samobójstwo
Matura Język Polski;Dwudziestolecie Międzywojenne;łatwe;Gdzie Cezary Baryka po raz pierwszy zobaczył "szklane domy"?;Nigdzie, były tylko mitem ojca;W Warszawie;W Baku;W Charkowie
Matura Język Polski;Dwudziestolecie Międzywojenne;łatwe;Gdzie Cezary Baryka spędził dzieciństwo i młodość?;W Baku;W Warszawie;W Moskwie;W Krakowie
Matura Język Polski;Dwudziestolecie Międzywojenne;łatwe;Jak nazywa się główny bohater powieści Żeromskiego?;Cezary Baryka;Seweryn Baryka;Szymon Gajowiec;Antoni Lulek
Matura Język Polski;Dwudziestolecie Międzywojenne;łatwe;Jak nazywała się matka Cezarego Baryki, która zmarła w Baku?;Jadwiga;Maria;Anna;Zofia
Matura Język Polski;Dwudziestolecie Międzywojenne;łatwe;Z jakiego miasta w Rosji Cezary Baryka ucieka do Polski?;Z Baku;Z Moskwy;Z Petersburga;Z Odessy
Matura Język Polski;Renesans;bardzo trudne;Czego dotyczy traktat "O poprawie Rzeczypospolitej"?;Reformy państwa, kościoła i edukacji;Opisu bitew;Pochwały przyrody;Zasad pisania wierszy
Matura Język Polski;Renesans;bardzo trudne;Do kogo zwraca się poeta w Trenie X, pytając o miejsce pobytu córki?;Do Urszulki;Do Boga;Do antycznych bogów;Do własnej matki
Matura Język Polski;Renesans;bardzo trudne;Jak Kochanowski określił śmierć w Trenach, używając metafory?;Snem żelaznym, nieprzespanym;Ciemną doliną;Bramą do nieba;Głuchą ciszą
Matura Język Polski;Renesans;bardzo trudne;Jak nazywa się cykl utworów Kochanowskiego opisujący życie wiejskie?;Pieśń świętojańska o Sobótce;Treny;Fraszki;Psalmy Dawidowe
Matura Język Polski;Renesans;bardzo trudne;Który "Tren" Kochanowskiego kończy się słowami: "Ludzkie przygody, ludzkie noś"?;Tren XIX (albo Sen);Tren IX;Tren X;Tren XI
Matura Język Polski;Renesans;bardzo trudne;Który filozof grecki był głównym wzorcem dla stoicyzmu Kochanowskiego?;Seneka;Arystoteles;Platon;Sokrates
Matura Język Polski;Renesans;bardzo trudne;Który utwór Kochanowskiego jest uważany za pierwszy polski dramat nowożytny?;Odprawa posłów greckich;Odprawa posłów rzymskich;Śmierć Priama;Helena w Troi
Matura Język Polski;Renesans;trudne;Czym jest "Sobótka" w tytule cyklu pieśni Jana Kochanowskiego?;Ludowym świętem ognia i miłości;Nazwą wioski pod Krakowem;Imieniem bohaterki pieśni;Dniem wolnym od pracy w polu
Matura Język Polski;Renesans;trudne;Ile trenów napisał Kochanowski po śmierci swojej córki?;19;12;21;10
Matura Język Polski;Renesans;trudne;Jak nazywa się nurt stawiający człowieka i jego sprawy w centrum uwagi?;Humanizm;Reformacja;Scholastyka;Mistycyzm
Matura Język Polski;Renesans;trudne;Jak nazywa się utwór Mikołaja Reja, w którym Pan, Wójt i Pleban kłócą się o stan Rzeczypospolitej?;Krótka rozprawa między trzema osobami...;Żywot człowieka poczciwego;Figliki;Zwierciadło
Matura Język Polski;Renesans;trudne;Jaki motyw przewodni dominuje w Trenie IX i XI?;Kryzys wiary w mądrość i cnotę;Pochwała życia wiejskiego;Nadzieja na spotkanie z córką;Pogodzenie się z losem
Matura Język Polski;Renesans;trudne;Jaką pieśnią Kochanowski gloryfikuje piękno stworzonego przez Boga świata?;Czego chcesz od nas, Panie;Pieśń o spustoszeniu Podola;Pieśń świętojańska o Sobótce;Tren X
Matura Język Polski;Renesans;trudne;Kto jest autorem słów: "A niechaj narodowie wżdy postronni znają, iż Polacy nie gęsi..."?;Mikołaj Rej;Jan Kochanowski;Łukasz Górnicki;Piotr Skarga
Matura Język Polski;Renesans;trudne;Kto w "Odprawie posłów greckich" reprezentuje postawę przekupnego i egoistycznego polityka?;Iketaon;Antenor;Priam;Aleksander
Matura Język Polski;Renesans;łatwe;Jak nazywa się pierwsza polska tragedia nowożytna autorstwa Jana Kochanowskiego?;Odprawa posłów greckich;Odprawa posłów trojańskich;Antygona;Pieśń świętojańska o Sobótce
Matura Język Polski;Renesans;łatwe;Jak nazywa się utwór Kochanowskiego, który zaczyna się od słów "Czego chcesz od nas, Panie"?;Hymn;Pieśń;Tren;Fraszka
Matura Język Polski;Renesans;łatwe;Kto jest autorem cyklu "Trenów", poświęconych zmarłej córce Urszulce?;Jan Kochanowski;Mikołaj Rej;Piotr Skarga;Andrzej Frycz Modrzewski
Matura Język Polski;Renesans;łatwe;Kto napisał "Odprawę posłów greckich"?;Jan Kochanowski;Mikołaj Rej;Andrzej Frycz Modrzewski;Piotr Skarga
Matura Język Polski;Renesans;łatwe;W jakim polskim mieście (wiosce) mieszkał i tworzył Jan Kochanowski?;W Czarnolesie;W Krakowie;W Sandomierzu;W Krzemieńcu
Matura Język Polski;Romantyzm;bardzo trudne;Czego symbolem jest mała, biała róża pojawiająca się w Widzeniu Ewy?;Niewinności i czystości;Upadku narodu;Zdrady Konrada;Przyszłej wolności
Matura Język Polski;Romantyzm;bardzo trudne;Jak nazywa się góra, na której Kordian wygłasza swój monolog o "Winkelriedzie narodów"?;Mont Blanc;Jungfrau;Gerlach;Giewont
Matura Język Polski;Romantyzm;bardzo trudne;Jaką rolę w II części "Dziadów" pełnią aniołki Józio i Rózia?;Duchów lekkich;Duchów pośrednich;Duchów ciężkich;Widm potępionych
Matura Język Polski;Romantyzm;bardzo trudne;Kto w III części "Dziadów" odprawia egzorcyzmy nad opętanym Konradem?;Ksiądz Piotr;Ksiądz Lwowicz;Kapral;Guślarz
Matura Język Polski;Romantyzm;bardzo trudne;W jakim celu Konrad w III części "Dziadów" chce władać duszami ludzi?;By uszczęśliwić naród siłą;By pokonać szatana;By zostać nowym carem;By zemścić się na Bogu
Matura Język Polski;Romantyzm;trudne;Gdzie rozgrywa się akcja "Małej Improwizacji" w III części "Dziadów"?;W celi klasztoru bazylianów w Wilnie;W salonie warszawskim;Na cmentarzu;W posiadłości senatora
Matura Język Polski;Romantyzm;trudne;Jak nazywa się postać z "Kordiana", która towarzyszy bohaterowi w podróży i jest jego sługą?;Grzegorz;Imaginacja;Strach;Prezes
Matura Język Polski;Romantyzm;trudne;Jak zginął Doktor w III części "Dziadów" (postać wzorowana na ojczymie Słowackiego)?;Został rażony piorunem;Zastrzelono go;Zmarł na tyfus;Otruł się
Matura Język Polski;Romantyzm;trudne;Jaką karę za pychę i brak empatii ponosi Widmo Złego Pana w II części "Dziadów"?;Wieczny głód i pragnienie;Płonienie w ogniu;Brak możliwości zaśnięcia;Samotność
Matura Język Polski;Romantyzm;trudne;Kto w III części "Dziadów" wygłasza proroctwo o "wskrzesicielu narodu" o imieniu "44"?;Ksiądz Piotr;Konrad;Kapral;Anioł Stróż
Matura Język Polski;Romantyzm;trudne;Która postać w III części "Dziadów" zostaje wyprowadzona z celi na przesłuchanie i wypada z okna?;Rollison;Janczewski;Wasilewski;Sobolewski
Matura Język Polski;Romantyzm;łatwe;Jak ma na imię bohater "Dziadów cz. III", który wygłasza Wielką Improwizację?;Konrad;Gustaw;Kordian;Jacek
Matura Język Polski;Romantyzm;łatwe;Jak nazywa się duchowa ukochana Gustawa z IV części "Dziadów"?;Maryla;Zosia;Telimena;Aldona
Matura Język Polski;Romantyzm;łatwe;Jak nazywa się młodzieńcza miłość Gustawa z IV części "Dziadów"?;Maryla;Laura;Zosia;Karolina
Matura Język Polski;Romantyzm;łatwe;W której części "Dziadów" występuje postać upiora, który ukazuje się na weselu?;W części II;W części IV;W części III;W części I
Matura Język Polski;Literatura Wojny i Okupacji;bardzo trudne;Jaki stopień wojskowy w SS posiadał Jürgen Stroop?;SS-Gruppenführer;SS-Obersturmführer;Reichsführer;SS-Standartenführer
Matura Język Polski;Literatura Wojny i Okupacji;trudne;W jakim więzieniu Moczarski siedział ze Stroopem?;Na Mokotowie;Na Pawiaku;W Rawiczu;We Wronkach
Matura Język Polski;Literatura Wojny i Okupacji;trudne;Zniszczenie którego polskiego obiektu było "największym sukcesem" Stroopa?;Getta warszawskiego;Zamku Królewskiego;Starówki;Poczty Gdańskiej
Matura Język Polski;Literatura Wojny i Okupacji;łatwe;Kto jest autorem książki "Rozmowy z katem"?;Kazimierz Moczarski;Gustaw Herling-Grudziński;Hanna Krall;Tadeusz Borowski
Matura Język Polski;Literatura Wojny i Okupacji;łatwe;Z kim autor dzielił celę więzienną przez 255 dni?;Z Jürgenem Stroopem;Z Rudolfem Hössem;Z Adolfem Eichmannem;Z Hansem Frankiem
Matura Język Polski;Literatura Współczesna;bardzo trudne;Jak nazywa się traktat, który ojciec wygłasza do służebnych dziewcząt?;Traktat o manekinach;Traktat o marionetkach;Traktat o maszynach;Traktat o snach
Matura Język Polski;Literatura Współczesna;trudne;Kim z zawodu jest ojciec bohatera, Jakub?;Kupcem bławatnym;Lekarzem;Nauczycielem;Urzędnikiem
Matura Język Polski;Literatura Współczesna;trudne;W jakiego ptaka (lub ptaki) próbuje przeobrazić się ojciec w jednym z opowiadań?;W kondora;W jaskółkę;W gołębia;W pawia
Matura Język Polski;Literatura Współczesna;łatwe;Jak nazywa się miasto, w którym toczy się akcja opowiadań Schulza?;Drohobycz;Lwów;Kraków;Warszawa
Matura Język Polski;Literatura Współczesna;łatwe;Która postać w utworze jest przedmiotem fascynacji i lęku, będąc uosobieniem żywiołu kobiecego?;Adela;Matka;Pia;Tulu
Matura Język Polski;Dramat i Teatr;bardzo trudne;Co stało się ze szkatułką na końcu sztuki?;Została zwrócona w zamian za zgodę na ślub;Zaginęła na zawsze;Harpagon ją spalił;Strzałka ją zatrzymał
Matura Język Polski;Dramat i Teatr;bardzo trudne;Dlaczego Harpagon nie chciał, aby Kleant ożenił się z Marianną?;Sam chciał ją poślubić;Marianna była zbyt biedna;Uważał ją za szpiega;Nienawidził jej ojca
Matura Język Polski;Dramat i Teatr;bardzo trudne;Jak Harpagon reaguje na wieść, że Anzelm pokryje koszty ślubów?;Zgadza się natychmiast;Dalej żąda posagu;Ucieka z domu;Płacze ze szczęścia
Matura Język Polski;Dramat i Teatr;bardzo trudne;Jak nazywa się służący Kleanta, który kradnie szkatułkę Harpagona?;Strzałka;Jakub;Simon;Walery
Matura Język Polski;Dramat i Teatr;bardzo trudne;Jakie imię nosi bogaty pan, który na końcu okazuje się ojcem Marianny i Walerego?;Anzelm;La Fleche;Jakub;Tomasz
Matura Język Polski;Dramat i Teatr;bardzo trudne;Jaką kwotę pożyczył Kleant od lichwiarza, którym okazał się jego ojciec?;Piętnaście tysięcy franków;Dziesięć tysięcy franków;Pięć tysięcy franków;Tysiąc franków
Matura Język Polski;Dramat i Teatr;bardzo trudne;Kogo Harpagon oskarża o kradzież swojego skarbu w słynnym monologu?;Wszystkich, w tym siebie samego;Swojego syna Kleanta;Służącego Strzałkę;Mariannę
Matura Język Polski;Dramat i Teatr;trudne;Co Harpagon trzymał zakopane w ogrodzie i panicznie bał się stracić?;Szkatułkę ze złotem;Akt własności domu;Listy miłosne;Biżuterię po żonie
Matura Język Polski;Dramat i Teatr;trudne;Jak Harpagon chciał zaoszczędzić na weselu córki?;Wydając ją za kogoś "bez posagu";Nie zapraszając gości;Organizując ślub w nocy;Podając tylko wodę
Matura Język Polski;Dramat i Teatr;trudne;Jak mają na imię dzieci Harpagona?;Kleant i Eliza;Walery i Marianna;Jakub i strzałka;Anzelm i Frozyna
Matura Język Polski;Dramat i Teatr;trudne;Jaką rolę w domu Harpagona pełnił Walery?;Rządcy zakochanego w Elizie;Kucharza;Stajennego;Wierzyciela
Matura Język Polski;Dramat i Teatr;trudne;Kim była Frozyna w komedii Moliera?;Pośredniczką i swatką;Służącą;Siostrą Harpagona;Sąsiadką
Matura Język Polski;Dramat i Teatr;trudne;Kim dla Harpagona jest Eliza, którą chce on wydać za mąż bez posagu?;Córką;Siostrzenicą;Pomocą domową;Sąsiadką
Matura Język Polski;Dramat i Teatr;trudne;Kto ukradł szkatułkę Harpagona, by pomóc Kleantowi?;Strzałka;Walery;Jakub;Anzelm
Matura Język Polski;Dramat i Teatr;trudne;Z kim Harpagon chce się ożenić, mimo że kocha ją jego syn?;Z Marianną;Z Elizą;Z Frozyną;Z kwiaciarką
Matura Język Polski;Dramat i Teatr;łatwe;Co Harpagon ukrył w ogrodzie i obsesyjnie tego pilnował?;Szkatułkę z pieniędzmi;List miłosny;Testament;Klucze do spiżarni
Matura Język Polski;Dramat i Teatr;łatwe;Jak nazywa się tytułowy "Skąpiec" w komedii Moliera?;Harpagon;Kleant;Walery;Anzelm
Matura Język Polski;Dramat i Teatr;łatwe;Jak nazywa się tytułowy bohater komedii Moliera?;Harpagon;Kleant;Walery;Anzelm
Matura Język Polski;Dramat i Teatr;łatwe;Z kim Harpagon chce się ożenić, mimo dużej różnicy wieku?;Z Marianną;Z Elizą;Z Frozyną;Z Klaudią
Matura Język Polski;Dramat i Teatr;łatwe;Z kim Kleant, syn Harpagona, chce się ożenić?;Z Marianną;Z Elizą;Z Frozyną;Z Beatrycze
Matura Język Polski;Dwudziestolecie Międzywojenne;bardzo trudne;Jakim terminem Witkacy określał zanik uczuć metafizycznych w nowoczesnym społeczeństwie?;Nienasycenie;Czysta Forma;Katastrofizm;Brakowizna
Matura Język Polski;Dwudziestolecie Międzywojenne;trudne;Co symbolizuje praca szewców w dramacie?;Bezcelowy trud i frustrację;Budowanie państwa;Artystyczną pasję;Zgodę społeczną
Matura Język Polski;Dwudziestolecie Międzywojenne;trudne;Jak nazywa się postać uosabiająca totalitaryzm i technokrację?;Hiper-Robociarz;Sajetan;Scurvy;Księżna
Matura Język Polski;Dwudziestolecie Międzywojenne;łatwe;Jak nazywa się mistrz szewski, główny bohater utworu?;Sajetan Tempe;Robert Scurvy;Gnębon Puczymorda;Józek
Matura Język Polski;Dwudziestolecie Międzywojenne;łatwe;Kto jest autorem dramatu "Szewcy"?;Stanisław Ignacy Witkiewicz (Witkacy);Sławomir Mrożek;Witold Gombrowicz;Tadeusz Różewicz
Matura Język Polski;Literatura Współczesna;bardzo trudne;Co stało się z babcią Eugenią pod koniec dramatu?;Umarła na katafalku;Uciekła z domu;Została pobita przez Edka;Wyszła za mąż
Matura Język Polski;Literatura Współczesna;bardzo trudne;Jak ma na imię babcia, która w dramacie sypia na katafalku?;Eugenia;Eleonora;Ala;Marta
Matura Język Polski;Literatura Współczesna;bardzo trudne;Jaki jest ostateczny sens "tanga" tańczonego przez Edka?;Triumf prymitywnej siły nad inteligencją;Zgoda w rodzinie;Powrót do tradycji;Zapowiedź wolności
Matura Język Polski;Literatura Współczesna;bardzo trudne;Jakie wydarzenie przerywa plany Artura dotyczące naprawy świata?;Śmierć babci Eugenii;Ucieczka Ali;Zdrada wujka;Przyjazd wojska
Matura Język Polski;Literatura Współczesna;bardzo trudne;Jaką formę buntu przeciw normom mieszczańskim stosuje ojciec Artura, Stomil?;Nosi rozpiętą piżamę i uprawia "sztukę";Zajmuje się polityką rewolucyjną;Zamyka się w pokoju i odmawia jedzenia;Bije pozostałych domowników
Matura Język Polski;Literatura Współczesna;bardzo trudne;Jaką funkcję w domu pełni wuj Eugeniusz?;Konformisty, który zawsze przyłącza się do silniejszego;Głowy rodziny;Rezerwy finansowej;Nauczyciela Artura
Matura Język Polski;Literatura Współczesna;bardzo trudne;Kto w dramacie mówi: "Teraz moja kolej. Wy będziecie mnie słuchać"?;Edek;Stomil;Eugeniusz;Artur
Matura Język Polski;Literatura Współczesna;bardzo trudne;W co przebrany jest Artur podczas planowanego ślubu?;W staromodny żakiet i cylinder;W mundur wojskowy;W piżamę Stomila;W kostium trefnisia
Matura Język Polski;Literatura Współczesna;bardzo trudne;Z jakiego powodu Artur postanawia wziąć ślub z Alą?;Chce przywrócić formę i tradycyjne wartości;Jest w niej szaleńczo zakochany;Został do tego zmuszony przez babcię;Chce wyjechać z nią za granicę
Matura Język Polski;Literatura Współczesna;trudne;Co Artur znajduje pod szafą, co świadczy o chaosie w domu?;Wózek dziecięcy sprzed lat;Sztuczną szczękę;Złoty róg;Stary pistolet
Matura Język Polski;Literatura Współczesna;trudne;Co Stomil i Eleonora uważają za największą wartość w życiu?;Wolność od wszelkich zasad;Tradycję i rodzinę;Pieniądze i władzę;Religię
Matura Język Polski;Literatura Współczesna;trudne;Dlaczego Edek zabija Artura?;Artur chciał go usunąć siłą;Edek chciał zabrać Alę;Zazdrościł mu wykształcenia;Zrobił to przez przypadek
Matura Język Polski;Literatura Współczesna;trudne;Jaki taniec wykonują bohaterowie na końcu dramatu nad ciałem Artura?;Tango;Walc;Polonez;Mazur
Matura Język Polski;Literatura Współczesna;trudne;Jaki taniec, symbolizujący triumf chamstwa, tańczą na końcu Edek i Eugeniusz?;Tango;Walca;Poloneza;Mazura
Matura Język Polski;Literatura Współczesna;trudne;Jaką broń Artur próbuje wykorzystać do zaprowadzenia porządku?;Pistolet;Szablę;Kanonierkę;Sznur
Matura Język Polski;Literatura Współczesna;trudne;Kto ostatecznie przejmuje władzę w domu Stomila, stosując przemoc fizyczną?;Edek;Artur;Ala;Eleonora
Matura Język Polski;Literatura Współczesna;trudne;Kto w dramacie Mrożka reprezentuje prymitywną siłę i ostatecznie przejmuje władzę?;Edek;Eugenia;Eugeniusz;Stomil
Matura Język Polski;Literatura Współczesna;trudne;Z jakiego powodu Ala zdradziła Artura z Edkiem?;Z nudów i braku uczucia ze strony Artura;Kochała Edka;Artur ją pobił;Edek ją zmusił
Matura Język Polski;Literatura Współczesna;trudne;Z jakiego powodu Artur chce wymusić ślub na Ali?;By przywrócić ład i porządek;Bo ją bardzo kocha;Bo jest w ciąży;Bo rodzina go zmusza
Matura Język Polski;Literatura Współczesna;łatwe;Jak nazywa się główny bohater "Tanga", który chce przywrócić w domu dawne zasady?;Artur;Eleonora;Stomil;Edek
Matura Język Polski;Literatura Współczesna;łatwe;Jak nazywa się młody bohater, który chce przywrócić porządek i zasady w domu?;Artur;Stomil;Edek;Eugeniusz
Matura Język Polski;Literatura Współczesna;łatwe;Jak nazywa się partnerka Edka, z którą zdradza ona Stomila?;Eleonora;Ala;Eugenia;Zofia
Matura Język Polski;Literatura Współczesna;łatwe;Kim jest Eugenia dla głównego bohatera, Artura?;Babcią;Matką;Siostrą;Ciotką
Matura Język Polski;Literatura Współczesna;łatwe;Kto jest autorem dramatu "Tango"?;Sławomir Mrożek;Tadeusz Różewicz;Witold Gombrowicz;Czesław Miłosz
Matura Język Polski;Literatura Współczesna;łatwe;Który bohater "Tanga" jest ucieleśnieniem tradycyjnego wujaszka?;Eugeniusz;Edek;Stomil;Artur
Matura Język Polski;Młoda Polska;bardzo trudne;Co Jasiek znalazł na miejscu, gdzie miał leżeć Złoty Róg?;Sznur od dzwonu;Podkowę;Pióra z czapki;Nic nie znalazł
Matura Język Polski;Młoda Polska;bardzo trudne;Co konkretnie obiecuje Wernyhora Gospodarzowi w zamian za zwołanie powstania?;Rozkaz do walki i sojusz;Złoto i bogactwo;Koronę królewską;Święty spokój
Matura Język Polski;Młoda Polska;bardzo trudne;Czym charakteryzuje się język chłopów w "Weselu"?;Gwarą podkrakowską;Wulgaryzmami;Językiem literackim;Mieszanką polskiego i rosyjskiego
Matura Język Polski;Młoda Polska;bardzo trudne;Jak nazywa się żydowska dziewczyna, która zaprasza Chochoła na wesele?;Rachel;Sara;Estera;Miriam
Matura Język Polski;Młoda Polska;bardzo trudne;Jaki cytat kończy utwór Wyspiańskiego, wypowiadany przez Jaśka?;"Miałeś, chamie, złoty róg...";"Ostanie nam się ino sznur";"Cicho, cicho, bo usną";"A to Polska właśnie"
Matura Język Polski;Młoda Polska;bardzo trudne;Jaki symboliczny przedmiot znajduje gospodyni, a Jasiek go chowa?;Złotą podkowę;Złoty Róg;Sznur od dzwonu;Klucz do kościoła
Matura Język Polski;Młoda Polska;bardzo trudne;Jakie konkretne błędy popełnił Gospodarz, że powstanie się nie udało?;Zasnął i przekazał róg Jaśkowi;Zgubił złoty róg;Uciekł z wesela;Pobił Wernyhorę
Matura Język Polski;Młoda Polska;bardzo trudne;Jaką gazetę redaguje Dziennikarz, postać wzorowana na Rudolfie Starzewskim?;"Czas";"Głos Narodu";"Kurier Warszawski";"Tygodnik Ilustrowany"
Matura Język Polski;Młoda Polska;bardzo trudne;Kim z zawodu był Nos, postać wzorowana na malarzach z krakowskiej cyganerii?;Artystą malarzem;Poetą;Dziennikarzem;Muzykiem
Matura Język Polski;Młoda Polska;bardzo trudne;Kogo zaprosiła na wesele Rachela, co uruchomiło korowód zjaw?;Chochoła;Wernyhorę;Widmo;Rycerza
Matura Język Polski;Młoda Polska;bardzo trudne;Która postać w dramacie wypowiada słowa: "A to Polska właśnie"?;Poeta do Panny Młodej;Gospodarz do Żyda;Jasiek do Chochoła;Czepiec do Dziennikarza
Matura Język Polski;Młoda Polska;bardzo trudne;Która z panien z miasta, siostra Pana Młodego, rozmawia z Zosią o miłości?;Haneczka;Maryna;Rachel;Kasia
Matura Język Polski;Młoda Polska;bardzo trudne;Z jakiego utworu literackiego pochodzi postać Widma (narzeczonego Marysi)?;Z ballady "Romantyczność";Z "Dziadów";Z "Kordiana";Z "Lilli Wenedy"
Matura Język Polski;Młoda Polska;trudne;Co Czepiec trzyma w ręku, grożąc Dziennikarzowi, że chłopi są gotowi?;Kosę;Siekierę;Bicz;Widły
Matura Język Polski;Młoda Polska;trudne;Co symbolizuje "Chocholi taniec" w finale utworu?;Marazm i niezdolność narodu do czynu;Radość z odzyskanej wolności;Zgodę między chłopami a panami;Nadzieję na lepsze jutro
Matura Język Polski;Młoda Polska;trudne;Co symbolizuje "złota podkowa", którą zgubił koń Wernyhory?;Szczęście odłożone na przyszłość;Bogactwo chłopów;Zwycięstwo w walce;Zdradę narodową
Matura Język Polski;Młoda Polska;trudne;Co symbolizuje "złoty róg" w dramacie Wyspiańskiego?;Sygnał do powstania;Bogactwo;Władzę;Zdrady
Matura Język Polski;Młoda Polska;trudne;Jaki obraz wisi w izbie bronowickiej obok "Wernyhory"?;"Kościuszko pod Racławicami";"Bitwa pod Grunwaldem";"Stańczyk";"Rejtan"
Matura Język Polski;Młoda Polska;trudne;Jakie wydarzenie historyczne symbolizuje Widmo Rycerza Czarnego?;Bitwę pod Grunwaldem i dawną potęgę;Powstanie Listopadowe;Rzeź galicyjską;Konfederację barską
Matura Język Polski;Młoda Polska;trudne;Jaką wiadomość przynosi Wernyhora Gospodarzowi?;Nakaz zwołania powstania i rozkaz do walki;Ostrzeżenie przed pożarem;Prośbę o pieniądze;Pozdrowienia od cara
Matura Język Polski;Młoda Polska;trudne;Kim jest postać Racheli w dramacie?;Córką karczmarza, miłośniczką poezji;Żoną Czepca;Służącą;Gospodynią
Matura Język Polski;Młoda Polska;trudne;Która postać historyczna objawia się Dziennikarzowi, by go ośmieszyć?;Stańczyk;Zawisza Czarny;Hetman Branicki;Wernyhora
Matura Język Polski;Młoda Polska;trudne;Która zjawa ukazuje się Dziennikarzowi?;Stańczyk;Zawisza Czarny;Rycerz;Hetman
Matura Język Polski;Młoda Polska;trudne;Który z bohaterów "Wesela" zgubił złotą podkowę w sianie?;Gospodarz;Jasiek;Ksiądz;Żyd
Matura Język Polski;Młoda Polska;trudne;O co kłócą się w dramacie Ksiądz i Żyd?;O zaległy czynsz za karczmę;O wpływ na chłopów;O podział ziemi;O zaproszenie na wesele
Matura Język Polski;Młoda Polska;trudne;O czym rozmawiają we wstępie utworu Czepiec i Dziennikarz?;O polityce światowej i Chinach;O zbiorach plonów i pogodzie;O przygotowaniach do wojny;O nowej wystawie w Krakowie
Matura Język Polski;Młoda Polska;trudne;Z jaką postacią historyczną rozmawia we śnie Poeta?;Rycerzem Czarnym;Stańczykiem;Wernyhorą;Zawiszą Czarnym
Matura Język Polski;Młoda Polska;łatwe;Jak nazywa się roślina, która "uśpiła" weselników pod koniec dramatu?;Chochoł;Wierzba;Róża;Jarzębina
Matura Język Polski;Młoda Polska;łatwe;Jak nazywa się wiejski dom, w którym odbywa się zabawa weselna?;Chałupa;Dworek;Karczma;Plebania
Matura Język Polski;Młoda Polska;łatwe;Jak nazywa się wieś, w której toczy się akcja dramatu?;Bronowice;Lipce;Nawłoć;Soplicowo
Matura Język Polski;Młoda Polska;łatwe;Jak nazywa się żona Pana Młodego, pochodząca z Bronowic?;Panna Młoda (Jadwiga Mikołajczykówna);Maryna;Zosia;Haneczka
Matura Język Polski;Młoda Polska;łatwe;Jaki przedmiot zgubił Jasiek, co uniemożliwiło rozpoczęcie powstania?;Złoty Róg;Złoty pas;Czapkę z piór;Podkowę
Matura Język Polski;Młoda Polska;łatwe;Jaką rolę w "Weselu" pełni Isia, córka Gospodarza?;Zauważa Chochoła i wygania go z izby;Jest panną młodą;Tańczy z Jaśkiem;Przynosi Złoty Róg
Matura Język Polski;Młoda Polska;łatwe;Kim w rzeczywistości był Gospodarz z "Wesela" Wyspiańskiego?;Włodzimierzem Tetmajerem;Lucjanem Rydlem;Leonem Wyczółkowskim;Rudolfem Starzewskim
Matura Język Polski;Młoda Polska;łatwe;Kto jest autorem dramatu "Wesele"?;Stanisław Wyspiański;Stefan Żeromski;Bolesław Prus;Władysław Reymont
Matura Język Polski;Młoda Polska;łatwe;Kto w dramacie Wyspiańskiego przychodzi jako pierwszy z zaświatów (Widmo)?;Zmarły narzeczony Marysi;Stańczyk;Zawisza Czarny;Wernyhora
Matura Język Polski;Młoda Polska;łatwe;Z jakiego miasta pochodzą "Panowie", goście na weselu w Bronowicach?;Z Krakowa;Z Warszawy;Z Lwowa;Z Zakopanego
Matura Język Polski;Zbrodnia i Kara;bardzo trudne;Co stało się z dziećmi Marmieładowa po śmierci rodziców?;Trafiły do sierocińca;Sonia się nimi zajęła;Swidrygajłow opłacił ich utrzymanie;Dunia je adoptowała
Matura Język Polski;Zbrodnia i Kara;bardzo trudne;Co stało się z matką Raskolnikowa po jego skazaniu?;Zmarła z żalu i choroby;Wyjechała na Syberię za synem;Wyszła za mąż;Zamieszkała z Razumichinem
Matura Język Polski;Zbrodnia i Kara;bardzo trudne;Gdzie Raskolnikow wyrzucił klucze do mieszkania lichwiarki?;Do rzeki Newy;Do kanału;Zostawił je w zamku;Zakopał w parku
Matura Język Polski;Zbrodnia i Kara;bardzo trudne;Jaki prezent Raskolnikow otrzymał od matki tuż przed zbrodnią?;Srebrny zegarek ojca;Pierścionek;Biblię;List z pieniędzmi
Matura Język Polski;Zbrodnia i Kara;bardzo trudne;Jaką funkcję w powieści pełni postać Arkadiusza Swidrygajłowa?;Jest mrocznym sobowtórem Raskolnikowa;Jest jedynym przyjacielem Rodiona;Jest policjantem;Jest bratem Sonii
Matura Język Polski;Zbrodnia i Kara;bardzo trudne;Jaką karę otrzymał ostatecznie Raskolnikow za swoje czyny?;8 lat katorgi na Syberii;Karę śmierci;Dożywocie w więzieniu;15 lat ciężkich robót
Matura Język Polski;Zbrodnia i Kara;bardzo trudne;Kto przyznał się do morderstwa lichwiarki, mimo że był niewinny?;Malarz Mikołaj;Razumichin;Swidrygajłow;Łużyn
Matura Język Polski;Zbrodnia i Kara;bardzo trudne;Z jakiego powodu Raskolnikow nie wykorzystał pieniędzy ukradzionych lichwiarce?;Z powodu paraliżującego strachu i wyrzutów;Zgubił je po drodze;Były zbyt małe;Poczuł nagłe obrzydzenie do złota
Matura Język Polski;Zbrodnia i Kara;trudne;Dlaczego Raskolnikow ostatecznie postanowił przyznać się do winy?;Pod wpływem wiary i miłości Sonii;Bał się kary śmierci;Zabrakło mu pieniędzy;Został złapany na gorącym uczynku
Matura Język Polski;Zbrodnia i Kara;trudne;Gdzie Raskolnikow ukrył zrabowane lichwiarce przedmioty i pieniądze?;Pod kamieniem na podwórzu;W szafie w swoim pokoju;W miejskim parku;Wyrzucił je do rzeki
Matura Język Polski;Zbrodnia i Kara;trudne;Jak miała na imię siostra Raskolnikowa, która chciała się poświęcić dla brata?;Dunia;Sonia;Nastasja;Katarzyna
Matura Język Polski;Zbrodnia i Kara;trudne;Jaką profesję wykonywał Razumichin, przyjaciel Rodiona?;Był byłym studentem;Był lekarzem;Był urzędnikiem;Był kupcem
Matura Język Polski;Zbrodnia i Kara;trudne;Jaką propozycję złożył Łużyn Duni, siostrze Rodiona?;Małżeństwa opartego na jej wdzięczności i biedzie;Pracy jako guwernantka;Wyjazdu do Paryża;Pożyczki
Matura Język Polski;Zbrodnia i Kara;trudne;Kim był Marmieładow, którego Raskolnikow spotkał w karczmie?;Zdegradowanym urzędnikiem-alkoholikiem;Bogatym kupcem;Lekarzem;Policjantem
Matura Język Polski;Zbrodnia i Kara;trudne;Kogo Raskolnikow spotkał w pokoju Sonii tuż przed swoim wyznaniem?;Swidrygajłowa;Swoją matkę;Porfirego;Razumichina
Matura Język Polski;Zbrodnia i Kara;trudne;Kto w powieści jest ucieleśnieniem cynizmu i zła, będąc jednocześnie konkurentem do ręki Duni?;Swidrygajłow;Łużyn;Lebeziatnikow;Zamiotow
Matura Język Polski;Zbrodnia i Kara;łatwe;Czym Raskolnikow zabił starą lichwiarkę?;Siekierą;Nożem;Pistoletem;Kamieniem
Matura Język Polski;Zbrodnia i Kara;łatwe;Dlaczego Raskolnikow zabił również Lizawietę, siostrę lichwiarki?;Była świadkiem morderstwa;Również była mu winna pieniądze;Nienawidził jej;Zrobił to przez pomyłkę
Matura Język Polski;Zbrodnia i Kara;łatwe;Jak nazywała się siostra lichwiarki, którą Raskolnikow zabił przypadkiem?;Lizawieta;Sonia;Dunia;Katarzyna
Matura Język Polski;Zbrodnia i Kara;łatwe;W jakim celu Raskolnikow poszedł do starej lichwiarki?;Zastawić zegarek ojca;Pożyczyć pieniądze na czynsz;Zabić ją;Oddać dług
Matura Język Polski;Zbrodnia i Kara;łatwe;W jakim mieście rozgrywa się akcja powieści Dostojewskiego?;W Petersburgu;W Moskwie;W Warszawie;W Kijowie
Matura Język Polski;Zbrodnia i Kara;łatwe;Z jakiego powodu Raskolnikow po morderstwie zemdlał na komisariacie?;Z wycieńczenia i strachu;Został uderzony;Zobaczył krew;Przez duszne powietrze
Matura Język Polski;Literatura Wojny i Okupacji;bardzo trudne;Jaką metaforę stosuje Edelman, opisując swoją pracę lekarza ratującego życie?;Wyścig z Panem Bogiem;Budowanie muru;Sianie ziarna;Walka z wiatrakami
Matura Język Polski;Literatura Wojny i Okupacji;trudne;Co według Edelmana było sensem walki w getcie?;Wybór sposobu umierania;Zwycięstwo militarne;Ucieczka na zachód;Zemsta na Niemcach
Matura Język Polski;Literatura Wojny i Okupacji;trudne;Kim z zawodu był Marek Edelman po wojnie?;Kardiologiem;Pisarzem;Historykiem;Politykiem
Matura Język Polski;Literatura Wojny i Okupacji;łatwe;Kto przeprowadza wywiad z Markiem Edelmanem w tej książce?;Hanna Krall;Ryszard Kapuściński;Zofia Nałkowska;Tadeusz Mazowiecki
Matura Język Polski;Literatura Wojny i Okupacji;łatwe;W jakim powstaniu brał udział Marek Edelman?;W powstaniu w getcie warszawskim;W powstaniu warszawskim;W powstaniu wielkopolskim;W powstaniu styczniowym
Matura Język Polski;Średniowiecze;bardzo trudne;Jak nazywa się staropolski gatunek łączący modlitwę z poezją, obecny w "Lamencie świętokrzyskim"?;Plankt;Elegia;Hymn;Tren
Matura Język Polski;Średniowiecze;trudne;Jak nazywa się średniowieczny wzorzec osobowy idealnego rycerza (np. Roland)?;Etos rycerski;Hagiografia;Sarmatyzm;Ascetyzm
Matura Język Polski;Średniowiecze;trudne;W którym utworze występuje postać Mistrza Polikarpa?;Rozmowa Mistrza Polikarpa ze Śmiercią;Bogurodzica;Kronika polska;Pieśń o Rolandzie
Matura Język Polski;Średniowiecze;łatwe;Jak nazywa się gatunek, który w sposób satyryczny ukazuje spór mnichów?;Poemat heroikomiczny;Bajka;Satyra;Epos
Matura Język Polski;Średniowiecze;łatwe;Który utwór opisuje mękę Chrystusa z perspektywy cierpiącej Matki Boskiej?;Lament świętokrzyski;Bogurodzica;Pieśń o Rolandzie;Rozmowa ze Śmiercią
Matura Język Polski;Średniowiecze;bardzo trudne;Czym charakteryzuje się teocentryzm w literaturze średniowiecza?;Bóg jest w centrum zainteresowania;Człowiek jest najważniejszy;Natura jest bóstwem;Brak wiary w życie wieczne
Matura Język Polski;Średniowiecze;bardzo trudne;W "Pieśni o Rolandzie", jak nazywa się legendarny miecz głównego bohatera?;Durendal;Excalibur;Szczerbiec;Joyuse
Matura Język Polski;Średniowiecze;bardzo trudne;Z jakiego utworu pochodzi postać Mistrza Polikarpa?;Rozmowa Mistrza Polikarpa ze Śmiercią;Bogurodzica;Lament świętokrzyski;Kronika Polska
Matura Język Polski;Średniowiecze;trudne;Jak nazywa się motyw w literaturze i sztuce przedstawiający korowód ludzi wszystkich stanów prowadzony przez śmierć?;Danse macabre;Stabat Mater;Memento mori;Carpe diem
Matura Język Polski;Średniowiecze;trudne;Jak nazywa się średniowieczny motyw "pamiętaj o śmierci"?;Memento mori;Carpe diem;Vanitas;Danse macabre
Matura Język Polski;Średniowiecze;trudne;Jaki ideał bohatera prezentuje "Pieśń o Rolandzie"?;Ideał rycerza chrześcijańskiego;Ideał władcy;Ideał świętego;Ideał poety
Matura Język Polski;Średniowiecze;trudne;W którym utworze średniowiecznym Śmierć jest przedstawiona jako rozkładający się trup kobiety z kosą?;Rozmowa Mistrza Polikarpa ze Śmiercią;Lament świętokrzyski;Bogurodzica;Pieśń o Rolandzie
Matura Język Polski;Średniowiecze;łatwe;Jak nazywa się anonimowy autor pierwszej polskiej kroniki?;Gall Anonim;Wincenty Kadłubek;Jan Długosz;Janko z Czarnkowa
Matura Język Polski;Średniowiecze;łatwe;Jak nazywa się gatunek literacki opisujący żywoty świętych (np. św. Aleksego)?;Hagiografia;Epos;Kronika;Apokryf
Matura Język Polski;Średniowiecze;łatwe;Jak nazywa się najstarsza polska pieśń religijna, pełniąca rolę hymnu rycerstwa?;Bogurodzica;Lament świętokrzyski;Pieśń o Rolandzie;Rozmowa Mistrza Polikarpa ze Śmiercią
Matura Język Polski;Lektury Obowiązkowe - Zestawienie;bardzo trudne;Co oznacza tytułowa "Granica" w powieści Nałkowskiej?;Granicę moralną, społeczną i psychologiczną;Granicę państwową;Granicę między życiem a śmiercią;Granicę wieku
Matura Język Polski;Lektury Obowiązkowe - Zestawienie;bardzo trudne;Co symbolizuje "taniec chocholi" w finale "Wesela"?;Marazm i niemożność działania narodu;Radość z zabawy;Zgodę klasową;Śmierć bohaterów
Matura Język Polski;Lektury Obowiązkowe - Zestawienie;bardzo trudne;Czego dotyczy "Wielka Improwizacja" w "Dziadach" cz. III?;Buntu Konrada przeciw Bogu o rząd dusz;Modlitwy o deszcz;Opisu więzienia;Rozmowy z matką
Matura Język Polski;Lektury Obowiązkowe - Zestawienie;bardzo trudne;Dlaczego Zenon Ziembiewicz w "Granicy" popełnia samobójstwo?;Z powodu poczucia klęski moralnej i wstydu;Został skazany na śmierć;Z powodu biedy;Zabiła go Justyna
Matura Język Polski;Lektury Obowiązkowe - Zestawienie;bardzo trudne;Jak miał na imię ojciec Cezarego Baryki z "Przedwiośnia"?;Seweryn;Stanisław;Andrzej;Jacek
Matura Język Polski;Lektury Obowiązkowe - Zestawienie;bardzo trudne;Jak nazywa się barokowy epos Wacława Potockiego opisujący zwycięstwo nad Turkami w 1621 roku?;Transakcja wojny chocimskiej;Wojna domowa;Poczet herbów;Ogród fraszek
Matura Język Polski;Lektury Obowiązkowe - Zestawienie;bardzo trudne;Jak nazywa się bohater "Dżumy" Alberta Camusa, który jako lekarz do końca pełni swoje obowiązki, mimo beznadziejnej sytuacji?;Bernard Rieux;Jean Tarrou;Raymond Rambert;Joseph Grand
Matura Język Polski;Lektury Obowiązkowe - Zestawienie;bardzo trudne;Jak nazywa się bohater "Dżumy" Alberta Camusa, który jako lekarz do końca pełni swoje obowiązki, mimo beznadziejnej sytuacji?;Bernard Rieux;Jean Tarrou;Raymond Rambert;Joseph Grand
Matura Język Polski;Lektury Obowiązkowe - Zestawienie;bardzo trudne;Jak nazywa się bohater "Szewców" Witkacego, który reprezentuje upadającą arystokrację i zostaje uwięziony przez szewców?;Prokurator Robert Scurvy;Sajetan Tempe;Księżna Irina;Hiper-Robociarz
Matura Język Polski;Lektury Obowiązkowe - Zestawienie;bardzo trudne;Jak nazywa się kategoria estetyczna dominująca w "Szewcach" Witkacego, polegająca na łączeniu grozy z komizmem?;Czysta Forma;Groteska;Naturalizm;Ekspresjonizm
Matura Język Polski;Lektury Obowiązkowe - Zestawienie;bardzo trudne;Jak nazywa się poemat dygresyjny Juliusza Słowackiego, będący polemiką z mickiewiczowską wizją polskiego losu?;Beniowski;Anhelli;Genezis z ducha;Król-Duch
Matura Język Polski;Lektury Obowiązkowe - Zestawienie;bardzo trudne;Jak nazywa się postać z "Procesu" Franza Kafki, która zostaje aresztowana i skazana, mimo że nie zna swojej winy?;Józef K.;Gregor Samsa;K. (geodeta);Titorelli
Matura Język Polski;Lektury Obowiązkowe - Zestawienie;bardzo trudne;Jak nazywa się syn Hrabiego Henryka z "Nie-Boskiej komedii", który posiada dar jasnowidzenia i jest poetą przeklętym?;Orcio;Jerzy;Stanisław;Jakub
Matura Język Polski;Lektury Obowiązkowe - Zestawienie;bardzo trudne;Jaki jest sens metaforyczny "pupy" w "Ferdydurke"?;Narzucanie infantylności i niedojrzałości;Brak kultury;Cechę fizyczną;Rodzaj maski
Matura Język Polski;Lektury Obowiązkowe - Zestawienie;bardzo trudne;Jaki model patriotyzmu prezentują bohaterowie "Kamieni na szaniec"?;Patriotyzm czynu i poświęcenia;Patriotyzm bierności;Współpracę z wrogiem;Ucieczkę z kraju
Matura Język Polski;Lektury Obowiązkowe - Zestawienie;bardzo trudne;Jaką funkcję w "Potopie" pełni postać Oleńki Billewiczówny?;Jest strażniczką honoru i wartości moralnych;Jest tylko tłem dla Kmicica;Zdradza ojczyznę;Ucieka do zakonu
Matura Język Polski;Lektury Obowiązkowe - Zestawienie;bardzo trudne;Jaką nazwę nosiło czasopismo wydawane przez Zenona Ziembiewicza w "Granicy"?;"Niwa";"Głos";"Prawda";"Echo"
Matura Język Polski;Lektury Obowiązkowe - Zestawienie;bardzo trudne;Jaką rolę w "Innym świecie" pełni opowieść o Kostylewie?;Pokazuje bunt przeciwko dehumanizacji;Jest elementem humoru;Opisuje pracę w lesie;Pokazuje zdradę
Matura Język Polski;Lektury Obowiązkowe - Zestawienie;bardzo trudne;Kim był Edek w dramacie "Tango" Sławomira Mrożka?;Przedstawicielem brutalnej siły i prymitywizmu;Inteligentem;Siostrzeńcem Artura;Służącym
Matura Język Polski;Lektury Obowiązkowe - Zestawienie;bardzo trudne;Kim z zawodu był dr Rieux w powieści "Dżuma"?;Lekarzem;Dziennikarzem;Księdzem;Urzędnikiem
Matura Język Polski;Lektury Obowiązkowe - Zestawienie;bardzo trudne;Kto w "Dziadach" cz. III opowiada historię Cichowskiego?;Adolf;Żegota;Konrad;Piotr
Matura Język Polski;Lektury Obowiązkowe - Zestawienie;bardzo trudne;O czym traktuje "Rozmowa Mistrza Polikarpa ze Śmiercią"?;O równości wszystkich ludzi wobec śmierci;O podróży do nieba;O walce rycerza;O lęku przed chorobą
Matura Język Polski;Lektury Obowiązkowe - Zestawienie;bardzo trudne;W "Szewcach" Witkacego, jak nazywa się postać, która ostatecznie przejmuje władzę, symbolizując bezduszną technokrację?;Hiper-Robociarz;Sajetan Tempe;Robert Scurvy;Gnębon Puczymorda
Matura Język Polski;Lektury Obowiązkowe - Zestawienie;bardzo trudne;W "Ślubie" Witolda Gombrowicza, jak nazywa się główny bohater, który wraca z wojny i próbuje nadać światu nową formę?;Henryk;Władzio;Mania;Ignacy
Matura Język Polski;Lektury Obowiązkowe - Zestawienie;bardzo trudne;W jakiej niecodziennej formie główny bohater "Procesu" Kafki dowiaduje się, że musi oskarżony stawić się przed sądem?;Otrzymuje ustne powiadomienie bez pisma;Dostaje oficjalne wezwanie telegramem;Czyta wezwanie w porannej prasie miejskiej;Znajduje kartkę wbitą nożem w drzwi
Matura Język Polski;Lektury Obowiązkowe - Zestawienie;bardzo trudne;Z jakiego wybitnego cyklu Zofii Nałkowskiej o zbrodniach hitlerowskich pochodzi motto: "Ludzie ludziom zgotowali ten los"?;Z Medalionów;Z Innego świata;Z Opowiadań z czasu wojny;Z Pożegnania z Marią
Matura Język Polski;Lektury Obowiązkowe - Zestawienie;trudne;Czym charakteryzuje się styl "Ferdydurke" Gombrowicza?;Groteską i absurdem;Realizmem magicznym;Klasycyzmem;Naturalizmem
Matura Język Polski;Lektury Obowiązkowe - Zestawienie;trudne;Jak kończy się akcja powieści "Dżuma" Alberta Camusa?;Epidemia wygasa, miasto zostaje otwarte;Wszyscy bohaterowie umierają;Lekarstwo zostaje odnalezione;Miasto zostaje zburzone
Matura Język Polski;Lektury Obowiązkowe - Zestawienie;trudne;Jak nazywa się bohater "Konrada Wallenroda", który uczy głównego bohatera pieśni i podtrzymuje w nim tożsamość narodową?;Halban;Aldona;Kiejstut;Witold
Matura Język Polski;Lektury Obowiązkowe - Zestawienie;trudne;Jak nazywa się bohater "Opowiadań kołymskich" Warłama Szałamowa (lub postać zbiorowa), ukazujący skrajne wyniszczenie człowieka w łagrze?;Człowiek zredukowany;Homo sovieticus;Więzień zlagrowany;Muzułman
Matura Język Polski;Lektury Obowiązkowe - Zestawienie;trudne;Jak nazywa się galicyjskie miasteczko, w którym onirycznie rozgrywa się akcja "Sklepów cynamonowych" Brunona Schulza?;Drohobycz;Krzemieniec;Nowogródek;Sandomierz
Matura Język Polski;Lektury Obowiązkowe - Zestawienie;trudne;Jak nazywa się główny bohater "Zbrodni i kary" Dostojewskiego?;Rodion Raskolnikow;Dymitr Razumichin;Piotr Łużyn;Iwan Karamazow
Matura Język Polski;Lektury Obowiązkowe - Zestawienie;trudne;Jak nazywa się główny bohater powieści "Lalka"?;Stanisław Wokulski;Ignacy Rzecki;Julian Ochocki;Tomasz Łęcki
Matura Język Polski;Lektury Obowiązkowe - Zestawienie;trudne;Jak nazywa się kategoria estetyczna kluczowa dla dramaturgii Witkacego, zakładająca przeżycie tajemnicy istnienia?;Czysta Forma;Groteska;Oniryzm;Naturalizm
Matura Język Polski;Lektury Obowiązkowe - Zestawienie;trudne;Jak nazywa się koncepcja etyczna Alberta Camusa przedstawiona w "Mitcie Syzyfa", bliska problematyce "Dżumy"?;Absurdyzm;Egzystencjalizm chrześcijański;Nihilizm;Personalizm
Matura Język Polski;Lektury Obowiązkowe - Zestawienie;trudne;Jak nazywa się narrator "Dżumy", który okazuje się nim być dopiero w ostatnim rozdziale książki?;Bernard Rieux;Jean Tarrou;Joseph Grand;Ojciec Paneloux
Matura Język Polski;Lektury Obowiązkowe - Zestawienie;trudne;Jak nazywa się ojciec głównej bohaterki w dramacie "Antygona"?;Edyp;Kreon;Hajmon;Eteokles
Matura Język Polski;Lektury Obowiązkowe - Zestawienie;trudne;Jak nazywa się żona Maćka Boryny w "Chłopach", która staje się obiektem pożądania wielu mężczyzn w Lipcach?;Jagna;Hanka;Weronka;Teresa
Matura Język Polski;Lektury Obowiązkowe - Zestawienie;trudne;Jak nazywał się przyjaciel Stanisława Wokulskiego, stary subiekt i narrator pamiętnika w "Lalce"?;Ignacy Rzecki;Julian Ochocki;Kazimierz Starski;Mraczewski
Matura Język Polski;Lektury Obowiązkowe - Zestawienie;trudne;Jak nazywał się przyjaciel Stanisława Wokulskiego, stary subiekt i narrator pamiętnika w "Lalce"?;Ignacy Rzecki;Julian Ochocki;Kazimierz Starski;Mraczewski
Matura Język Polski;Lektury Obowiązkowe - Zestawienie;trudne;Jaka postać w "Weselu" Wyspiańskiego gubi Złoty Róg?;Jasiek;Gospodarz;Czepiec;Poeta
Matura Język Polski;Lektury Obowiązkowe - Zestawienie;trudne;Jaki problem społeczny porusza "Lalka" Bolesława Prusa?;Upadek arystokracji i narodziny mieszczaństwa;Walkę o niepodległość;Życie na wsi;Wojnę z Rosją
Matura Język Polski;Lektury Obowiązkowe - Zestawienie;trudne;Jakim terminem Witold Gombrowicz w "Ferdydurke" określa narzucanie człowiekowi obcej roli lub maski?;Gęba;Pupa;Łydka;Forma
Matura Język Polski;Lektury Obowiązkowe - Zestawienie;trudne;Jaką nazwę nosi utwór Jana Chryzostoma Paska, będący cennym źródłem wiedzy o sarmackich obyczajach?;Pamiętniki;Silva rerum;Diariusz;Annales
Matura Język Polski;Lektury Obowiązkowe - Zestawienie;trudne;Kto był adresatem pełnych bólu renesansowych "Trenów", napisanych w Czarnolesie przez Jana Kochanowskiego?;Zmarła córka poety, Urszulka;Żona autora, Dorota Podlodowska;Król Zygmunt II August;Przyjaciel z lat szkolnych, Mikołaj Rej
Matura Język Polski;Lektury Obowiązkowe - Zestawienie;trudne;Kto jest autorem dramatu "Kordian", będącego polemiką z Mickiewiczem?;Juliusz Słowacki;Zygmunt Krasiński;Cyprian Norwid;Stanisław Wyspiański
Matura Język Polski;Lektury Obowiązkowe - Zestawienie;trudne;Która lektura opisuje losy Polaków w sowieckim łagrze?;"Inny świat";"Dżuma";"Granica";"Medaliony"
Matura Język Polski;Lektury Obowiązkowe - Zestawienie;trudne;Która postać z "Pana Tadeusza" jest narratorem opowieści o zamku i sporze o niego?;Gerwazy (Klucznik);Protazy (Woźny);Sędzia;Podkomorzy
Matura Język Polski;Lektury Obowiązkowe - Zestawienie;trudne;Która postać z "Wesela" Wyspiańskiego gubi złoty róg, mający dać sygnał do wybuchu powstania?;Jasiek;Gospodarz;Czepiec;Dziennikarz
Matura Język Polski;Lektury Obowiązkowe - Zestawienie;trudne;Który bohater "Granicy" Zofii Nałkowskiej ulega schematowi "stawania się takim, jak jego ojciec"?;Zenon Ziembiewicz;Karol Ziembiewicz;Justyna Bogutówna;Marian Chąśba
Matura Język Polski;Lektury Obowiązkowe - Zestawienie;trudne;Który bohater "Lalki" jest przedstawicielem ideologii naukowego optymizmu i marzy o wynalezieniu metalu lżejszego od powietrza?;Julian Ochocki;Ignacy Rzecki;Stanisław Wokulski;Baron Krzeszowski
Matura Język Polski;Lektury Obowiązkowe - Zestawienie;trudne;W "Nie-Boskiej komedii" Zygmunta Krasińskiego, jak nazywa się przywódca obozu rewolucjonistów?;Pankracy;Hrabia Henryk;Leonard;Orcio
Matura Język Polski;Lektury Obowiązkowe - Zestawienie;trudne;W "Potopie" Henryka Sienkiewicza, pod jakim nazwiskiem ukrywa się Andrzej Kmicic podczas obrony Jasnej Góry?;Babinicz;Kmicic;Wołodyjowski;Skrzetuski
Matura Język Polski;Lektury Obowiązkowe - Zestawienie;trudne;W "Rozmowach z katem" Kazimierza Moczarskiego, jak nazywa się hitlerowski zbrodniarz, z którym autor dzielił celę?;Jürgen Stroop;Rudolf Höss;Adolf Eichmann;Hans Frank
Matura Język Polski;Lektury Obowiązkowe - Zestawienie;trudne;W jakiej części "Dziadów" Adama Mickiewicza pojawia się postać Gustawa przeobrażającego się w Konrada?;W części III;W części IV;W części II;W części I
Matura Język Polski;Lektury Obowiązkowe - Zestawienie;trudne;W jakiej części "Dziadów" Adama Mickiewicza pojawia się postać Gustawa przeobrażającego się w Konrada?;W części III;W części IV;W części II;W części I
Matura Język Polski;Lektury Obowiązkowe - Zestawienie;trudne;W jakiej epoce powstały "Treny" Jana Kochanowskiego?;Renesans;Barok;Oświecenie;Średniowiecze
Matura Język Polski;Lektury Obowiązkowe - Zestawienie;trudne;W jakiej miejscowości rozgrywa się akcja "Wesela" Wyspiańskiego?;Bronowice;Soplicowo;Lipce;Nawłoć
Matura Język Polski;Lektury Obowiązkowe - Zestawienie;trudne;W której lekturze występuje motyw "szklanych domów"?;"Przedwiośnie";"Lalka";"Chłopi";"Tango"
Matura Język Polski;Lektury Obowiązkowe - Zestawienie;trudne;W którym utworze Ignacego Krasickiego pojawia się walka mnichów, będąca parodią eposu bohaterskiego?;Monachomachia;Myszeida;Antymonachomachia;Mikołaja Doświadczyńskiego przypadki
Matura Język Polski;Lektury Obowiązkowe - Zestawienie;łatwe;Jak ma na imię główny bohater "Dziadów cz. III", który w Prologu przechodzi przemianę z Gustawa?;Konrad;Kordian;Jacek;Cezary
Matura Język Polski;Lektury Obowiązkowe - Zestawienie;łatwe;Jak miał na imię Wokulski, genialny wynalazca, rzemieślnik i kupiec będący głównym bohaterem "Lalki" Bolesława Prusa?;Stanisław;Ignacy;Julian;Tomasz
Matura Język Polski;Lektury Obowiązkowe - Zestawienie;łatwe;Jak nazywa się główna bohaterka dramatu "Moralność pani Dulskiej" Gabrieli Zapolskiej?;Aniela Dulska;Hanka;Mela;Hesia
Matura Język Polski;Lektury Obowiązkowe - Zestawienie;łatwe;Jak nazywa się główna bohaterka tragedii Sofoklesa, która sprzeciwiła się zakazowi Kreona?;Antygona;Ismena;Jokasta;Elektra
Matura Język Polski;Lektury Obowiązkowe - Zestawienie;łatwe;Jak nazywa się główna bohaterka tragedii Sofoklesa, która sprzeciwiła się zakazowi Kreona?;Antygona;Ismena;Jokasta;Elektra
Matura Język Polski;Lektury Obowiązkowe - Zestawienie;łatwe;Jak nazywa się główny bohater dramatu Juliusza Słowackiego, który przechodzi wewnętrzną przemianę na szczycie Mont Blanc?;Kordian;Konrad;Gustaw;Hrabia
Matura Język Polski;Lektury Obowiązkowe - Zestawienie;łatwe;Jak nazywa się główny bohater powieści "Przedwiośnie", który przyjeżdża do Polski szukać "szklanych domów"?;Cezary Baryka;Seweryn Baryka;Szymon Gajowiec;Antoni Lulek
Matura Język Polski;Lektury Obowiązkowe - Zestawienie;łatwe;Jak nazywa się główny bohater utworu "Zbrodnia i kara" Fiodora Dostojewskiego?;Rodion Raskolnikow;Dymitr Karamazow;Lew Myszkin;Mikołaj Stawrogin
Matura Język Polski;Lektury Obowiązkowe - Zestawienie;łatwe;Jak nazywa się komedia oświeceniowa Juliana Ursyna Niemcewicza wyśmiewająca konserwatywną szlachtę?;Powrót posła;Mikołaja Doświadczyńskiego przypadki;Fircyk w zalotach;Monachomachia
Matura Język Polski;Lektury Obowiązkowe - Zestawienie;łatwe;Jak nazywa się król Danii, którego duch ukazuje się Hamletowi w tragedii Szekspira?;Duch ojca Hamleta;Klaudiusz;Poloniusz;Laertes
Matura Język Polski;Lektury Obowiązkowe - Zestawienie;łatwe;Jak nazywa się rzymski namiestnik, który skazuje Jezusa na śmierć w powieści "Quo vadis"?;Poncjusz Piłat;Neron;Petroniusz;Tygellin
Matura Język Polski;Lektury Obowiązkowe - Zestawienie;łatwe;Jak nazywa się wieś, w której rozgrywa się akcja "Chłopów" Reymonta?;Lipce;Bronowice;Nawłoć;Soplicowo
Matura Język Polski;Lektury Obowiązkowe - Zestawienie;łatwe;Jak nazywa się zbiór opowiadań Brunona Schulza, w którym pojawia się postać ojca-demiurga i ulica Krokodyli?;Sklepy cynamonowe;Sanatorium pod Klepsydrą;Kometa;Jesień
Matura Język Polski;Lektury Obowiązkowe - Zestawienie;łatwe;Kto jest autorem "Odprawy posłów greckich", pierwszej polskiej tragedii renesansowej?;Jan Kochanowski;Mikołaj Rej;Piotr Skarga;Andrzej Frycz Modrzewski
Matura Język Polski;Lektury Obowiązkowe - Zestawienie;łatwe;Kto jest autorem "Pamiętnika z powstania warszawskiego", napisanego specyficznym, rwanym językiem?;Miron Białoszewski;Krzysztof Kamil Baczyński;Tadeusz Różewicz;Zbigniew Herbert
Matura Język Polski;Lektury Obowiązkowe - Zestawienie;łatwe;Kto jest autorem "Pana Tadeusza"?;Adam Mickiewicz;Juliusz Słowacki;Bolesław Prus;Henryk Sienkiewicz
Matura Język Polski;Lektury Obowiązkowe - Zestawienie;łatwe;Kto jest autorem "Sklepów cynamonowych", dzieła należącego do nurtu oniryzmu (poetyki marzenia sennego)?;Bruno Schulz;Witold Gombrowicz;Czesław Miłosz;Sławomir Mrożek
Matura Język Polski;Lektury Obowiązkowe - Zestawienie;łatwe;Kto jest autorem "Wesela", dramatu powstałego na kanwie autentycznego ślubu Lucjana Rydla?;Stanisław Wyspiański;Stefan Żeromski;Władysław Reymont;Bolesław Prus
Matura Język Polski;Lektury Obowiązkowe - Zestawienie;łatwe;Kto jest autorem "Wesela", dramatu powstałego na kanwie autentycznego ślubu Lucjana Rydla?;Stanisław Wyspiański;Stefan Żeromski;Władysław Reymont;Bolesław Prus
Matura Język Polski;Lektury Obowiązkowe - Zestawienie;łatwe;Kto napisał "Inny świat", jedno z najważniejszych dzieł literatury łagrowej?;Gustaw Herling-Grudziński;Tadeusz Borowski;Zofia Nałkowska;Andrzej Szczypiorski
Matura Język Polski;Lektury Obowiązkowe - Zestawienie;łatwe;Kto w "Lalce" jest symbolem starego subiekta?;Ignacy Rzecki;Stanisław Wokulski;Julian Ochocki;Tomasz Łęcki
Matura Język Polski;Lektury Obowiązkowe - Zestawienie;łatwe;Która z podanych lektur opowiada o przygodach rycerza Andrzeja Kmicica?;"Potop";"Pan Tadeusz";"Lalka";"Wesele"
Matura Język Polski;Lektury Obowiązkowe - Zestawienie;łatwe;Który poeta barokowy jest autorem słynnego sonetu "Do trupa"?;Jan Andrzej Morsztyn;Daniel Naborowski;Wacław Potocki;Jan Chryzostom Pasek
Matura Język Polski;Lektury Obowiązkowe - Zestawienie;łatwe;Który utwór Jana Kochanowskiego jest uznawany za pierwszy polski dramat nowożytny?;Odprawa posłów greckich;Odprawa posłów trojańskich;Antygona;Pieśń o spustoszeniu Podola
Matura Język Polski;Lektury Obowiązkowe - Zestawienie;łatwe;Z jakiego miasta pochodzi i gdzie rozgrywa się akcja "Dżumy" Alberta Camusa?;Oran;Algier;Paryż;Marsylia
Matura Język Polski;Literatura Wojny i Okupacji;bardzo trudne;Co stało się z Zośką (Tadeuszem Zawadzkim) po akcji pod Arsenałem?;Zginął w ataku na strażnicę w Sieczychach;Zmarł w wyniku ran;Został aresztowany;Przeżył wojnę
Matura Język Polski;Literatura Wojny i Okupacji;bardzo trudne;Co stało się z matką Rudego po jego aresztowaniu?;Została wywieziona do obozu;Zmarła z rozpaczy;Uciekła z Warszawy;Ukrywała się u Zośki
Matura Język Polski;Literatura Wojny i Okupacji;bardzo trudne;Co stało się z tablicą z pomnika Kopernika, którą zdjął Alek?;Została ukryta w zaspach śniegu;Zniszczono ją na miejscu;Przekazano ją do muzeum;Wyrzucono ją do Wisły
Matura Język Polski;Literatura Wojny i Okupacji;bardzo trudne;Jaki tytuł nosił konspiracyjny artykuł, w którym po raz pierwszy opisano czyny Alka i Rudego?;"Kamienie na szaniec";"Biuletyn Informacyjny";"Polska Żyje";"Głos Warszawy"
Matura Język Polski;Literatura Wojny i Okupacji;bardzo trudne;Jaką funkcję w obozie pełnił narrator opowiadań Borowskiego?;Był sanitariuszem;Był blokowym;Pracował w "Kanadzie";Był kucharzem
Matura Język Polski;Literatura Wojny i Okupacji;bardzo trudne;Kim był autor "Kamieni na szaniec", Aleksander Kamiński, w strukturach podziemia?;Współtwórcą Szarych Szeregów;Zwykłym żołnierzem AK;Lekarzem polowym;Dziennikarzem radiowym
Matura Język Polski;Literatura Wojny i Okupacji;bardzo trudne;Które opowiadanie Nałkowskiej opisuje produkcję mydła z ludzkiego tłuszczu?;Profesor Spanner;Dno;Kobieta cmentarna;Przy torze kolejowym
Matura Język Polski;Literatura Wojny i Okupacji;bardzo trudne;W jaki sposób Alek z "Kamieni na szaniec" usunął tablicę z niemieckim napisem z pomnika Kopernika?;Odkręcił ją gołymi rękami w biały dzień;Użył ładunków wybuchowych;Zamontował nową w nocy;Pomalował ją farbą
Matura Język Polski;Literatura Wojny i Okupacji;bardzo trudne;W którym opowiadaniu Borowskiego opisana jest gra w piłkę nożną tuż obok komór gazowych?;Ludzie, którzy szli;Proszę państwa do gazu;Dzień na Harmenzach;U nas w Auschwitzu
Matura Język Polski;Literatura Wojny i Okupacji;bardzo trudne;W którym opowiadaniu Borowskiego pojawia się postać "Beka", który handluje w obozie?;U nas w Auschwitzu;Proszę państwa do gazu;Dzień na Harmenzach;Ludzie, którzy szli
Matura Język Polski;Literatura Wojny i Okupacji;trudne;Czym zajmowali się bohaterowie "Kamieni na szaniec" w ramach Małego Sabotażu?;Malowaniem kotwic na murach;Wysadzaniem mostów;Atakowaniem posterunków SS;Drukowaniem map
Matura Język Polski;Literatura Wojny i Okupacji;trudne;Jak nazywał się nauczyciel, który uczył Alka, Rudego i Zośkę w szkole?;Leszek Domański "Zeus";Aleksander Kamiński;Stefan Mirowski;Jan Rossman
Matura Język Polski;Literatura Wojny i Okupacji;trudne;Jak zginął Krzysztof Kamil Baczyński?;W czwartym dniu powstania warszawskiego;W obozie koncentracyjnym;W bitwie pod Lenino;Zastrzelony podczas łapanki
Matura Język Polski;Literatura Wojny i Okupacji;trudne;Jaką rolę w "Medalionach" Nałkowskiej pełni postać świadka?;Beznamiętnego obserwatora faktów;Oskarżyciela;Współczującego narratora;Pocieszyciela
Matura Język Polski;Literatura Wojny i Okupacji;trudne;Kto w "Medalionach" wypowiada słowa: "Człowiek jest rzeczą, którą można zużyć"?;Świadkowie zbrodni;Narratorka;Oficerowie SS;Robotnicy w fabrykach
Matura Język Polski;Literatura Wojny i Okupacji;trudne;O czym opowiada opowiadanie Borowskiego "Dzień na Harmenzach"?;O codziennym głodzie i hierarchii w obozie;O transporcie Żydów;O meczu piłkarskim;O ucieczce z obozu
Matura Język Polski;Literatura Wojny i Okupacji;trudne;O czym traktuje opowiadanie Borowskiego "Proszę państwa do gazu"?;O selekcji ludzi na rampie w Birkenau;O pracy w kopalni;O głodzie w baraku;O buncie Sonderkommando
Matura Język Polski;Literatura Wojny i Okupacji;trudne;W jakiej akcji pod Arsenałem brali udział bohaterowie książki Kamińskiego?;W odbiciu Rudego z rąk gestapo;W zamachu na Hitlera;W kradzieży broni;W malowaniu murów
Matura Język Polski;Literatura Wojny i Okupacji;trudne;W którym opowiadaniu Borowskiego więźniowie pracują przy rozładowywaniu wagonów z ludźmi?;Proszę państwa do gazu;Dzień na Harmenzach;Ludzie, którzy szli;U nas w Auschwitzu
Matura Język Polski;Literatura Wojny i Okupacji;trudne;Z jakiego powodu "Rudy" zmarł po odbiciu z rąk Niemców?;W wyniku obrażeń po brutalnych przesłuchaniach;Został postrzelony;Zmarł na tyfus;Zginął w wypadku
Matura Język Polski;Literatura Wojny i Okupacji;łatwe;Jak brzmiały prawdziwe imiona bohaterów: Rudy i Zośka?;Jan Bytnar i Tadeusz Zawadzki;Maciej Dawidowski i Jan Bytnar;Tadeusz Zawadzki i Alek;Jan Bytnar i Alek
Matura Język Polski;Literatura Wojny i Okupacji;łatwe;Jaki był pseudonim Tadeusza Zawadzkiego, dowódcy w "Kamieniach na szaniec"?;Zośka;Rudy;Alek;Antek
Matura Język Polski;Literatura Wojny i Okupacji;łatwe;Jaki symbol malowali na murach harcerze z "Kamieni na szaniec"?;Polskę Walczącą (Kotwicę);Biało-czerwoną flagę;Orła w koronie;Znak "V"
Matura Język Polski;Literatura Wojny i Okupacji;łatwe;Kto jest autorem wstrząsających opowiadań "Medaliony"?;Zofia Nałkowska;Tadeusz Borowski;Gustaw Herling-Grudziński;Hanna Krall
Matura Język Polski;Literatura Wojny i Okupacji;łatwe;W której książce bohaterowie nadają sobie pseudonimy: Alek, Rudy i Zośka?;Kamienie na szaniec;Medaliony;Inny świat;Zdążyć przed Panem Bogiem
Matura Język Polski;Literatura Wojny i Okupacji;bardzo trudne;Jak nazywa się technika pisarska Borowskiego polegająca na rezygnacji z komentarza moralnego i opisywaniu zbrodni jako codzienności?;Behawioryzm;Naturalizm;Turpizm;Oniryzm
Matura Język Polski;Literatura Wojny i Okupacji;bardzo trudne;Jaka była prawdziwa profesja Krzysztofa Kamila Baczyńskiego przed wybuchem wojny?;Student polonistyki;Młody lekarz;Uczeń szkoły zawodowej;Dziennikarz radiowy
Matura Język Polski;Literatura Wojny i Okupacji;bardzo trudne;Jaka szokująca dla czytelnika postawa wobec zniewolenia w łagrze dominuje na kartach książki "Inny świat" G. Herlinga-Grudzińskiego?;Zanik moralności w imię brutalnej i zwierzęcej walki o jedzenie;Głębokie odrodzenie religijne przy ciężkiej pracy w tajdze;Całkowita, niemal romantyczna rezygnacja z walki o własne życie;Wzajemna solidarność i opieka bez interesu nad najsłabszymi
Matura Język Polski;Literatura Wojny i Okupacji;bardzo trudne;Jaką najwyższą funkcję podczas haniebnej likwidacji zrywu w getcie pełnił Jürgen Stroop z "Rozmów z katem" K. Moczarskiego?;Zbrodniarz w stopniu SS-Gruppenführer, dowódca tłumiący powstanie;Oficer Wehrmachtu kierujący obozem koncentracyjnym na wschodzie;Projektant nowoczesnych komór gazowych pracujący u boku Hitlera;Szeregowy wykonujący bezmyślnie polecenia na ulicach miasta
Matura Język Polski;Literatura Wojny i Okupacji;bardzo trudne;W którym opowiadaniu Borowskiego pojawia się opis "człowieka zlagrowanego"?;U nas w Auschwitzu;Proszę państwa do gazu;Ludzie, którzy szli;Dzień na Harmenzach
Matura Język Polski;Literatura Wojny i Okupacji;trudne;Jak nazywa się koncepcja Tadeusza Borowskiego opisująca człowieka, który przystosował się do życia w obozie kosztem etyki?;Człowiek zlagrowany;Homo sovieticus;Człowiek zbuntowany;Więzień ideowy
Matura Język Polski;Literatura Wojny i Okupacji;trudne;Jakim potocznym literackim terminem zwykło się określać poetów takich jak K.K. Baczyński, których dorastanie przerwała wojna?;Pokolenie Kolumbów;Pokolenie Współczesności;Krakowska Awangarda;Skamander
Matura Język Polski;Literatura Wojny i Okupacji;trudne;Kto jest autorem "Pamiętnika z powstania warszawskiego"?;Miron Białoszewski;Krzysztof Kamil Baczyński;Tadeusz Gajcy;Czesław Miłosz
Matura Język Polski;Literatura Wojny i Okupacji;trudne;Który z bohaterów "Kamieni na szaniec" został odbity w akcji pod Arsenałem?;Rudy;Alek;Zośka;Antek
Matura Język Polski;Literatura Wojny i Okupacji;trudne;O kim traktuje pełen chłodnego bólu wywiad Hanny Krall w znanej lekturze "Zdążyć przed Panem Bogiem"?;O Marku Edelmanie z powstania w getcie warszawskim;O Tadeuszu Borowskim opisującym wagony w Oświęcimiu;O Gustawie Herlingu-Grudzińskim osadzonym w sowieckim łagrze;O rtm. Witoldzie Pileckim planującym rozbicie wschodniego więzienia
Matura Język Polski;Literatura Wojny i Okupacji;trudne;W którym utworze Gustawa Herlinga-Grudzińskiego opisane zostały realia radzieckich łagrów?;Inny świat;Opowiadania borowskie;Pożegnanie z Marią;Rozmowy z katem
Matura Język Polski;Literatura Wojny i Okupacji;łatwe;Jak brzmiał kryptonim harcerstwa polskiego, do którego należeli "Alek", "Rudy" i "Zośka" walczący z Niemcami w stolicy?;Szare Szeregi;Bataliony Chłopskie;Narodowe Siły Zbrojne;Cichociemni
Matura Język Polski;Literatura Wojny i Okupacji;łatwe;Jak nazywa się książka Aleksandra Kamińskiego o młodych bohaterach Szarych Szeregów?;Kamienie na szaniec;Dywizjon 303;Medaliony;Inny świat
Matura Język Polski;Literatura Wojny i Okupacji;łatwe;Jak nazywa się pokolenie twórców urodzonych około 1920 roku, których młodość przypadła na czas II wojny światowej?;Pokolenie Kolumbów;Pokolenie Skamandra;Młoda Polska;Pokolenie pryszczatych
Matura Język Polski;Literatura Wojny i Okupacji;łatwe;Kto jest autorem "Medalionów", zbioru opowiadań dokumentujących zbrodnie hitlerowskie?;Zofia Nałkowska;Tadeusz Borowski;Gustaw Herling-Grudziński;Krzysztof Kamil Baczyński
Matura Język Polski;Literatura Współczesna;bardzo trudne;Jak określa się strategię twórczą Tadeusza Różewicza, polegającą na tworzeniu poezji "po Oświęcimiu" w sposób surowy i oszczędny?;Poezja ściągniętego gardła;Turpizm;Nowa Fala;Poezja lingwistyczna
Matura Język Polski;Literatura Współczesna;bardzo trudne;Kim jest Pan Cogito w poezji Zbigniewa Herberta?;Lirycznym "ja" reprezentującym współczesnego intelektualistę;Mitycznym królem;Zwykłym obywatelem;Postacią z bajki
Matura Język Polski;Literatura Współczesna;bardzo trudne;Który pisarz stworzył wizję totalitaryzmu w powieści "Rok 1984"?;George Orwell;Aldous Huxley;Albert Camus;Franz Kafka
Matura Język Polski;Literatura Współczesna;bardzo trudne;O czym w ujęciu parabolicznym, na przykładzie lekarza dr. Rieux, traktuje wielopoziomowa francuska powieść "Dżuma" Camusa?;O obronie humanistycznych wartości ludzkich i buncie wobec zła;O konieczności wyparcia się własnego państwa w godzinie wielkiej próby;O bezmyślnym, instynktownym unikaniu chorób dla własnego komfortu;O karze boskiej, od której absolutnie nie ma ucieczki dla grzeszników
Matura Język Polski;Literatura Współczesna;bardzo trudne;W ramy jakiego autorskiego gatunku publicystycznego, często wplatając fabułę do faktu, wpisywał swoje dzieła Ryszard Kapuściński?;W reportaż literacki;W nowelę podróżniczą;W pamiętnik historyczny;W powieść epistolarną
Matura Język Polski;Literatura Współczesna;trudne;Jak nazywa się dramat Sławomira Mrożka będący groteskową analizą upadku wartości i przejęcia władzy przez chamstwo?;Tango;Emigranci;Indyk;Męczeństwo Piotra Ohey'a
Matura Język Polski;Literatura Współczesna;trudne;Jaka polska poetka i noblistka z dziedziny literatury zasłynęła na świecie znanym tekstem o niepowtarzalności "Nic dwa razy"?;Wisława Szymborska;Olga Tokarczuk;Halina Poświatowska;Czesława Miłosz
Matura Język Polski;Literatura Współczesna;trudne;Jaką tematykę porusza "Raport z oblężonego miasta" Zbigniewa Herberta?;Stan wojenny i walkę o wolność;Opis starożytnych ruin;Relację z podróży do Włoch;Historię II wojny światowej
Matura Język Polski;Literatura Współczesna;trudne;Który poeta jest autorem cyklu "Pan Cogito", będącego wyrazem postawy etycznej i dystansu wobec świata?;Zbigniew Herbert;Czesław Miłosz;Tadeusz Różewicz;Adam Zagajewski
Matura Język Polski;Literatura Współczesna;trudne;O czym opowiada dramat "Emigranci" Sławomira Mrożka?;O dwóch Polakach w obcym kraju;O podróży do Ameryki;O wojnie domowej;O powrocie z łagrów
Matura Język Polski;Literatura Współczesna;trudne;W jakiej pełnej absurdu teatralnej i znanej sztuce Sławomira Mrożka pojawia się chamski Edek tyranizujący nowoczesną rodzinę?;W Tangu;W Emigrantach;W Rzeźni;W Policjantach
Matura Język Polski;Literatura Współczesna;łatwe;Jak nazywa się nurt w literaturze współczesnej, który miesza realizm z elementami fantastyki i magii (częsty u Tokarczuk)?;Realizm magiczny;Surrealizm;Ekspresjonizm;Futuryzm
Matura Język Polski;Literatura Współczesna;łatwe;Jaka poetka, autorka tomu "Ludzie na moście", otrzymała Literacką Nagrodę Nobla?;Wisława Szymborska;Halina Poświatowska;Ewa Lipska;Anna Świrszczyńska
Matura Język Polski;Literatura Współczesna;łatwe;Jaki najwybitniejszy polski pisarz literatury science-fiction napisał filozoficzną i znaną na świecie powieść "Solaris"?;Stanisław Lem;Jacek Dukaj;Andrzej Sapkowski;Janusz A. Zajdel
Matura Język Polski;Literatura Współczesna;łatwe;Która polska autorka otrzymała Literacką Nagrodę Nobla za rok 2018 (odebraną w 2019)?;Olga Tokarczuk;Wisława Szymborska;Maria Konopnicka;Ewa Lipska
Matura Język Polski;Interpretacja i Analiza Tekstu;bardzo trudne;Co oznacza motyw "katastrofizmu" w literaturze XX wieku?;Poczucie nadchodzącego końca cywilizacji;Opis katastrof naturalnych;Kult techniki;Wiarę w wieczny postęp
Matura Język Polski;Interpretacja i Analiza Tekstu;bardzo trudne;Co oznacza topos "deus artifex"?;Boga jako wielkiego artystę i budowniczego;Boga sędziego;Boga mszczącego się;Boga cierpiącego
Matura Język Polski;Interpretacja i Analiza Tekstu;bardzo trudne;Co w badaniach kulturowych i literackich oznacza pojęcie "homo viator", przypisywane często bohaterom romantycznym?;Człowiek w drodze, wieczny wędrowiec;Człowiek skupiony na pracy u podstaw;Człowiek poświęcający się sztuce;Człowiek głęboko cierpiący fizycznie
Matura Język Polski;Interpretacja i Analiza Tekstu;bardzo trudne;Czego dotyczy topos "ubi sunt", pojawiający się m.in. w poezji Villona?;Pytania o to, co stało się z dawnymi bohaterami;Opisu rajskiego ogrodu;Pochwały młodości;Buntu przeciw bogom
Matura Język Polski;Interpretacja i Analiza Tekstu;bardzo trudne;Czego symbolem jest "labirynt" w literaturze współczesnej (np. u Kafki)?;Zagubienia człowieka w systemie lub bycie;Drogi do raju;Porządku i logiki świata;Miłości romantycznej
Matura Język Polski;Interpretacja i Analiza Tekstu;bardzo trudne;Czym charakteryzuje się topos "ojczyzny jako okrętu"?;Przedstawieniem państwa w zagrożeniu;Pochwałą handlu morskiego;Opisem podróży bohatera;Kultem marynarki wojennej
Matura Język Polski;Interpretacja i Analiza Tekstu;bardzo trudne;Czym jest "locus amoenus" w poezji sielankowej?;Miejscem miłym, bezpiecznym i pięknym;Miejscem kaźni i cierpienia;Wnętrzem świątyni;Polem bitwy
Matura Język Polski;Interpretacja i Analiza Tekstu;bardzo trudne;Jak nazywa się topos oznaczający "miejsce przyjemne", czyli sielankową krainę spokoju i harmonii (np. w pieśniach Kochanowskiego)?;Locus amoenus;Stabat Mater;De profundis;Memento mori
Matura Język Polski;Interpretacja i Analiza Tekstu;bardzo trudne;Jak nazywa się topos oznaczający "miejsce przyjemne", czyli sielankową krainę spokoju i harmonii (np. w pieśniach Kochanowskiego)?;Locus amoenus;Stabat Mater;De profundis;Memento mori
Matura Język Polski;Interpretacja i Analiza Tekstu;bardzo trudne;Jak określa się topos miejsca absolutnie bezpiecznego, sielskiego, do którego człowiek ucieka przed złem świata?;Arkadia;Tartar;Hades;Golgota
Matura Język Polski;Interpretacja i Analiza Tekstu;bardzo trudne;Jaki motyw łączy postać Prometeusza i Konrada z "Dziadów"?;Prometeizm (bunt dla dobra ludzi);Narcyzm;Sceptycyzm;Dekadentyzm
Matura Język Polski;Interpretacja i Analiza Tekstu;bardzo trudne;Jakie znaczenie ma topos "księgi świata"?;Przyroda i kosmos jako tekst do odczytania;Konieczność czytania Biblii;Opis biblioteki;Kult nauki
Matura Język Polski;Interpretacja i Analiza Tekstu;bardzo trudne;Jaką ideę wyraża topos "fortuna variabilis"?;Zmienność i kapryśność losu;Niezmienność porządku świata;Boską sprawiedliwość;Pochwałę pracy
Matura Język Polski;Interpretacja i Analiza Tekstu;bardzo trudne;Który topos odnosi się do walki z wiatrakami, czyli beznadziejnych starań?;Donkiszoteria;Ikarowe loty;Syzyfowa praca;Sąd Parysa
Matura Język Polski;Interpretacja i Analiza Tekstu;trudne;Co oznacza motyw "stabat mater", często występujący w literaturze średniowiecza?;Matkę bolejącą pod krzyżem;Matkę radosną z narodzin syna;Matkę walczącą o wolność;Matkę odtrąconą przez dzieci
Matura Język Polski;Interpretacja i Analiza Tekstu;trudne;Co symbolizuje biblijny motyw wieży Babel?;Pychę ludzką i brak porozumienia;Potęgę techniki;Wiarę w Boga;Pokój między narodami
Matura Język Polski;Interpretacja i Analiza Tekstu;trudne;Czym jest topos "theatrum mundi", obecny m.in. w "Lalce" Prusa?;Postrzeganiem świata jako sceny, a ludzi jako aktorów;Wiarą w siłę przeznaczenia;Opisem idealnego państwa;Kultem piękna antycznego
Matura Język Polski;Interpretacja i Analiza Tekstu;trudne;Czym objawia się topos "ubi sunt" (gdzie oni są?), niezwykle często eksploatowany w literaturze średniowiecza i baroku?;Refleksją nad przemijaniem i kruchością życia;Skrajnym wezwaniem do walki zbrojnej;Dokładnym opisem krainy idealnej w zaświatach;Wiarą w ciągłą wędrówkę i reinkarnację dusz
Matura Język Polski;Interpretacja i Analiza Tekstu;trudne;Jak nazywa się motyw literacki ukazujący świat jako scenę, na której ludzie są jedynie aktorami?;Theatrum mundi;Locus amoenus;Ubi sunt;Danse macabre
Matura Język Polski;Interpretacja i Analiza Tekstu;trudne;Jak nazywa się motyw literacki ukazujący świat jako scenę, na której ludzie są jedynie aktorami?;Theatrum mundi;Locus amoenus;Ubi sunt;Danse macabre
Matura Język Polski;Interpretacja i Analiza Tekstu;trudne;Jak nazywamy motyw poety-żołnierza, wzywającego do walki za ojczyznę?;Tyrtajski;Prometejski;Winkelriedyczny;Mesjanistyczny
Matura Język Polski;Interpretacja i Analiza Tekstu;trudne;Jaki motyw dominuje w literaturze baroku, podkreślając marność świata?;Vanitas;Carpe diem;Nike;Tyrtajski
Matura Język Polski;Interpretacja i Analiza Tekstu;trudne;Która mityczna postać jest symbolem buntu przeciwko bogom i bezinteresownego poświęcenia dla ludzkości?;Prometeusz;Syzyf;Ikar;Narcyz
Matura Język Polski;Interpretacja i Analiza Tekstu;trudne;Która mityczna postać jest symbolem buntu przeciwko bogom i bezinteresownego poświęcenia dla ludzkości?;Prometeusz;Syzyf;Ikar;Narcyz
Matura Język Polski;Interpretacja i Analiza Tekstu;trudne;Który topos literacki odnosi się do krainy wiecznego szczęścia i spokoju?;Arkadia;Tartar;Hades;Golgota
Matura Język Polski;Interpretacja i Analiza Tekstu;trudne;Który topos odnosi się do nieśmiertelnej sławy poetyckiej?;Exegi monumentum;Non omnis moriar;Memento mori;Ubi sunt
Matura Język Polski;Interpretacja i Analiza Tekstu;trudne;W jakiej epoce najsilniej rozwinął się motyw "danse macabre" (taniec śmierci)?;Średniowiecze;Barok;Renesans;Romantyzm
Matura Język Polski;Interpretacja i Analiza Tekstu;trudne;W jakiej polskiej epoce najsilniej wyeksponowano męczeński topos ojczyzny jako cierpiącego Chrystusa narodów?;W romantyzmie;W renesansie;W oświeceniu;W pozytywizmie
Matura Język Polski;Interpretacja i Analiza Tekstu;łatwe;Jak nazywa się motyw literacki przedstawiający życie jako drogę, pełną trudów i wyzwań?;Homo viator;Vanitas;Non omnis moriar;Carpe diem
Matura Język Polski;Interpretacja i Analiza Tekstu;łatwe;Jak nazywa się motyw literacki przedstawiający życie jako drogę, pełną trudów i wyzwań?;Homo viator;Vanitas;Non omnis moriar;Carpe diem
Matura Język Polski;Interpretacja i Analiza Tekstu;łatwe;Jaki mityczny bohater jest archetypem człowieka buntującego się przeciw bogom dla większego dobra ludzkości?;Prometeusz;Herakles;Odyseusz;Syzyf
Matura Język Polski;Interpretacja i Analiza Tekstu;łatwe;Jaki mityczny bohater jest symbolem bezowocnej, ciężkiej i powtarzalnej pracy?;Syzyf;Prometeusz;Ikar;Narcyz
Matura Język Polski;Interpretacja i Analiza Tekstu;łatwe;Który topos biblijny odnosi się do marności świata i przemijania życia ludzkiego?;Vanitas;Arkadia;Exegi monumentum;Theatrum mundi
Matura Język Polski;Interpretacja i Analiza Tekstu;łatwe;Który topos biblijny odnosi się do marności świata i przemijania życia ludzkiego?;Vanitas;Arkadia;Exegi monumentum;Theatrum mundi
Matura Język Polski;Interpretacja i Analiza Tekstu;łatwe;Który topos opisuje życie ludzkie jako ciągłą wędrówkę i poszukiwanie celu?;Homo viator;Theatrum mundi;Exegi monumentum;Carpe diem
Matura Język Polski;Młoda Polska;bardzo trudne;Co oznacza termin "chłopomania" w kontekście epoki?;Fascynację życiem i kulturą wsi przez inteligentów;Chęć zostania rolnikiem;Bunt chłopów przeciw panom;Naukę gwary w szkołach
Matura Język Polski;Młoda Polska;bardzo trudne;Czym charakteryzował się obecny w malarstwie, ale i w literaturze Młodej Polski styl znany jako impresjonizm?;Uchwyceniem zmysłowego nastroju, światła i ulotnej chwili;Bolesnym eksponowaniem brzydoty, brudu i problemów fabryk;Odwoływaniem się bezpośrednio do surowych bóstw starożytnych;Przedstawianiem natury za pomocą regularnych figur z geometrii
Matura Język Polski;Młoda Polska;bardzo trudne;Jak nazywa się słynny esej programowy Artura Górskiego, który nadał nazwę epoce?;Młoda Polska;Confiteor;Sztuka dla sztuki;Współczesna literatura polska
Matura Język Polski;Młoda Polska;bardzo trudne;Jak nazywał się manifest artystyczny Artura Górskiego, dający nazwę epoce?;"Młoda Polska";"Confiteor";"Sztuka dla sztuki";"Modernizm"
Matura Język Polski;Młoda Polska;bardzo trudne;Kto w "Weselu" wypowiada słowa: "Miałeś, chamie, złoty róg"?;Chochoł;Jasiek;Gospodarz;Czepiec
Matura Język Polski;Młoda Polska;bardzo trudne;Który poeta jest autorem hymnu "Dies irae", wyrażającego lęk przed końcem świata?;Jan Kasprowicz;Kazimierz Przerwa-Tetmajer;Leopold Staff;Lucjan Rydel
Matura Język Polski;Młoda Polska;bardzo trudne;Z jakiego cyklu poetyckiego Jana Kasprowicza pochodzi katastroficzna i eschatologiczna wizja pękającego od zła świata ("Dies irae")?;Z Hymnów;Z Sonetów krymskich;Z Trenów;Z Pieśni świętojańskiej o Sobótce
Matura Język Polski;Młoda Polska;trudne;Czym charakteryzuje się postać dekadenta w literaturze?;Poczuciem kryzysu wartości i apatią;Wiarą w postęp;Optymizmem;Zapałem do pracy
Matura Język Polski;Młoda Polska;trudne;Jak nazywa się główny nurt w sztuce Młodej Polski, stawiający na ulotność chwili i nastrojowość?;Impresjonizm;Ekspresjonizm;Symbolizm;Naturalizm
Matura Język Polski;Młoda Polska;trudne;Jak nazywa się technika malarska przeniesiona do literatury, polegająca na utrwalaniu ulotnych wrażeń i nastrojów?;Impresjonizm;Symbolizm;Secesja;Realizm
Matura Język Polski;Młoda Polska;trudne;Jak nazywa się wieś opisana w powieści "Chłopi"?;Lipce;Bronowice;Nawłoć;Soplicowo
Matura Język Polski;Młoda Polska;trudne;Jaka pisana naturalizmem słynna czterotomowa epopeja W.S. Reymonta zapewniła pisarzowi Literacką Nagrodę Nobla?;Chłopi;Ziemia obiecana;Przedwiośnie;Ludzie bezdomni
Matura Język Polski;Młoda Polska;trudne;Kim jest Antek Boryna w powieści "Chłopi" Władysława Reymonta?;Synem Macieja Boryny;Wójtem;Kowalem;Gospodarzem z innej wsi
Matura Język Polski;Młoda Polska;trudne;Który poeta okresu Młodej Polski jest autorem hymnu "Dies irae"?;Jan Kasprowicz;Kazimierz Przerwa-Tetmajer;Leopold Staff;Lucjan Rydel
Matura Język Polski;Młoda Polska;trudne;W jakiej krakowskiej wsi miało miejsce prawdziwe i legendarne literacko "Wesele", wpisujące się w modę na chłopomanię?;W Bronowicach;W Lipcach;W Soplicowie;W Krzemieńcu
Matura Język Polski;Młoda Polska;łatwe;Jak nazywa się najważniejszy dramat Stanisława Wyspiańskiego, w którym pojawiają się zjawy (np. Stańczyk, Chochoł)?;Wesele;Wyzwolenie;Warszawianka;Noc Listopadowa
Matura Język Polski;Młoda Polska;łatwe;Jakim terminem określamy stan zniechęcenia, braku wiary w wartości i poczucie końca cywilizacji u schyłku XIX wieku?;Dekadentyzm;Impresjonizm;Ekspresjonizm;Symbolizm
Matura Język Polski;Młoda Polska;łatwe;Kto napisał dramat "Wesele"?;Stanisław Wyspiański;Władysław Reymont;Stefan Żeromski;Leopold Staff
Matura Język Polski;Młoda Polska;łatwe;Który utwór Stanisława Wyspiańskiego opisuje spotkanie inteligencji z chłopstwem na zabawie?;Wesele;Wyzwolenie;Warszawianka;Noc Listopadowa
Matura Język Polski;Młoda Polska;łatwe;Który znany artysta z Krakowa zainspirowany ślubem poety Rydla stworzył epokowy i symboliczny dramat "Wesele" z 1901 r.?;Stanisław Wyspiański;Stefan Żeromski;Władysław Reymont;Kazimierz Przerwa-Tetmajer
Matura Język Polski;Barok;bardzo trudne;Gdzie Kmicic podsłuchał rozmowę o planach porwania króla Jana Kazimierza?;W karczmie;W zamku w Kiejdanach;W obozie szwedzkim;W kościele
Matura Język Polski;Barok;bardzo trudne;Jak zginął Janusz Radziwiłł, wielki zdrajca i magnat?;Zmarł w osamotnieniu w tykocińskim zamku;Zginął w pojedynku z Kmicicem;Został ścięty przez kata;Poległ w bitwie pod Warszawą
Matura Język Polski;Barok;bardzo trudne;Który polski hetman jako pierwszy ogłosił przejście na stronę Szwedów w Kiejdanach?;Janusz Radziwiłł;Paweł Sapieha;Stefan Czarniecki;Jerzy Lubomirski
Matura Język Polski;Barok;bardzo trudne;Z jakiego powodu Kmicic musiał porwać Oleńkę z Billewicz?;Chciała wyjść za innego;Odrzuciła go za jego swawole;Nawiedził ich duch dziadka;Zmusili go do tego Radziwiłłowie
Matura Język Polski;Barok;trudne;Jak nazywał się szlachcic, który wyzwał Kmicica na pojedynek i go pokonał?;Michał Wołodyjowski;Jan Skrzetuski;Longinus Podbipięta;Roch Kowalski
Matura Język Polski;Barok;trudne;Jaki fortel zastosował Zagłoba, by uciec z niewoli u Rocha Kowalskiego?;Upit go i nazwał "wujem";Przebrał się za kobietę;Wyskoczył przez okno;Przekupił go złotem
Matura Język Polski;Barok;trudne;Jakiej zbrodni dopuścili się ludzie Kmicica w Wołmontowiczach?;Spalili wieś i zabili mieszkańców;Ukradli bydło;Pobili miejscowego proboszcza;Zniszczyli karczmę
Matura Język Polski;Barok;trudne;Kto jest ukochaną Andrzeja Kmicica, o której względy walczy przez całą powieść?;Oleńka Billewiczówna;Anusia Borzobohata;Helena Kurcewiczówna;Basia Wołodyjowska
Matura Język Polski;Pozytywizm;bardzo trudne;Jak nazywa się główna bohaterka powieści "Nad Niemnem"?;Justyna Orzelska;Izabela Łęcka;Emilia Korczyńska;Marta Korczyńska
Matura Język Polski;Pozytywizm;bardzo trudne;Jak nazywa się prąd literacki wywodzący się z pozytywizmu, który dążył do obiektywnego, niemal fotograficznego opisu rzeczywistości (np. u Emila Zoli)?;Naturalizm;Realizm krytyczny;Socrealizm;Imprymizm
Matura Język Polski;Pozytywizm;bardzo trudne;Jaki polski pisarz opublikował w "Kurierze Warszawskim" powieść "Lalka", dokumentując ewolucję idei pozytywistycznych?;Bolesław Prus;Henryk Sienkiewicz;Stefan Żeromski;Aleksander Świętochowski
Matura Język Polski;Pozytywizm;bardzo trudne;Jakie stanowisko wobec religii zajmowali czołowi myśliciele pozytywizmu?;Agnostycyzm lub scjentyzm;Głęboki mistycyzm;Fanatyzm;Ateizm bojujący
Matura Język Polski;Pozytywizm;bardzo trudne;Kim w "Lalce" był Julian Ochocki?;Pasjonatem nauki i wynalazcą;Kupcem;Arystokratą-hazardzistą;Lekarzem
Matura Język Polski;Pozytywizm;bardzo trudne;Kto jest autorem manifestu "My i wy", oddzielającego młodych pozytywistów od starych romantyków?;Aleksander Świętochowski;Bolesław Prus;Henryk Sienkiewicz;Julian Ochorowicz
Matura Język Polski;Pozytywizm;bardzo trudne;W obronie jakiego kluczowego dla polskiej historii obiektu staje nawrócony Andrzej Kmicic w "Potopie" H. Sienkiewicza?;Na Jasnej Górze;W Świątyni Opatrzności;W Tyńcu pod Krakowem;W bazylice w Gnieźnie
Matura Język Polski;Pozytywizm;trudne;Co miało na celu społeczno-gospodarcze postulowanie tzw. pracy organicznej na ziemiach polskich pod zaborami?;Rozwój gospodarczy i wzmacnianie całego organizmu społecznego;Wysyłanie najzdolniejszych studentów na uniwersytety w Rosji;Zachęcanie rolników do sadzenia roślin odpornych na mrozy;Tworzenie zamkniętych zrzeszeń wojskowych gotowych do bitwy
Matura Język Polski;Pozytywizm;trudne;Co symbolizuje "Gloria victis" w tytule noweli Elizy Orzeszkowej?;Chwałę zwyciężonym (powstańcom styczniowym);Zwycięstwo nad wrogiem;Smutek po wojnie;Konieczność kapitulacji
Matura Język Polski;Pozytywizm;trudne;Jak nazywa się ideologia głosząca konieczność wzmocnienia ekonomicznego narodu?;Praca organiczna;Praca u podstaw;Asymilacja;Scjentyzm
Matura Język Polski;Pozytywizm;trudne;Jak nazywa się koncepcja traktująca społeczeństwo jako jeden żywy organizm, o którego każdą część należy dbać (hasło Herberta Spencera)?;Organicyzm;Ewolucjonizm;Utylitaryzm;Determinizm
Matura Język Polski;Pozytywizm;trudne;Jakie ważne hasło obozu pozytywistów nawoływało do edukacji chłopstwa w celu wzmocnienia potęgi całego narodu polskiego?;Praca u podstaw;Praca organiczna;Emancypacja kobiet;Asymilacja Żydów
Matura Język Polski;Pozytywizm;trudne;Kto jest autorem "Trylogii", pisanej "ku pokrzepieniu serc" w czasach zaborów?;Henryk Sienkiewicz;Bolesław Prus;Stefan Żeromski;Władysław Reymont
Matura Język Polski;Pozytywizm;trudne;Która idea pozytywistyczna zakładała pomoc najuboższym i edukację niższych warstw społecznych?;Praca u podstaw;Praca organiczna;Emancypacja kobiet;Asymilacja Żydów
Matura Język Polski;Pozytywizm;trudne;W którym roku wybuchło powstanie styczniowe, kluczowe dla tej epoki?;1863;1830;1848;1905
Matura Język Polski;Pozytywizm;łatwe;Jak nazywa się programowe hasło pozytywizmu zakładające edukację warstw najniższych?;Oświata ludu;Praca organiczna;Praca u podstaw;Emancypacja kobiet
Matura Język Polski;Pozytywizm;łatwe;Kto jest autorem powieści "Potop"?;Henryk Sienkiewicz;Bolesław Prus;Eliza Orzeszkowa;Stefan Żeromski
Matura Język Polski;Pozytywizm;łatwe;Kto jest autorką pozytywistycznej "Nad Niemnem", powieści gloryfikującej kult pracy z rodem Bohatyrowiczów na czele?;Eliza Orzeszkowa;Maria Konopnicka;Zofia Nałkowska;Gabriela Zapolska
Matura Język Polski;Pozytywizm;łatwe;Która pisarka jest autorką powieści nadniemeńskiej "Nad Niemnem"?;Eliza Orzeszkowa;Maria Konopnicka;Gabriela Zapolska;Zofia Nałkowska
Matura Język Polski;Pozytywizm;łatwe;W którym mieście toczy się akcja większości rozdziałów "Lalki" Bolesława Prusa?;W Warszawie;W Krakowie;W Paryżu;W Wilnie
Matura Język Polski;Romantyzm;bardzo trudne;Czym dokładnie był kultowy mesjanizm polski – niezwykle wpływowy postulat i wizja ukształtowana po upadku powstań narodowych?;Wizją cierpienia Polski, która odkupi wolność innych narodów;Twardym nakazem porzucenia broni na rzecz pracy u podstaw;Ideą bezwarunkowej współpracy z carem w ramach ustępstw;Całkowitym laickim porzuceniem religii w literaturze polskiej
Matura Język Polski;Romantyzm;bardzo trudne;Jak nazywa się koncepcja historiozoficzna zawarta w "Nie-Boskiej komedii", zakładająca, że historia to walka klas zmierzająca do nieuchronnej katastrofy?;Prowidencjalizm;Mesjanizm;Katastrofizm;Ewolucjonizm
Matura Język Polski;Romantyzm;bardzo trudne;Jaki realny konflikt społeczny z XIX wieku stał się głównym tłem rewolucyjnym dla akcji "Nie-Boskiej komedii" Krasińskiego?;Walka obozu arystokracji z masami rewolucjonistów;Wybuch i porażka Powstania Listopadowego;Konserwatywna walka zbrojna w Konfederacji barskiej;Początek narodowych zrywów znanych jako Wiosna Ludów
Matura Język Polski;Romantyzm;bardzo trudne;Jaką postawę reprezentuje hrabia Henryk w "Nie-Boskiej komedii"?;Arystokraty broniącego starego świata;Rewolucjonisty;Mistyka;Poety ludowego
Matura Język Polski;Romantyzm;bardzo trudne;W jakim utworze Norwid opisuje śmierć generała Józefa Bema?;"Bema pamięci żałobny-rapsod";"Fortepian Szopena";"Coś ty Atenom zrobił, Sokratesie";"Vade-mecum"
Matura Język Polski;Romantyzm;trudne;Gdzie rozgrywa się akcja "Pana Tadeusza"?;Na Litwie (Soplicowo);W Warszawie;W Krakowie;W Paryżu
Matura Język Polski;Romantyzm;trudne;Jak nazywa się bohater "Dziadów" cz. III, który wygłasza Wielką Improwizację?;Konrad;Gustaw;Piotr;Żegota
Matura Język Polski;Romantyzm;trudne;Jak określamy postawę bohatera literackiego, który czuje niechęć do świata, ból istnienia i skłonność do melancholii?;Weltschmerz (ból świata);Bajronizm;Prometeizm;Mesjanizm
Matura Język Polski;Romantyzm;trudne;Jak przed przemianą celi bazylianów miał na imię bohater III części "Dziadów", wygłaszający Wielką Improwizację przeciw Bogu?;Gustaw;Kordian;Hrabia Henryk;Jacek Soplica
Matura Język Polski;Romantyzm;trudne;W jakiej wczesnej publikacji z 1822 roku Adam Mickiewicz jako pierwszy wyłożył na ziemiach polskich idee romantyzmu?;W przedmowie do cyklu "Ballady i romanse";W patetycznym wierszu "Oda do młodości";W "Pieśni Wajdeloty" śpiewanej przez Halbana;We wstępie do "Konrada Wallenroda"
Matura Język Polski;Romantyzm;trudne;W którym dramacie Słowackiego główny bohater przechodzi przemianę na szczycie Mont Blanc?;Kordian;Balladyna;Lilla Weneda;Horsztyński
Matura Język Polski;Romantyzm;łatwe;Jak nazywa się bohater "Cierpień młodego Wertera", który stał się wzorcem nieszczęśliwego, nadwrażliwego kochanka?;Werter;Konrad;Kordian;Giaur
Matura Język Polski;Romantyzm;łatwe;Kto jest autorem "Ballad i romansów", których wydanie w 1822 roku uznaje się za początek polskiego romantyzmu?;Adam Mickiewicz;Juliusz Słowacki;Cyprian Kamil Norwid;Zygmunt Krasiński
Matura Język Polski;Romantyzm;łatwe;Kto napisał dramat "Kordian"?;Juliusz Słowacki;Adam Mickiewicz;Zygmunt Krasiński;Cyprian Kamil Norwid
Matura Język Polski;Romantyzm;łatwe;Który wieszcz z wielkiej trójki napisał "Kordiana" – odpowiedź na ideowe rozważania Adama Mickiewicza z "Dziadów"?;Juliusz Słowacki;Adam Mickiewicz;Zygmunt Krasiński;Cyprian Kamil Norwid
Matura Język Polski;Język Polski w Użyciu;bardzo trudne;Czym charakteryzuje się stylizacja biblijna?;Stosowaniem inwersji i specyficznych spójników;Użyciem gwary;Krótkimi zdaniami;Wulgaryzmami
Matura Język Polski;Język Polski w Użyciu;bardzo trudne;Czym charakteryzuje się zabieg archaizacji języka, szeroko wprowadzany w powieściach Sienkiewicza (jak choćby "Potop")?;Wprowadzaniem słów celowo przestarzałych dla imitacji dawnego języka;Zastępowaniem dawnych słów wulgaryzmami dla efektu zaskoczenia;Opieraniem narracji wyłącznie na twardej gwarze miejskiej;Częstym używaniem skrótów i akronimów wprost z notatek urzędniczych
Matura Język Polski;Język Polski w Użyciu;bardzo trudne;Jak brzmi nazwa figury retorycznej służącej w piśmie za ominięcie drastycznego słowa łagodniejszym pojęciem (np. "zasnąć w Panu" za "umrzeć")?;Eufemizm;Dysfemizm;Neologizm;Tautologia
Matura Język Polski;Język Polski w Użyciu;bardzo trudne;Jak nazywa się figura stylistyczna polegająca na zestawieniu dwóch przeciwstawnych pojęć w jeden paradoksalny zwrot (np. "wymowne milczenie")?;Oksymoron;Antyteza;Gradacja;Paralelizm
Matura Język Polski;Język Polski w Użyciu;bardzo trudne;Jaką funkcję pełni inwersja w tekście poetyckim?;Zmienia szyk wyrazów, by podkreślić znaczenie;Upraszcza język;Służy do rymowania;Jest błędem
Matura Język Polski;Język Polski w Użyciu;trudne;Czym jest pytanie retoryczne?;Pytaniem, które nie wymaga odpowiedzi;Błędem logicznym;Pytaniem do egzaminatora;Rodzajem wykrzyknienia
Matura Język Polski;Język Polski w Użyciu;trudne;Czym w budowaniu oratorskiej mowy retorycznej jest zabieg znany tradycyjnie jako "pytanie retoryczne"?;Zadaniem pytania, które nie wymaga odpowiedzi, lecz pobudza do myślenia;Bezpośrednim zwróceniem się o podpowiedź do głośnej publiczności;Rozkazem nakazującym wykonanie czynności wypowiedzianym szeptem;Zwykłym zastąpieniem nudnego czasownika bardziej barwnym opisem
Matura Język Polski;Język Polski w Użyciu;trudne;Jak fachowo nazywa się artystyczny środek stylistyczny służący do ogromnego potęgowania i zamierzonej przesady (np. "wylać morze łez")?;Hiperbola;Litota;Eufemizm;Metonimia
Matura Język Polski;Język Polski w Użyciu;trudne;Jak nazywa się błąd składniowy polegający na niewłaściwym powiązaniu członów zdania (np. "Idąc do szkoły, padał deszcz")?;Anakolut;Kontaminacja;Solecyzm;Pleonazm
Matura Język Polski;Język Polski w Użyciu;trudne;Jak nazywamy celowe użycie przestarzałego wyrazu?;Archaizm;Neologizm;Kolokwializm;Eufemizm
Matura Język Polski;Język Polski w Użyciu;trudne;Jakim terminem określamy celowe złagodzenie drastycznych lub nieuprzejmych sformułowań (np. "zasnął na wieki" zamiast "umarł")?;Eufemizm;Pleonazm;Inwersja;Paradoks
Matura Język Polski;Język Polski w Użyciu;łatwe;Jak nazywa się niezwykle popularna figura stylistyczna polegająca na powtórzeniu słowa na początku kolejnych zdań lub wersów?;Anafora;Epifora;Oksymoron;Peryfraza
Matura Język Polski;Język Polski w Użyciu;łatwe;Jak nazywa się pytanie, na które nie oczekuje się odpowiedzi, ponieważ jest ona oczywista?;Pytanie retoryczne;Pytanie otwarte;Pytanie tendencyjne;Pytanie egzystencjalne
Matura Język Polski;Język Polski w Użyciu;łatwe;Jak nazywa się środek stylistyczny polegający na celowym wyolbrzymieniu cech przedmiotu lub zjawiska?;Hiperbola;Eufemizm;Metafora;Epitet
Matura Język Polski;Język Polski w Użyciu;łatwe;Jak nazywamy powtórzenie tego samego zwrotu na początku kolejnych zdań?;Anafora;Epifora;Oksymoron;Inwersja
Matura Język Polski;Epoki Literackie i Teoria;bardzo trudne;Czym charakteryzuje się wiersz sylabotoniczny, spopularyzowany w poezji polskiej w epoce romantyzmu?;Stałą liczbą sylab i regularnym rozkładem akcentów;Równą liczbą głosek we wszystkich strofach;Brakiem rymów oraz znaków przestankowych;Całkowicie luźną i nieregularną budową stroficzną
Matura Język Polski;Epoki Literackie i Teoria;bardzo trudne;Jak nazywa się gatunek liryki, będący uroczystą pieśnią pochwalną, charakteryzujący się wzniosłym stylem i kunsztowną budową?;Oda;Tren;Elegia;Hymn
Matura Język Polski;Epoki Literackie i Teoria;bardzo trudne;Jak nazywa się gatunek liryki, będący uroczystą pieśnią pochwalną, charakteryzujący się wzniosłym stylem i kunsztowną budową?;Oda;Tren;Elegia;Hymn
Matura Język Polski;Epoki Literackie i Teoria;bardzo trudne;Jak nazywa się postać wypowiadająca się w tekście epickim, która relacjonuje wydarzenia?;Narrator;Podmiot liryczny;Bohater;Autor
Matura Język Polski;Epoki Literackie i Teoria;bardzo trudne;Jakie główne zadanie pełni tzw. funkcja fatyczna w tekście literackim i w potocznej komunikacji językowej?;Podtrzymuje kontakt z odbiorcą komunikatu;Przekazuje rzetelne i sprawdzone fakty;Służy wyrażeniu osobistych emocji nadawcy;Wywołuje reakcję estetyczną i zachwyt
Matura Język Polski;Epoki Literackie i Teoria;trudne;Czym jest ironia w tekście literackim?;Sformułowaniem, którego sens jest sprzeczny z dosłownym znaczeniem słów;Obrazą skierowaną do odbiorcy;Opisem przyrody;Rodzajem puenty
Matura Język Polski;Epoki Literackie i Teoria;trudne;Czym podczas analizy wiersza i budowy poetyckiej charakteryzuje się zjawisko zwane przerzutnią?;Przeniesieniem części zdania do następnego wersu;Powtórzeniem tego samego słowa na końcu;Zestawieniem całkowicie sprzecznych pojęć;Nadaniem przedmiotom cech wyłącznie ludzkich
Matura Język Polski;Epoki Literackie i Teoria;trudne;Jak nazywa się popularny zabieg literacki polegający na przypisaniu przedmiotom martwym lub pojęciom cech ludzkich?;Antropomorfizacja;Reifikacja;Animalizacja;Oksymoron
Matura Język Polski;Epoki Literackie i Teoria;trudne;Jak nazywa się zabieg polegający na przeniesieniu części zdania do następnego wersu, co zmienia rytm wiersza?;Przerzutnia;Inwersja;Paralelizm;Onomatopeja
Matura Język Polski;Epoki Literackie i Teoria;trudne;Jak nazywa się środek stylistyczny polegający na nadawaniu przedmiotom martwym lub zjawiskom przyrody cech ludzkich?;Antropomorfizacja;Personifikacja;Animizacja;Hiperbola
Matura Język Polski;Epoki Literackie i Teoria;trudne;Jak nazywa się środek stylistyczny polegający na nadawaniu przedmiotom martwym lub zjawiskom przyrody cech ludzkich?;Antropomorfizacja;Personifikacja;Animizacja;Hiperbola
Matura Język Polski;Epoki Literackie i Teoria;trudne;Jakim terminem określamy utwór literacki, który naśladuje styl innego dzieła lub autora w sposób prześmiewczy?;Parodia;Pastisz;Trawestacja;Parafraza
Matura Język Polski;Epoki Literackie i Teoria;trudne;Jakim terminem określamy utwór literacki, który naśladuje styl innego dzieła lub autora w sposób prześmiewczy?;Parodia;Pastisz;Trawestacja;Parafraza
Matura Język Polski;Epoki Literackie i Teoria;łatwe;Do jakiego z trzech podstawowych rodzajów literackich należą takie gatunki jak powieść, nowela oraz opowiadanie?;Epika;Liryka;Dramat;Publicystyka
Matura Język Polski;Epoki Literackie i Teoria;łatwe;Jak nazywa się element fabuły, który stanowi moment najwyższego napięcia w utworze?;Punkt kulminacyjny;Ekspozycja;Zawiązanie akcji;Perypetia
Matura Język Polski;Epoki Literackie i Teoria;łatwe;Jak nazywa się rodzaj literacki, do którego należą utwory przeznaczone do wystawienia na scenie?;Dramat;Liryka;Epika;Esej
Matura Język Polski;Epoki Literackie i Teoria;łatwe;Jak nazywa się rodzaj literacki, do którego należą utwory przeznaczone do wystawienia na scenie?;Dramat;Liryka;Epika;Esej
Matura Język Polski;Epoki Literackie i Teoria;łatwe;Jak nazywa się rym, w którym powtarzają się końcówki wyrazów na końcu sąsiadujących wersów?;Rym końcowy;Rym wewnętrzny;Rym męski;Rym bogaty
Matura Język Polski;Epoki Literackie i Teoria;łatwe;Jak określamy osobę wypowiadającą się w utworze lirycznym?;Podmiot liryczny;Narrator;Autor;Bohater
Matura Język Polski;Epoki Literackie i Teoria;łatwe;Jak określamy osobę wypowiadającą się w utworze lirycznym?;Podmiot liryczny;Narrator;Autor;Bohater
Matura Język Polski;Młoda Polska;bardzo trudne;Co konkretnie zgubił Gospodarz, co otrzymał od Wernyhory jako znak przymierza?;Złotą podkowę;Złoty róg;Srebrną szablę;Pierścień
Matura Język Polski;Młoda Polska;bardzo trudne;Czego symbolem jest "czapka z piór", dla której Jasiek schylił się, gubiąc Złoty Róg?;Prywaty i próżności chłopskiej;Dumy narodowej;Bogactwa;Władzy nad wsią
Matura Język Polski;Młoda Polska;bardzo trudne;Kim jest Widmo, które ukazuje się Marysi w nocy?;Jej dawnym, zmarłym narzeczonym;Jej ojcem;Duchem Rycerza;Aniołem Stróżem
Matura Język Polski;Młoda Polska;bardzo trudne;Kto jako jedyny słyszy tętent koni, zapowiadający przybycie Wernyhory?;Gospodarz;Jasiek;Ksiądz;Żyd
Matura Język Polski;Młoda Polska;trudne;Jaką funkcję pełni Chochoł w finale dramatu?;Przygrywa do tańca uśpionym gościom;Zwiastuje nadejście wojsk;Wskazuje drogę Jaśkowi;Pali dom weselny
Matura Język Polski;Młoda Polska;trudne;Jaką rolę na weselu pełni postać Żyda?;Właściciela karczmy i wierzyciela;Muzykanta;Swata;Sąsiada z miasta
Matura Język Polski;Młoda Polska;trudne;Która zjawa ukazuje się Panu Młodemu, przypominając o zdradzie narodowej?;Hetman Branicki;Rycerz Czarny;Wernyhora;Stańczyk
Matura Język Polski;Młoda Polska;trudne;O co Czepiec ma pretensje do inteligencji z miasta?;O ich bierność i brak chęci do czynu;O brak pieniędzy dla chłopów;O złe traktowanie kobiet;O wyśmiewanie gwary
Matura Język Polski;Wiedza o Kulturze;bardzo trudne;Jak nazywa się koncepcja socjologiczna Marshalla McLuhana opisująca świat jako system powiązany mediami elektronicznymi?;Globalna wioska;Społeczeństwo informacyjne;Postmodernizm;Hipertekst
Matura Język Polski;Wiedza o Kulturze;bardzo trudne;Jak określa się socjologiczny proces zanikania kultur lokalnych na rzecz globalnej papki masowej i amerykanizacji?;Makdonaldyzacja;Urbanizacja;Rewitalizacja;Gentryfikacja
Matura Język Polski;Wiedza o Kulturze;bardzo trudne;Jaki wybitny hiszpański malarz i grafik uznawany jest za najwybitniejszego przedstawiciela surrealizmu (autor miękkich zegarów)?;Salvador Dalí;Pablo Picasso;Joan Miró;Francisco Goya
Matura Język Polski;Wiedza o Kulturze;trudne;Jak nazywa się zjawisko polegające na łączeniu elementów różnych kultur lub wyznań w nową całość?;Synkretyzm;Asymilacja;Dyfuzja;Globalizacja
Matura Język Polski;Wiedza o Kulturze;trudne;Jaki awangardowy styl artystyczny XX wieku, skupiony wokół kultury konsumpcyjnej i puszki zupy, reprezentował Andy Warhol?;Pop-art;Abstrakcjonizm;Kubizm;Surrealizm
Matura Język Polski;Wiedza o Kulturze;trudne;Jakim terminem określamy kulturę przeznaczoną dla szerokiego kręgu odbiorców, często utożsamianą z rozrywką?;Kultura masowa (popkultura);Kultura wysoka;Kultura ludowa;Kontrkultura
Matura Język Polski;Wiedza o Kulturze;trudne;Na czym polega sztuka zwana "happeningiem", wprowadzona nowocześnie jako jednorazowa akcja dla obserwatorów?;Na prowokującym wydarzeniu dziejącym się w czasie rzeczywistym;Na tradycyjnym rzeźbieniu dłutem w bardzo kruchym piaskowcu;Na nagrywaniu i puszczaniu filmów w idealnej pętli przez rok;Na cichym wystawieniu zwykłego renesansowego dramatu antycznego
Matura Język Polski;Wiedza o Kulturze;łatwe;Jak nazywa się budowla w kształcie amfiteatru lub półkola, będąca miejscem wystawiania dramatów w starożytności?;Teatr;Stadion;Agora;Akropol
Matura Język Polski;Wiedza o Kulturze;łatwe;Jak określamy ogół wytworów działalności ludzkiej, zarówno materialnych, jak i duchowych?;Kultura;Cywilizacja;Tradycja;Sztuka
Matura Język Polski;Wiedza o Kulturze;łatwe;W jakim europejskim mieście turysta może odwiedzić słynne Muzeum w Luwrze i ujrzeć uśmiech renesansowej "Mona Lisy"?;W Paryżu;W Londynie;W Berlinie;W Madrycie
Matura Język Polski;Zbrodnia i Kara;bardzo trudne;Co dzieje się ze Swidrygajłowem pod koniec powieści?;Popełnia samobójstwo;Wyjeżdża do Ameryki;Zostaje aresztowany;Zabija Raskolnikowa
Matura Język Polski;Zbrodnia i Kara;bardzo trudne;Ile pieniędzy Raskolnikow ukradł lichwiarce i co z nimi zrobił?;Niewielką sumę, którą ukrył;Tysiąc rubli na studia;Nic nie ukradł;Oddał je Sonii
Matura Język Polski;Zbrodnia i Kara;bardzo trudne;Jakie ostatnie słowa wypowiedział Raskolnikow przed oddaniem się w ręce policji?;To ja zabiłem lichwiarkę;Jestem niewinny;Sonia, ratuj mnie;Bóg mi przebaczy
Matura Język Polski;Zbrodnia i Kara;bardzo trudne;Jaką chorobę psychiczną/fizyczną lekarz diagnozuje u Raskolnikowa po morderstwie?;Monomanię i gorączkę;Schizofrenię;Depresję;Padaczkę
Matura Język Polski;Zbrodnia i Kara;bardzo trudne;Jaką książkę czyta Sonia Raskolnikowowi, co staje się impulsem do jego przemiany?;Biblię (Wskrzeszenie Łazarza);Koran;Poezję Puszkina;Historię Francji
Matura Język Polski;Zbrodnia i Kara;bardzo trudne;Z jakiego powodu Swidrygajłow dręczy Raskolnikowa swoją obecnością?;Uważa go za bratnią duszę w zbrodni;Chce go wydać policji;Chce mu pożyczyć pieniądze;Zazdrości mu siostry
Matura Język Polski;Zbrodnia i Kara;trudne;Dlaczego Marmieładow, ojciec Sonii, stracił pracę i stoczył się na dno?;Przez alkoholizm;Został oskarżony o kradzież;Przez chorobę żony;Z powodu redukcji etatów
Matura Język Polski;Zbrodnia i Kara;trudne;Jak nazywał się śledczy, który prowadził pojedynek psychologiczny z Rodionem?;Porfiry Pietrowicz;Arkadiusz Swidrygajłow;Piotr Łużyn;Dymitr Razumichin
Matura Język Polski;Zbrodnia i Kara;trudne;Jaką teorię Raskolnikow opisał w swoim artykule prasowym?;Podział ludzi na "zwykłych" i "wybitnych";Konieczność zniesienia katorgi;Upadek moralny Rosji;Pochwałę pracy u podstaw
Matura Język Polski;Zbrodnia i Kara;trudne;Kim była Alona Iwanowna, pierwsza ofiara Raskolnikowa?;Starą lichwiarką;Właścicielką stancji;Matką Sonii;Siostrą sędziego
Matura Język Polski;Zbrodnia i Kara;trudne;Kto był drugą, przypadkową ofiarą morderstwa Raskolnikowa?;Lizawieta, siostra lichwiarki;Służąca Nastasja;Sąsiad Marmieładow;Urządnik Łużyn
Matura Język Polski;Zbrodnia i Kara;trudne;Z jakiego powodu Raskolnikow przerwał studia prawnicze?;Z biedy i braku środków;Został relegowany za poglądy;Z powodu ciężkiej choroby;Chciał pisać artykuły
Matura Język Polski;Zbrodnia i Kara;łatwe;Jak nazywał się przyjaciel Raskolnikowa, który opiekował się nim i jego rodziną?;Dymitr Razumichin;Piotr Łużyn;Porfiry Pietrowicz;Arkadiusz Swidrygajłow
Matura Język Polski;Starożytność i Biblia;łatwe;Jak nazywa się pierwsza księga Biblii, opisująca stworzenie świata?;Księga Rodzaju;Księga Wyjścia;Ewangelia św. Jana;Apokalipsa
Matura Język Polski;Starożytność i Biblia;trudne;Jak nazywa się gatunek literacki starożytności, opowiadający w podniosłym stylu o czynach bohaterów, np. "Iliada"?;Epos;Tragedia;Oda;Hymn
Matura Język Polski;Starożytność i Biblia;trudne;Kto jest autorem tragedii "Antygona", opowiadającej o konflikcie prawa boskiego i ludzkiego?;Sofokles;Ajschylos;Eurypides;Arystofanes
Matura Język Polski;Starożytność i Biblia;bardzo trudne;Jak nazywa się grecki termin oznaczający błąd tragiczny bohatera, prowadzący do jego upadku, kluczowy dla teorii tragedii Arystotelesa?;Hamartia;Hybris;Katharsis;Perypetia
Matura Język Polski;Starożytność i Biblia;bardzo trudne;Jak nazywa się część Biblii zawierająca m.in. Psalmy i Księgę Hioba, zaliczana do ksiąg dydaktycznych Starego Testamentu?;Księgi mądrościowe;Księgi prorockie;Pięcioksiąg;Ewangelie
Matura Język Polski;Średniowiecze;łatwe;Jak nazywa się najstarszy zabytek polskiego piśmiennictwa religijnego, pieśń przypisywana świętemu Wojciechowi?;Bogurodzica;Kazania świętokrzyskie;Kazania gnieźnieńskie;Psałterz floriański
Matura Język Polski;Średniowiecze;trudne;Jak nazywa się gatunek literacki średniowiecza opisujący życie i cnoty świętego, mający na celu jego gloryfikację?;Hagiografia;Kronika;Exemplum;Traktat teologiczny
Matura Język Polski;Średniowiecze;trudne;Jak nazywa się gatunek średniowieczny przedstawiający wzorce osobowe do naśladowania, np. wzorzec rycerza, ascety czy władcy?;Parenezy;Hagiografia;Kronika;Bestiariusz
Matura Język Polski;Średniowiecze;bardzo trudne;Jak nazywa się motyw literacki średniowiecza przypominający o nieuchronności śmierci, obecny np. w "Rozmowie Mistrza Polikarpa ze Śmiercią"?;Danse macabre;Vanitas;Ars moriendi;Memento mori
Matura Język Polski;Średniowiecze;bardzo trudne;Jak nazywa się anonimowy utwór średniowieczny, dialog między alegorią Śmierci a różnymi stanami społecznymi?;Rozmowa Mistrza Polikarpa ze Śmiercią;Legenda o świętym Aleksym;Kazania świętokrzyskie;Bogurodzica
Matura Język Polski;Renesans;łatwe;Kto jest uznawany za ojca literatury polskiej, autor fraszek i pieśni z XVI wieku?;Jan Kochanowski;Mikołaj Rej;Łukasz Górnicki;Szymon Szymonowic
Matura Język Polski;Renesans;trudne;Jak nazywa się cykl trenów Jana Kochanowskiego napisanych po śmierci córki Urszulki?;Treny;Fraszki;Pieśni;Psałterz Dawidów
Matura Język Polski;Renesans;trudne;Kto napisał traktat "Żywot człowieka poczciwego", opisujący idealny wzorzec ziemianina?;Mikołaj Rej;Jan Kochanowski;Andrzej Frycz Modrzewski;Łukasz Górnicki
Matura Język Polski;Renesans;bardzo trudne;Jak nazywa się utwór Jana Kochanowskiego uznawany za pierwszy oryginalny dramat w literaturze polskiej, oparty na wątku z "Iliady"?;Odprawa posłów greckich;Treny;Szachy;Zuzanna
Matura Język Polski;Renesans;bardzo trudne;Kto jest autorem traktatu "O poprawie Rzeczypospolitej", krytykującego wady ustrojowe Polski w XVI wieku?;Andrzej Frycz Modrzewski;Mikołaj Rej;Jan Kochanowski;Stanisław Orzechowski
Matura Język Polski;Barok;łatwe;Jak nazywa się styl w sztuce i literaturze XVII wieku, charakteryzujący się bogactwem formy i kontrastami?;Barok;Renesans;Klasycyzm;Rokoko
Matura Język Polski;Barok;trudne;Kto jest autorem poezji metafizycznej i miłosnej, autorem "Do trupa" i "Niestatku", przedstawiciel baroku polskiego?;Jan Andrzej Morsztyn;Daniel Naborowski;Wacław Potocki;Zbigniew Morsztyn
Matura Język Polski;Barok;trudne;Jak nazywa się poemat epicki Wacława Potockiego opisujący wojny polsko-kozackie i polsko-tureckie XVII wieku?;Transakcja wojny chocimskiej;Pamiętniki;Wojna moskiewska;Beniowski
Matura Język Polski;Barok;bardzo trudne;Jak nazywa się styl poetycki baroku, charakteryzujący się kunsztownymi metaforami i grą słów, zwany też stylem "ostrym"?;Konceptyzm;Marinizm;Manieryzm;Eufuizm
Matura Język Polski;Barok;bardzo trudne;Jak nazywa się pamiętnik szlachecki Jana Chryzostoma Paska, ważne źródło wiedzy o obyczajach polskiej szlachty XVII wieku?;Pamiętniki;Skrzetuski;Diariusz;Silva rerum
Matura Język Polski;Oświecenie;łatwe;Kto jest autorem bajek i satyr, uznawany za czołowego poetę polskiego oświecenia, biskup warmiński?;Ignacy Krasicki;Julian Ursyn Niemcewicz;Stanisław Trembecki;Franciszek Karpiński
Matura Język Polski;Oświecenie;trudne;Jak nazywa się powieść Ignacego Krasickiego uznawana za pierwszą nowożytną powieść polską?;Mikołaja Doświadczyńskiego przypadki;Monachomachia;Pan Podstoli;Bajki i przypowieści
Matura Język Polski;Oświecenie;trudne;Jak nazywa się teatr publiczny założony w Warszawie w 1765 roku, uznawany za początek polskiego teatru narodowego?;Teatr Narodowy;Teatr Wielki;Teatr Polski;Teatr Rozmaitości
Matura Język Polski;Oświecenie;bardzo trudne;Jak nazywa się poemat heroikomiczny Ignacego Krasickiego, satyryzujący spory zakonów o pierwszeństwo w śpiewaniu psalmów?;Monachomachia;Myszeis;Antymonachomachia;Bajki nowe
Matura Język Polski;Oświecenie;bardzo trudne;Kto jest autorką sentymentalnej powieści "Malwina, czyli domyślność serca", jednej z pierwszych polskich powieści sentymentalnych?;Maria Wirtemberska;Klementyna Hoffmanowa;Zofia z Czartoryskich Zamoyska;Elżbieta Drużbacka
Matura Język Polski;Romantyzm;łatwe;Kto jest autorem "Dziadów" oraz "Pana Tadeusza", czołowy poeta polskiego romantyzmu?;Adam Mickiewicz;Juliusz Słowacki;Zygmunt Krasiński;Cyprian Kamil Norwid
Matura Język Polski;Romantyzm;trudne;Jak nazywa się dramat Juliusza Słowackiego o młodym spiskowcu, który waha się przed dokonaniem zamachu na cara?;Kordian;Balladyna;Fantazy;Lilla Weneda
Matura Język Polski;Romantyzm;trudne;Jak nazywa się koncepcja mesjanizmu, głosząca szczególną, zbawczą misję Polski wśród narodów, rozwijana m.in. przez Mickiewicza?;Mesjanizm polski;Prometeizm;Bunt;Winkelriedyzm
Matura Język Polski;Romantyzm;bardzo trudne;Jak nazywa się koncepcja poświęcenia się Polski dla dobra innych narodów, wyrażona w "Kordianie" przez porównanie do szwajcarskiego bohatera?;Winkelriedyzm;Mesjanizm;Prometeizm;Bajronizm
Matura Język Polski;Romantyzm;bardzo trudne;Jak nazywa się postawa bohatera romantycznego buntującego się przeciw Bogu w imię cierpiącej ludzkości, obecna np. w Wielkiej Improwizacji?;Prometeizm;Bajronizm;Winkelriedyzm;Mesjanizm
Matura Język Polski;Pozytywizm;łatwe;Kto jest autorem powieści "Lalka", ukazującej Warszawę drugiej połowy XIX wieku?;Bolesław Prus;Henryk Sienkiewicz;Eliza Orzeszkowa;Władysław Reymont
Matura Język Polski;Pozytywizm;trudne;Jak nazywa się hasło pozytywizmu postulujące codzienną pracę nad oświatą i podniesieniem poziomu życia ludu?;Praca u podstaw;Praca organiczna;Emancypacja;Asymilacja
Matura Język Polski;Pozytywizm;trudne;Kto jest autorką powieści "Nad Niemnem", ukazującej życie ziemiaństwa i szlachty zagrodowej po powstaniu styczniowym?;Eliza Orzeszkowa;Maria Konopnicka;Narcyza Żmichowska;Gabriela Zapolska
Matura Język Polski;Pozytywizm;bardzo trudne;Jak nazywa się powieść Bolesława Prusa o chłopie Ślimaku broniącym swojej ziemi przed niemieckim kolonistą?;Placówka;Emancypantki;Anielka;Faraon
Matura Język Polski;Pozytywizm;bardzo trudne;Jak nazywa się powieść historyczna Bolesława Prusa osadzona w starożytnym Egipcie, jego jedyne dzieło tego gatunku?;Faraon;Quo Vadis;Krzyżacy;Ogniem i mieczem
Matura Język Polski;Młoda Polska;łatwe;Kto jest autorem dramatu "Wesele", osadzonego w realiach wesela w Bronowicach?;Stanisław Wyspiański;Stefan Żeromski;Gabriela Zapolska;Tadeusz Rittner
Matura Język Polski;Młoda Polska;trudne;Jak nazywa się hasło Młodej Polski głoszące, że sztuka nie musi służyć celom społecznym, lecz istnieje dla samej siebie?;Sztuka dla sztuki;Praca u podstaw;Praca organiczna;Realizm krytyczny
Matura Język Polski;Młoda Polska;trudne;Kto jest autorem powieści "Ludzie bezdomni", ukazującej losy lekarza-idealisty Tomasza Judyma?;Stefan Żeromski;Bolesław Prus;Władysław Reymont;Gabriela Zapolska
Matura Język Polski;Młoda Polska;bardzo trudne;Jak nazywa się manifest programowy Młodej Polski autorstwa Stanisława Przybyszewskiego, głoszący koncepcję "nagiej duszy"?;Confiteor;Manifest secesji;Credo;Ku nowej sztuce
Matura Język Polski;Młoda Polska;bardzo trudne;Jak nazywa się powieść Władysława Reymonta ukazująca cykl czterech pór roku w życiu polskiej wsi, za którą otrzymał Nagrodę Nobla?;Chłopi;Ziemia obiecana;Komediantka;Fermenty
Matura Język Polski;Dwudziestolecie Międzywojenne;łatwe;Kto jest autorem powieści "Ferdydurke", satyry na niedojrzałość i formę?;Witold Gombrowicz;Bruno Schulz;Stanisław Ignacy Witkiewicz;Julian Tuwim
Matura Język Polski;Dwudziestolecie Międzywojenne;trudne;Jak nazywa się grupa poetycka skupiona wokół pisma "Skamander", do której należeli Tuwim i Lechoń?;Skamandryci;Awangarda Krakowska;Żagaryści;Katastrofiści
Matura Język Polski;Dwudziestolecie Międzywojenne;trudne;Kto jest autorem zbioru opowiadań "Sklepy cynamonowe", pełnego onirycznej, mitologizowanej rzeczywistości?;Bruno Schulz;Witold Gombrowicz;Stanisław Ignacy Witkiewicz;Zofia Nałkowska
Matura Język Polski;Dwudziestolecie Międzywojenne;bardzo trudne;Jak nazywa się teoria filozoficzna Stanisława Ignacego Witkiewicza dotycząca metafizycznego niepokoju istnienia, kluczowa dla jego dramatów?;Czysta Forma;Formizm;Katastrofizm;Witkacyzm
Matura Język Polski;Dwudziestolecie Międzywojenne;bardzo trudne;Jak nazywa się powieść Zofii Nałkowskiej złożona z ośmiu opowiadań o zbrodniach hitlerowskich, napisana na podstawie pracy w komisji badającej te zbrodnie?;Medaliony;Granica;Niecierpliwi;Węzły życia
Matura Język Polski;Literatura Wojny i Okupacji;łatwe;Kto jest autorem zbioru opowiadań obozowych, m.in. "U nas w Auschwitzu"?;Tadeusz Borowski;Gustaw Herling-Grudziński;Zofia Nałkowska;Hanna Krall
Matura Język Polski;Literatura Wojny i Okupacji;trudne;Jak nazywa się powieść Gustawa Herlinga-Grudzińskiego o pobycie autora w sowieckim łagrze?;Inny świat;Medaliony;Pożegnanie z Marią;Dziennik pisany nocą
Matura Język Polski;Literatura Wojny i Okupacji;trudne;Kto jest autorką reportażu "Zdążyć przed Panem Bogiem", o powstaniu w getcie warszawskim widzianym oczami Marka Edelmana?;Hanna Krall;Zofia Nałkowska;Wisława Szymborska;Zofia Posmysz
Matura Język Polski;Literatura Wojny i Okupacji;bardzo trudne;Jak nazywa się cykl esejów Gustawa Herlinga-Grudzińskiego, pisany na emigracji przez wiele lat, uznawany za jego opus magnum?;Dziennik pisany nocą;Inny świat;Wieża;Skrzydła ołtarza
Matura Język Polski;Literatura Wojny i Okupacji;bardzo trudne;Jak nazywa się poemat Czesława Miłosza napisany w okupowanej Warszawie, opisujący zagładę getta widzianą z perspektywy karuzeli na Krasińskich?;Campo di Fiori;Który skrzywdziłeś;Piosenka o końcu świata;Traktat moralny
Matura Język Polski;Literatura Współczesna;trudne;Kto jest autorem cyklu reportaży "Cesarz" o dworze etiopskiego cesarza Hajle Sellasje?;Ryszard Kapuściński;Mariusz Szczygieł;Wojciech Tochman;Jacek Hugo-Bader
Matura Język Polski;Literatura Współczesna;trudne;Jak nazywa się powieść Pawła Huellego rozgrywająca się w powojennym Gdańsku, o tajemniczym chłopcu Weiserze?;Weiser Dawidek;Mercedes-Benz;Śpiewaj ogrody;Opowieść o Wandzie
Matura Język Polski;Literatura Współczesna;bardzo trudne;Jak nazywa się książka Andrzeja Stasiuka opisująca wędrówki po Europie Środkowej i Bałkanach, łącząca reportaż z esejem?;Jadąc do Babadag;Dukla;Fado;Opowieści galicyjskie
Matura Język Polski;Literatura Współczesna;bardzo trudne;Jak nazywa się debiutancki zbiór opowiadań Olgi Tokarczuk wydany w 1993 roku, jeszcze przed jej powieściami?;Szafa;Podróż ludzi Księgi;E.E.;Prawiek i inne czasy
Matura Język Polski;Dramat i Teatr;łatwe;Kto jest autorem komedii "Zemsta" i "Śluby panieńskie"?;Aleksander Fredro;Stanisław Wyspiański;Juliusz Słowacki;Adam Mickiewicz
Matura Język Polski;Dramat i Teatr;trudne;Jak nazywa się starożytny grecki budynek widowiskowy, w którym wystawiano tragedie i komedie, zwykle zbudowany na zboczu wzgórza?;Amfiteatr;Forum;Akropol;Odeon
Matura Język Polski;Dramat i Teatr;trudne;Jak nazywa się teoria Arystotelesa dotycząca oczyszczającego wpływu tragedii na widzów poprzez litość i trwogę?;Katharsis;Hamartia;Mimesis;Peripeteia
Matura Język Polski;Dramat i Teatr;bardzo trudne;Jak nazywa się teatralna koncepcja Bertolta Brechta polegająca na celowym przerywaniu iluzji scenicznej, by widz zachował dystans krytyczny?;Efekt obcości;Czwarta ściana;Teatr okrutny;Teatr absurdu
Matura Język Polski;Dramat i Teatr;bardzo trudne;Jak nazywa się nurt dramatyczny XX wieku, którego przedstawicielem był Samuel Beckett, ukazujący bezsens ludzkiej egzystencji?;Teatr absurdu;Teatr okrutny;Epicki teatr;Teatr symboliczny
Matura Język Polski;Zbrodnia i Kara;łatwe;Kto jest autorem powieści "Zbrodnia i kara", o studencie Raskolnikowie, który zabija lichwiarkę?;Fiodor Dostojewski;Lew Tołstoj;Anton Czechow;Iwan Turgieniew
Matura Język Polski;Zbrodnia i Kara;trudne;Jak ma na imię główny bohater powieści "Zbrodnia i kara", student, który dopuszcza się zabójstwa?;Rodion Raskolnikow;Dymitr Karamazow;Piotr Wierchowieński;Kirył Stawrogin
Matura Język Polski;Zbrodnia i Kara;trudne;Jak nazywa się teoria Raskolnikowa, dzieląca ludzi na "zwyczajnych" i "niezwykłych", usprawiedliwiająca zbrodnię jednostki wybitnej?;Teoria "prawa silniejszego";Teoria nadczłowieka Nietzschego;Teoria egzystencjalna;Teoria utylitarna
Matura Język Polski;Zbrodnia i Kara;bardzo trudne;Kto jest śledczym prowadzącym sprawę zabójstwa w "Zbrodni i karze", który psychologicznie doprowadza Raskolnikowa do przyznania się?;Porfiry Pietrowicz;Razumichin;Świdrygajłow;Łużin
Matura Język Polski;Zbrodnia i Kara;bardzo trudne;Jak ma na imię prostytutka, która staje się moralnym odkupieniem Raskolnikowa w powieści "Zbrodnia i kara"?;Sonia Marmieładowa;Dunia Raskolnikowa;Katarzyna Marmieładowa;Nastazja
Matura Język Polski;Lektury Obowiązkowe - Zestawienie;łatwe;Kto jest autorem "Pana Tadeusza", lektury obowiązkowej dla szkół średnich?;Adam Mickiewicz;Juliusz Słowacki;Henryk Sienkiewicz;Bolesław Prus
Matura Język Polski;Lektury Obowiązkowe - Zestawienie;trudne;Ile ksiąg liczy epopeja "Pan Tadeusz" Adama Mickiewicza?;12;10;14;24
Matura Język Polski;Lektury Obowiązkowe - Zestawienie;trudne;Kto jest autorem powieści "Krzyżacy", lektury o wojnach Polski z zakonem krzyżackim?;Henryk Sienkiewicz;Józef Ignacy Kraszewski;Władysław Reymont;Bolesław Prus
Matura Język Polski;Lektury Obowiązkowe - Zestawienie;bardzo trudne;Jak nazywa się mniej znana powieść Elizy Orzeszkowej o powstaniu styczniowym i jego skutkach dla polskiej wsi, obok "Nad Niemnem"?;Dziurdziowie;Marta;Cham;Meir Ezofowicz
Matura Język Polski;Lektury Obowiązkowe - Zestawienie;bardzo trudne;Ile lat miał Tadeusz Soplica, główny bohater "Pana Tadeusza", w momencie rozpoczęcia akcji utworu?;20;18;22;25
Matura Język Polski;Epoki Literackie i Teoria;łatwe;Jaka epoka literacka poprzedza bezpośrednio Renesans w historii literatury europejskiej?;Średniowiecze;Barok;Oświecenie;Starożytność
Matura Język Polski;Epoki Literackie i Teoria;trudne;Jak nazywa się epoka literacka trwająca w Polsce od ok. 1863 do 1890 roku, głosząca hasła pracy organicznej i pracy u podstaw?;Pozytywizm;Romantyzm;Młoda Polska;Oświecenie
Matura Język Polski;Epoki Literackie i Teoria;trudne;Jak nazywa się dział wiedzy o literaturze zajmujący się klasyfikacją i cechami gatunków literackich?;Genologia;Poetyka;Wersyfikacja;Stylistyka
Matura Język Polski;Epoki Literackie i Teoria;bardzo trudne;Jak nazywa się metoda badania literatury skupiająca się wyłącznie na tekście, z pominięciem biografii autora i kontekstu historycznego?;Formalizm;Strukturalizm;Hermeneutyka;Dekonstrukcja
Matura Język Polski;Epoki Literackie i Teoria;bardzo trudne;Jak nazywa się nurt krytyki literackiej badający teksty pod kątem ukrytych struktur i opozycji binarnych, zapoczątkowany przez Ferdinanda de Saussure'a?;Strukturalizm;Formalizm;Dekonstrukcja;Postkolonializm
Matura Język Polski;Interpretacja i Analiza Tekstu;łatwe;Jak nazywa się środek stylistyczny polegający na porównaniu dwóch rzeczy za pomocą słów "jak", "niczym", "jakby"?;Porównanie;Metafora;Epitet;Personifikacja
Matura Język Polski;Interpretacja i Analiza Tekstu;trudne;Jak nazywa się środek stylistyczny polegający na przenośnym połączeniu dwóch pojęć bez użycia słów porównujących?;Metafora;Porównanie;Metonimia;Synekdocha
Matura Język Polski;Interpretacja i Analiza Tekstu;trudne;Jak nazywa się figura stylistyczna polegająca na powtórzeniu tego samego wyrazu na początku kolejnych wersów lub zdań?;Anafora;Epifora;Refren;Paralelizm
Matura Język Polski;Interpretacja i Analiza Tekstu;bardzo trudne;Jak nazywa się figura retoryczna polegająca na zastąpieniu nazwy całości nazwą części lub odwrotnie, np. "dach nad głową" zamiast "dom"?;Synekdocha;Metonimia;Metafora;Peryfraza
Matura Język Polski;Interpretacja i Analiza Tekstu;bardzo trudne;Jak nazywa się opisowe określenie zastępujące nazwę wprost, np. "kraina wiecznego szczęścia" zamiast "raj"?;Peryfraza;Synekdocha;Metonimia;Eufemizm
Matura Język Polski;Bohaterowie Literaccy;łatwe;Jak ma na imię tytułowy bohater powieści "Quo Vadis", rzymski patrycjusz zakochany w chrześcijance Ligii?;Marek Winicjusz;Petroniusz;Neron;Chilon Chilonides
Matura Język Polski;Bohaterowie Literaccy;trudne;Jak nazywa się tytułowy bohater "Pana Tadeusza", młody szlachcic powracający do rodzinnego Soplicowa?;Tadeusz Soplica;Jacek Soplica;Gerwazy;Hrabia
Matura Język Polski;Bohaterowie Literaccy;trudne;Jak nazywa się mnich, w rzeczywistości ojciec Tadeusza, żyjący w ukryciu pod imieniem Robak?;Jacek Soplica;Gerwazy;Podkomorzy;Sędzia
Matura Język Polski;Bohaterowie Literaccy;bardzo trudne;Jak nazywa się główny bohater "Lalki" Bolesława Prusa, kupiec zakochany w arystokratce Izabeli Łęckiej?;Stanisław Wokulski;Ignacy Rzecki;Julian Ochocki;Baron Krzeszowski
Matura Język Polski;Bohaterowie Literaccy;bardzo trudne;Jak nazywa się stary subiekt, przyjaciel Wokulskiego w "Lalce", wielbiciel Napoleona, prowadzący pamiętnik?;Ignacy Rzecki;Julian Ochocki;Baron Krzeszowski;Szuman
Matura Język Polski;Język Polski w Użyciu;łatwe;Jak nazywa się słownik zawierający wyrazy o znaczeniu przeciwnym?;Słownik antonimów;Słownik synonimów;Słownik ortograficzny;Słownik wyrazów obcych
Matura Język Polski;Język Polski w Użyciu;trudne;Jak nazywa się odmiana języka używana w sytuacjach oficjalnych, urzędowych i naukowych?;Styl urzędowy;Styl potoczny;Styl artystyczny;Styl publicystyczny
Matura Język Polski;Język Polski w Użyciu;trudne;Jak nazywa się zjawisko zapożyczania wyrazów z innych języków, np. z angielskiego do polszczyzny?;Zapożyczenie językowe;Neologizm;Archaizm;Kalka językowa
Matura Język Polski;Język Polski w Użyciu;bardzo trudne;Jak nazywa się dosłowne tłumaczenie obcego wyrazu na język polski, zachowujące strukturę oryginału, np. "drapacz chmur" z angielskiego "skyscraper"?;Kalka językowa;Zapożyczenie właściwe;Neologizm;Barbaryzm
Matura Język Polski;Język Polski w Użyciu;bardzo trudne;Jak nazywa się nauka o pochodzeniu i historii wyrazów danego języka?;Etymologia;Semantyka;Fonetyka;Leksykologia
Matura Język Polski;Wiedza o Kulturze;łatwe;Jak nazywa się okres w historii sztuki i kultury europejskiej charakteryzujący się odrodzeniem wzorców antycznych, trwający od XIV do XVI wieku?;Renesans;Barok;Gotyk;Romanizm
Matura Język Polski;Wiedza o Kulturze;trudne;Jak nazywa się kierunek w sztuce XIX wieku, dążący do wiernego, obiektywnego odzwierciedlenia rzeczywistości, bez idealizacji?;Realizm;Romantyzm;Impresjonizm;Symbolizm
Matura Język Polski;Wiedza o Kulturze;trudne;Jak nazywa się nurt w sztuce końca XIX wieku, dążący do uchwycenia ulotnego wrażenia światła i koloru, np. w obrazach Moneta?;Impresjonizm;Ekspresjonizm;Kubizm;Symbolizm
Matura Język Polski;Wiedza o Kulturze;bardzo trudne;Jak nazywa się kierunek w architekturze i sztuce przełomu XIX i XX wieku, charakteryzujący się secesyjnymi, roślinnymi ornamentami, zwany też Art Nouveau?;Secesja;Modernizm;Eklektyzm;Historyzm
Matura Język Polski;Wiedza o Kulturze;bardzo trudne;Jak nazywa się nurt filozoficzny i artystyczny XX wieku, akcentujący absurdalność ludzkiej egzystencji i wolność wyboru, którego przedstawicielem był Jean-Paul Sartre?;Egzystencjalizm;Strukturalizm;Personalizm;Nihilizm
Matura Język Polski;Starożytność i Biblia;łatwe;Jak nazywa się grecki epos Homera o wojnie trojańskiej?;Iliada;Odyseja;Eneida;Argonautica
Matura Język Polski;Starożytność i Biblia;trudne;Jak nazywa się biblijna księga zawierająca erotyczną poezję miłosną, przypisywaną królowi Salomonowi?;Pieśń nad Pieśniami;Księga Przysłów;Księga Koheleta;Psalmy
Matura Język Polski;Starożytność i Biblia;trudne;Jak nazywa się grecki filozof, nauczyciel Aleksandra Wielkiego, twórca systemu logiki i etyki?;Arystoteles;Platon;Sokrates;Epikur
Matura Język Polski;Starożytność i Biblia;bardzo trudne;Jak nazywa się biblijna księga mądrościowa, zaczynająca się od słów "marność nad marnościami"?;Księga Koheleta;Księga Hioba;Księga Przysłów;Pieśń nad Pieśniami
Matura Język Polski;Starożytność i Biblia;bardzo trudne;Jak nazywa się grecki dramaturg, autor "Króla Edypa" i "Antygony"?;Sofokles;Ajschylos;Eurypides;Arystofanes
Matura Język Polski;Średniowiecze;łatwe;Jak nazywa się średniowieczny gatunek opowiadający o życiu i cudach świętego?;Hagiografia;Kronika;Exemplum;Traktat
Matura Język Polski;Średniowiecze;trudne;Jak nazywa się najstarsza polska kronika, spisana po łacinie na początku XII wieku przez anonimowego autora?;Kronika polska Galla Anonima;Kronika Wincentego Kadłubka;Kronika Jana Długosza;Rocznik świętokrzyski
Matura Język Polski;Średniowiecze;trudne;Jak nazywa się średniowieczny utwór dydaktyczny, krótka pouczająca historia z morałem, wykorzystywana w kazaniach?;Exemplum;Hagiografia;Kronika;Parenezy
Matura Język Polski;Średniowiecze;bardzo trudne;Jak nazywa się polski zabytek językowy z XIV wieku, zbiór kazań, jeden z najstarszych tekstów prozą?;Kazania świętokrzyskie;Kazania gnieźnieńskie;Bogurodzica;Psałterz floriański
Matura Język Polski;Średniowiecze;bardzo trudne;Jak nazywa się najstarszy zachowany psałterz w języku polskim, z przełomu XIV i XV wieku?;Psałterz floriański;Psałterz puławski;Biblia królowej Zofii;Kazania świętokrzyskie
Matura Język Polski;Renesans;łatwe;Jak nazywa się zbiór krótkich, żartobliwych wierszy Jana Kochanowskiego?;Fraszki;Treny;Pieśni;Psałterz Dawidów
Matura Język Polski;Renesans;trudne;Kto jest autorem traktatu "Dworzanin polski", opisującego wzorzec idealnego szlachcica-humanisty?;Łukasz Górnicki;Mikołaj Rej;Jan Kochanowski;Andrzej Frycz Modrzewski
Matura Język Polski;Renesans;trudne;Jak nazywa się utwór Jana Kochanowskiego opisujący grę w szachy w formie poematu dydaktycznego?;Szachy;Zuzanna;Satyr;Proporzec
Matura Język Polski;Renesans;bardzo trudne;Jak nazywa się poemat Jana Kochanowskiego oparty na biblijnej historii cnotliwej kobiety fałszywie oskarżonej przez starców?;Zuzanna;Szachy;Satyr;Proporzec
Matura Język Polski;Renesans;bardzo trudne;Jak nazywa się utwór Jana Kochanowskiego napisany z perspektywy leśnego demona, krytykujący wady szlachty polskiej?;Satyr albo Dziki Mąż;Zuzanna;Szachy;Proporzec
Matura Język Polski;Barok;łatwe;Jak nazywa się nurt filozoficzny i literacki baroku, podkreślający marność i przemijalność życia doczesnego?;Vanitas;Carpe diem;Ars moriendi;Memento mori
Matura Język Polski;Barok;trudne;Jak nazywa się zbiór fraszek i wierszy okolicznościowych Wacława Potockiego, wydany dopiero po jego śmierci?;Ogród fraszek;Moralia;Transakcja wojny chocimskiej;Pamiętniki
Matura Język Polski;Barok;trudne;Jak nazywa się nurt poezji barokowej reprezentowany przez Daniela Naborowskiego, poruszający tematy przemijania i śmierci?;Poezja metafizyczna;Poezja dworska;Poezja ziemiańska;Poezja sowizdrzalska
Matura Język Polski;Barok;bardzo trudne;Jak nazywa się nurt poezji barokowej związany z twórczością Kaspra Miaskowskiego, opisujący ziemiańską sielankę?;Poezja ziemiańska;Poezja dworska;Poezja metafizyczna;Poezja sowizdrzalska
Matura Język Polski;Barok;bardzo trudne;Jak nazywa się nurt literatury barokowej wywodzący się z kultury plebejskiej, o żartobliwym i satyrycznym charakterze?;Literatura sowizdrzalska;Poezja ziemiańska;Poezja dworska;Poezja metafizyczna
Matura Język Polski;Oświecenie;łatwe;Jak nazywa się czasopismo literackie wydawane w czasach Sejmu Wielkiego, propagujące idee reform?;Monitor;Zabawy Przyjemne i Pożyteczne;Pamiętnik Warszawski;Kurier Polski
Matura Język Polski;Oświecenie;trudne;Jak nazywa się poemat dydaktyczny Ignacego Krasickiego, złożony z bajek z morałem?;Bajki i przypowieści;Satyry;Monachomachia;Pan Podstoli
Matura Język Polski;Oświecenie;trudne;Kto jest autorem komedii "Powrót posła", propagującej idee Konstytucji 3 maja?;Julian Ursyn Niemcewicz;Ignacy Krasicki;Franciszek Zabłocki;Franciszek Karpiński
Matura Język Polski;Oświecenie;bardzo trudne;Jak nazywa się komedia Franciszka Zabłockiego, satyryzująca konformizm i fircykostwo szlachty, wystawiona w Teatrze Narodowym?;Fircyk w zalotach;Sarmatyzm;Zabobonnik;Doktor lubelski
Matura Język Polski;Oświecenie;bardzo trudne;Kto jest autorem pieśni religijnej "Kiedy ranne wstają zorze", czołowy poeta sentymentalizmu polskiego?;Franciszek Karpiński;Julian Ursyn Niemcewicz;Stanisław Trembecki;Ignacy Krasicki
Matura Język Polski;Romantyzm;łatwe;Kto jest autorem "Ballad i romansów", tomiku uznawanego za symboliczny początek polskiego romantyzmu w 1822 roku?;Adam Mickiewicz;Juliusz Słowacki;Zygmunt Krasiński;Cyprian Kamil Norwid
Matura Język Polski;Romantyzm;trudne;Jak nazywa się dramat Zygmunta Krasińskiego przedstawiający wizję rewolucji społecznej i upadku arystokracji?;Nie-Boska komedia;Irydion;Kordian;Dziady
Matura Język Polski;Romantyzm;trudne;Jak nazywa się powieść poetycka Adama Mickiewicza o mistrzu krzyżackim skrywającym litewskie pochodzenie?;Konrad Wallenrod;Grażyna;Dziady;Pan Tadeusz
Matura Język Polski;Romantyzm;bardzo trudne;Jak nazywa się strategia podstępnego działania od wewnątrz wroga dla dobra ojczyzny, nazwana od bohatera poematu Mickiewicza?;Wallenrodyzm;Winkelriedyzm;Prometeizm;Bajronizm
Matura Język Polski;Romantyzm;bardzo trudne;Jak nazywa się dramat Zygmunta Krasińskiego o walecznym księciu, osadzony w czasach upadku Cesarstwa Rzymskiego?;Irydion;Nie-Boska komedia;Kordian;Dziady
Matura Język Polski;Pozytywizm;łatwe;Jak nazywa się powieść Elizy Orzeszkowej o życiu ziemiaństwa nad Niemnem po powstaniu styczniowym?;Nad Niemnem;Marta;Cham;Dziurdziowie
Matura Język Polski;Pozytywizm;trudne;Kto jest autorem noweli "Katarynka", o niewidomym chłopcu i jego pragnieniu posiadania katarynki?;Bolesław Prus;Henryk Sienkiewicz;Eliza Orzeszkowa;Maria Konopnicka
Matura Język Polski;Pozytywizm;trudne;Jak nazywa się nowela Henryka Sienkiewicza o tragicznym losie utalentowanego, ale biednego chłopca marzącego o skrzypcach?;Janko Muzykant;Latarnik;Sachem;Za chlebem
Matura Język Polski;Pozytywizm;bardzo trudne;Jak nazywa się powieść Bolesława Prusa o emancypacji kobiet w XIX-wiecznej Warszawie?;Emancypantki;Placówka;Anielka;Faraon
Matura Język Polski;Pozytywizm;bardzo trudne;Jak nazywa się nowela Henryka Sienkiewicza o polskim emigrancie na wyspie, wzruszonym widokiem polskiej książki?;Latarnik;Janko Muzykant;Sachem;Za chlebem
Matura Język Polski;Młoda Polska;łatwe;Jak nazywa się nurt filozoficzny i artystyczny Młodej Polski, głoszący pesymizm i poczucie końca epoki?;Dekadentyzm;Katastrofizm;Naturalizm;Symbolizm
Matura Język Polski;Młoda Polska;trudne;Kto jest autorem powieści "Dzieje grzechu", o kobiecie uwiedzionej i zniszczonej moralnie?;Stefan Żeromski;Władysław Reymont;Gabriela Zapolska;Stanisław Przybyszewski
Matura Język Polski;Młoda Polska;trudne;Jak nazywa się dramat Gabrieli Zapolskiej, satyra na drobnomieszczańską moralność, z tytułową postacią Dulskiej?;Moralność pani Dulskiej;Ich czworo;Skiz;Żabusia
Matura Język Polski;Młoda Polska;bardzo trudne;Jak nazywa się powieść Stanisława Przybyszewskiego, manifest dekadentyzmu i naturalizmu Młodej Polski?;Homo sapiens;Dzieci szatana;De profundis;Synowie ziemi
Matura Język Polski;Młoda Polska;bardzo trudne;Jak nazywa się cykl obrazów Stanisława Wyspiańskiego przedstawiający wizję przebudowy Wawelu?;Akropolis;Polonia;Wesele;Wyzwolenie
Matura Język Polski;Dwudziestolecie Międzywojenne;łatwe;Kto jest autorem powieści "Przedwiośnie", o powrocie Cezarego Baryki do niepodległej Polski?;Stefan Żeromski;Witold Gombrowicz;Bruno Schulz;Zofia Nałkowska
Matura Język Polski;Dwudziestolecie Międzywojenne;trudne;Jak nazywa się awangardowa grupa poetycka związana z Tadeuszem Peiperem?;Awangarda Krakowska;Skamandryci;Żagaryści;Katastrofiści
Matura Język Polski;Dwudziestolecie Międzywojenne;trudne;Kto jest autorką powieści "Granica", o karierze i moralnym upadku Zenona Ziembiewicza?;Zofia Nałkowska;Maria Dąbrowska;Michał Choromański;Jarosław Iwaszkiewicz
Matura Język Polski;Dwudziestolecie Międzywojenne;bardzo trudne;Jak nazywa się powieść Michała Choromańskiego, kryminał psychologiczny z motywem miłosnego trójkąta?;Zazdrość i medycyna;Granica;Przedwiośnie;Sklepy cynamonowe
Matura Język Polski;Dwudziestolecie Międzywojenne;bardzo trudne;Jak nazywa się zbiór opowiadań Brunona Schulza, pełen onirycznej wizji galicyjskiego miasteczka Drohobycz?;Sklepy cynamonowe;Sanatorium Pod Klepsydrą;Xięga Bałwochwalcza;Republika marzeń
Matura Język Polski;Literatura Wojny i Okupacji;łatwe;Jak nazywa się poemat Czesława Miłosza opisujący zagładę getta warszawskiego z perspektywy karuzeli na placu Krasińskich?;Campo di Fiori;Który skrzywdziłeś;Piosenka o końcu świata;Traktat moralny
Matura Język Polski;Literatura Wojny i Okupacji;trudne;Kto jest autorką opowiadań "Medaliony", opartych na dokumentach zbrodni hitlerowskich?;Zofia Nałkowska;Tadeusz Borowski;Gustaw Herling-Grudziński;Hanna Krall
Matura Język Polski;Literatura Wojny i Okupacji;trudne;Jak nazywano pokolenie młodych poetów, którzy zadebiutowali tuż przed lub podczas II wojny światowej, m.in. Krzysztof Kamil Baczyński?;Pokolenie Kolumbów;Żagaryści;Skamandryci;Pokolenie 68
Matura Język Polski;Literatura Wojny i Okupacji;bardzo trudne;Jak nazywa się zbiór opowiadań Tadeusza Borowskiego zawierający "Proszę państwa do gazu"?;Pożegnanie z Marią;Kamienny świat;Bitwa pod Grunwaldem;U nas w Auschwitzu
Matura Język Polski;Literatura Wojny i Okupacji;bardzo trudne;Jak nazywa się powieść Zofii Kossak-Szczuckiej, opisująca jej doświadczenia jako więźniarki Auschwitz?;Z otchłani;Pożegnanie z Marią;Medaliony;Inny świat
Matura Język Polski;Literatura Współczesna;łatwe;Kto jest autorem "Solaris", powieści o inteligentnym oceanie badanym przez naukowców?;Stanisław Lem;Andrzej Sapkowski;Jacek Dukaj;Stefan Żeromski
Matura Język Polski;Literatura Współczesna;trudne;Kto jest autorem "Innego świata", relacji z pobytu w sowieckim łagrze?;Gustaw Herling-Grudziński;Tadeusz Borowski;Aleksander Wat;Zofia Nałkowska
Matura Język Polski;Literatura Współczesna;trudne;Jak nazywa się powieść Wiesława Myśliwskiego, za którą otrzymał Nagrodę Nike w 1997 roku, o wiejskim muzykancie?;Widnokrąg;Kamień na kamieniu;Traktat o łuskaniu fasoli;Ostatnie rozdanie
Matura Język Polski;Literatura Współczesna;bardzo trudne;Jak nazywa się powieść Pawła Huellego osadzona w powojennym Gdańsku, o tajemniczym zniknięciu chłopca?;Weiser Dawidek;Mercedes-Benz;Śpiewaj ogrody;Castorp
Matura Język Polski;Literatura Współczesna;bardzo trudne;Kto jest autorem powieści "Traktat o łuskaniu fasoli", monologu starca wspominającego swoje życie?;Wiesław Myśliwski;Andrzej Stasiuk;Olga Tokarczuk;Jerzy Pilch
Matura Język Polski;Dramat i Teatr;łatwe;Jak nazywa się rodzaj literacki obejmujący utwory przeznaczone do wystawiania na scenie?;Dramat;Epika;Liryka;Proza
Matura Język Polski;Dramat i Teatr;trudne;Jak nazywa się starożytny grecki chór, komentujący wydarzenia sceniczne w tragediach?;Chór;Koryfeusz;Protagonista;Deuteragonista
Matura Język Polski;Dramat i Teatr;trudne;Jak nazywa się zasada kompozycyjna dramatu klasycystycznego, wymagająca jedności miejsca, czasu i akcji?;Zasada trzech jedności;Zasada decorum;Zasada mimesis;Zasada katharsis
Matura Język Polski;Dramat i Teatr;bardzo trudne;Jak nazywa się technika teatralna polegająca na przełamaniu iluzji scenicznej, gdy aktor zwraca się bezpośrednio do widowni?;Przełamanie czwartej ściany;Efekt obcości;Teatr w teatrze;Metateatr
Matura Język Polski;Dramat i Teatr;bardzo trudne;Jak nazywa się nurt teatralny zapoczątkowany przez Jerzego Grotowskiego, dążący do maksymalnej redukcji środków scenicznych?;Teatr Laboratorium;Teatr absurdu;Teatr okrutny;Teatr epicki
Matura Język Polski;Zbrodnia i Kara;łatwe;W jakim mieście rozgrywa się akcja powieści "Zbrodnia i kara" Dostojewskiego?;Petersburg;Moskwa;Kijów;Odessa
Matura Język Polski;Zbrodnia i Kara;trudne;Jak nazywa się siostra Raskolnikowa w "Zbrodni i karze", planująca małżeństwo z rozsądku?;Dunia;Sonia Marmieładowa;Katarzyna Marmieładowa;Nastazja
Matura Język Polski;Zbrodnia i Kara;trudne;Jak nazywa się bogaty adwokat, planujący poślubić Dunię w "Zbrodni i karze", przedstawiony jako postać wyrachowana?;Łużyn;Świdrygajłow;Razumichin;Porfiry Pietrowicz
Matura Język Polski;Zbrodnia i Kara;bardzo trudne;Jak nazywa się szlachcic, dawny pracodawca Duni, który prześladuje ją i ostatecznie popełnia samobójstwo?;Świdrygajłow;Łużyn;Razumichin;Marmieładow
Matura Język Polski;Zbrodnia i Kara;bardzo trudne;Jak nazywa się przyjaciel Raskolnikowa, który pomaga mu i opiekuje się jego rodziną w trudnych chwilach?;Razumichin;Świdrygajłow;Łużyn;Porfiry Pietrowicz
Matura Język Polski;Lektury Obowiązkowe - Zestawienie;łatwe;Kto jest autorem "Balladyny", lektury o mitycznej Polsce i rywalizacji sióstr?;Juliusz Słowacki;Adam Mickiewicz;Zygmunt Krasiński;Stanisław Wyspiański
Matura Język Polski;Lektury Obowiązkowe - Zestawienie;trudne;Ile ksiąg liczy "Pan Tadeusz" Adama Mickiewicza?;12;10;14;24
Matura Język Polski;Lektury Obowiązkowe - Zestawienie;trudne;Jak nazywa się główny bohater "Ferdydurke" Witolda Gombrowicza, dorosły mężczyzna zmuszony wrócić do szkoły?;Józio;Miętus;Zutek;Pimko
Matura Język Polski;Lektury Obowiązkowe - Zestawienie;bardzo trudne;Kto jest nauczycielem infantylizującym Józia na początku "Ferdydurke", zmuszając go do powrotu do szkoły?;Pimko;Miętus;Syfon;Kopyrda
Matura Język Polski;Lektury Obowiązkowe - Zestawienie;bardzo trudne;Jak nazywa się powieść Bolesława Prusa o losach kupca Wokulskiego i jego niespełnionej miłości do Izabeli Łęckiej?;Lalka;Emancypantki;Faraon;Placówka
Matura Język Polski;Epoki Literackie i Teoria;łatwe;Jak nazywa się epoka literacka trwająca w Polsce od ok. 1890 do 1918 roku, poprzedzająca dwudziestolecie międzywojenne?;Młoda Polska;Pozytywizm;Romantyzm;Dwudziestolecie międzywojenne
Matura Język Polski;Epoki Literackie i Teoria;trudne;Jak nazywa się nauka zajmująca się teorią wiersza, rytmem i metryką?;Wersyfikacja;Genologia;Poetyka;Stylistyka
Matura Język Polski;Epoki Literackie i Teoria;trudne;Jak nazywa się dział poetyki zajmujący się klasyfikacją i cechami gatunków literackich?;Genologia;Wersyfikacja;Stylistyka;Semantyka
Matura Język Polski;Epoki Literackie i Teoria;bardzo trudne;Jak nazywa się metoda badania literatury skupiająca się na czytelniku i jego roli w interpretacji tekstu, rozwinięta w drugiej połowie XX wieku?;Estetyka recepcji;Strukturalizm;Dekonstrukcja;Nowa krytyka
Matura Język Polski;Epoki Literackie i Teoria;bardzo trudne;Jak nazywa się nurt krytyki literackiej feministycznej, badający reprezentację kobiet w literaturze i kulturze?;Krytyka feministyczna;Krytyka marksistowska;Krytyka psychoanalityczna;Nowy historycyzm
Matura Język Polski;Interpretacja i Analiza Tekstu;łatwe;Jak nazywa się środek stylistyczny nadający cechy ludzkie przedmiotom lub zjawiskom nieożywionym?;Personifikacja;Metafora;Epitet;Porównanie
Matura Język Polski;Interpretacja i Analiza Tekstu;trudne;Jak nazywa się środek stylistyczny polegający na wyolbrzymieniu cechy lub zjawiska dla efektu ekspresji?;Hiperbola;Litota;Ironia;Peryfraza
Matura Język Polski;Interpretacja i Analiza Tekstu;trudne;Jak nazywa się środek stylistyczny polegający na celowym pomniejszeniu przez zaprzeczenie przeciwieństwa, np. "niegłupi" zamiast "mądry"?;Litota;Hiperbola;Ironia;Eufemizm
Matura Język Polski;Interpretacja i Analiza Tekstu;bardzo trudne;Jak nazywa się metoda interpretacji tekstu skupiająca się wyłącznie na strukturze dzieła, charakterystyczna dla anglosaskiej krytyki literackiej XX wieku?;Nowa krytyka;Strukturalizm;Hermeneutyka;Dekonstrukcja
Matura Język Polski;Interpretacja i Analiza Tekstu;bardzo trudne;Jak nazywa się metoda filozoficzna zajmująca się teorią interpretacji i rozumienia tekstów, rozwinięta przez Hansa-Georga Gadamera?;Hermeneutyka;Fenomenologia;Strukturalizm;Dekonstrukcja
Matura Język Polski;Bohaterowie Literaccy;łatwe;Jak nazywa się tytułowa bohaterka dramatu Juliusza Słowackiego, mordująca swoją siostrę dla władzy?;Balladyna;Aldona;Grażyna;Lilla Weneda
Matura Język Polski;Bohaterowie Literaccy;trudne;Jak nazywa się główny bohater "Zbrodni i kary", student, który zabija lichwiarkę, wierząc w swoją teorię "nadczłowieka"?;Rodion Raskolnikow;Dymitr Karamazow;Piotr Wierchowieński;Myszkin
Matura Język Polski;Bohaterowie Literaccy;trudne;Jak nazywa się główna bohaterka "Lalki", arystokratka, w której zakochuje się Stanisław Wokulski?;Izabela Łęcka;Helena Stawska;Kazimiera Wąsowska;Ochocka
Matura Język Polski;Bohaterowie Literaccy;bardzo trudne;Jak nazywa się bohater "Ferdydurke", który zostaje magicznie odmłodzony i zmuszony do powrotu do szkoły?;Józio Kowalski;Miętus;Zutek;Kopyrda
Matura Język Polski;Bohaterowie Literaccy;bardzo trudne;Jak nazywa się główny bohater "Konrada Wallenroda", litewski wojownik, który wstępuje w szeregi Krzyżaków, by ich zniszczyć od wewnątrz?;Konrad Wallenrod;Konrad z "Dziadów";Gustaw;Kordian
Matura Język Polski;Język Polski w Użyciu;łatwe;Jak nazywa się słownik zawierający wyrazy o podobnym znaczeniu?;Słownik synonimów;Słownik antonimów;Słownik ortograficzny;Słownik wyrazów obcych
Matura Język Polski;Język Polski w Użyciu;trudne;Jak nazywa się odmiana języka używana w codziennych, nieformalnych sytuacjach komunikacyjnych?;Styl potoczny;Styl urzędowy;Styl naukowy;Styl artystyczny
Matura Język Polski;Język Polski w Użyciu;trudne;Jak nazywa się zjawisko językowe polegające na tworzeniu nowych wyrazów, np. "smartfon"?;Neologizm;Archaizm;Zapożyczenie;Kalka językowa
Matura Język Polski;Język Polski w Użyciu;bardzo trudne;Jak nazywa się dział językoznawstwa zajmujący się badaniem znaczeń wyrazów i wyrażeń?;Semantyka;Fonetyka;Morfologia;Składnia
Matura Język Polski;Język Polski w Użyciu;bardzo trudne;Jak nazywa się użycie wyrazu w znaczeniu przenośnym, odmiennym od dosłownego, na zasadzie podobieństwa?;Metafora;Metonimia;Synekdocha;Peryfraza
Matura Język Polski;Wiedza o Kulturze;łatwe;Jak nazywa się nurt w sztuce i architekturze XX wieku, odrzucający ornamentykę na rzecz funkcjonalności?;Modernizm;Postmodernizm;Historyzm;Eklektyzm
Matura Język Polski;Wiedza o Kulturze;trudne;Jak nazywa się nurt w sztuce XX wieku, w którym forma przedmiotu jest rozbita na geometryczne płaszczyzny widziane z wielu perspektyw?;Kubizm;Futuryzm;Surrealizm;Fowizm
Matura Język Polski;Wiedza o Kulturze;trudne;Jak nazywa się nurt artystyczny początku XX wieku, gloryfikujący prędkość, technologię i przemoc, popularny we Włoszech?;Futuryzm;Kubizm;Dadaizm;Surrealizm
Matura Język Polski;Wiedza o Kulturze;bardzo trudne;Jak nazywa się nurt artystyczny XX wieku, odrzucający logikę na rzecz przypadku i absurdu, powstały jako reakcja na I wojnę światową?;Dadaizm;Surrealizm;Futuryzm;Ekspresjonizm
Matura Język Polski;Wiedza o Kulturze;bardzo trudne;Jak nazywa się niemiecka szkoła architektury i sztuki użytkowej z lat 20., łącząca funkcjonalność z estetyką przemysłową?;Bauhaus;Werkbund;Art Deco;De Stijl
