Tradycje i Religie;Biblia;trudne;Ile ksiąg wchodzi w skład katolickiego kanonu Starego Testamentu?;46;39;27;73
Tradycje i Religie;Biblia;trudne;Jak brzmi hebrajskie imię proroka, który według tradycji chrześcijańskiej i żydowskiej został wzięty do nieba na ognistym wozie?;Eliasz;Elizeusz;Ezechiel;Jeremiasz
Tradycje i Religie;Biblia;trudne;Jak miał na imię ojciec Jana Chrzciciela, który według Ewangelii św. Łukasza oniemiał po objawieniu anioła w świątyni?;Zachariasz;Joachim;Symeon;Kajfasz
Tradycje i Religie;Biblia;trudne;Jak miał na imię pierwszy arcykapłan starożytnego Izraela, brat Mojżesza, który według Księgi Wyjścia sporządził złotego cielca podczas pobytu ludu u stóp góry Synaj?;Aaron;Lewi;Eleazar;Jozue
Tradycje i Religie;Biblia;trudne;Jak miał na imię pierwszy król starożytnego Izraela, namaszczony z woli Boga przez proroka Samuela?;Saul;Dawid;Salomon;Roboam
Tradycje i Religie;Biblia;trudne;Jak w Biblii nazywa się miasto, na które Bóg zesłał ogień i siarkę za grzechy jego mieszkańców, a które jako jedyne wspomniane jest razem z Gomorą?;Sodoma;Jerycho;Babilon;Niniwa
Tradycje i Religie;Biblia;trudne;Która starotestamentowa postać, żona króla Achaba, stała się symbolem bezwzględności i bałwochwalstwa?;Jezabel;Dalila;Estera;Rachela
Tradycje i Religie;Biblia;łatwe;Jak miał na imię ojciec całego rodu ludzkiego i absolutnie pierwszy człowiek stworzony z prochu ziemi?;Adam;Kain;Abel;Set
Tradycje i Religie;Biblia;łatwe;Jaki patriarcha wyprowadził Izraelitów z niewoli i otrzymał od Boga dziesięć przykazań na górze Synaj?;Mojżesz;Izaak;Józef;Jakub
Tradycje i Religie;Biblia;łatwe;Kto według Biblii zbudował ogromną arkę, by ocalić swoją rodzinę i zwierzęta przed niszczycielskim potopem?;Noe;Mojżesz;Abraham;Dawid
Tradycje i Religie;Biblia;łatwe;Kto za trzydzieści srebrników wskazał i podstępnie zdradził wrogom Jezusa pocałunkiem w Ogrójcu?;Judasz Iskariota;Piotr Apostoł;Poncjusz Piłat;Kajfasz
Tradycje i Religie;Biblia;łatwe;Kto, według Księgi Rodzaju, został poinstruowany przez Boga i wybudował gigantyczną arkę na czas potopu?;Noe;Mojżesz;Abraham;Hiob
Tradycje i Religie;Biblia;łatwe;Który niepozorny, biblijny pasterz powalił potężnego, uzbrojonego wojownika Goliata za pomocą procy?;Dawid;Samson;Gedeon;Jozue
Tradycje i Religie;Bogowie Starożytnego Egiptu i Mezopotamii;trudne;Jak nazywał się bóg mądrości i pisma, przedstawiany najczęściej jako człowiek z głową ibisa?;Thot;Ptah;Sobek;Chnum
Tradycje i Religie;Bogowie Starożytnego Egiptu i Mezopotamii;trudne;Jak nazywała się pierwotna, personifikowana koncepcja ładu, prawdy i sprawiedliwości, której symbolem było strusie pióro?;Maat;Mut;Nut;Neftyda
Tradycje i Religie;Bogowie Starożytnego Egiptu i Mezopotamii;trudne;Jak nazywało się egipskie pojęcie kosmicznego ładu, sprawiedliwości i prawdy, personifikowane przez boginię z piórem strusim na głowie, ważonym na szali podczas sądu nad duszą?;Ma'at;Nefertari;Neftyda;Mut
Tradycje i Religie;Bogowie Starożytnego Egiptu i Mezopotamii;trudne;Jaka bogini nieba, w słynnym micie o Ozyrysie, była jego żoną i poskładała jego poćwiartowane ciało?;Izyda;Neftyda;Hathor;Bastet
Tradycje i Religie;Bogowie Starożytnego Egiptu i Mezopotamii;trudne;Kto był najważniejszym bogiem słońca w panteonie egipskim, często przedstawianym z dyskiem słonecznym na głowie?;Ra;Set;Thot;Ptah
Tradycje i Religie;Bogowie Starożytnego Egiptu i Mezopotamii;trudne;Która bogini o głowie lwicy (lub kotki) była uosobieniem niszczycielskiej siły słońca i gniewu bogów?;Sachmet;Bastet;Tefnut;Maat
Tradycje i Religie;Bogowie Starożytnego Egiptu i Mezopotamii;trudne;Który starożytny egipski bóg, czczony w Hermopolis, był patronem wiedzy, pisma i magii, a wyobrażano go z głową ibisa lub pawiana?;Thoth;Ptah;Khnum;Sobek
Tradycje i Religie;Bogowie Starożytnego Egiptu i Mezopotamii;łatwe;Jak zwała się kocia bogini, dbająca w państwie i domostwach o ognisko domowe, plony, taniec oraz ogólną radość?;Bastet;Izyda;Hathor;Neftyda
Tradycje i Religie;Bogowie Starożytnego Egiptu i Mezopotamii;łatwe;Jaki absolutny władca, noszący chłodną w nazwie koronę po obu stronach rzeki uchodził na co dzień za wcielenie boga na Ziemi?;Faraon;Wezyr;Prorok;Kapłan Wód
Tradycje i Religie;Bogowie Starożytnego Egiptu i Mezopotamii;łatwe;Jaki bóg posiadał tajemniczą głowę szakala i nadzorował mroczne oraz złożone procesy balsamowania ciał i mumifikacji?;Anubis;Tot;Horus;Amon
Tradycje i Religie;Bogowie Starożytnego Egiptu i Mezopotamii;łatwe;Jaki starożytny egipski bóg z głową szakala był związany z procesem mumifikacji i życiem pozagrobowym?;Anubis;Ra;Ozyrys;Horus
Tradycje i Religie;Bogowie Starożytnego Egiptu i Mezopotamii;łatwe;Które naczelne, słoneczne bóstwo nosiło na głowie potężny, błyszczący, boski dysk na wzór gorącego Słońca?;Bóg Ra;Bóg Anubis;Bóg Ozyrys;Bóg Set
Tradycje i Religie;Bogowie Starożytnego Egiptu i Mezopotamii;łatwe;Opiekunem jakiego, życiodajnego w wodę, największego i powszechnie cenionego zbiornika w państwie był sam bóg Hapi?;Rzeki Nil;Morza Czerwonego;Jeziora Wiktorii;Morza Śródziemnego
Tradycje i Religie;Buddyzm i Hinduizm;trudne;Jak nazywa się bóg niszczyciel i odnowiciel, należący obok Brahmy i Wisznu do wielkiej trójcy hinduistycznej (Trimurti)?;Śiwa;Ganeśa;Kryszna;Hanuman
Tradycje i Religie;Buddyzm i Hinduizm;trudne;Jak nazywa się jedna z najważniejszych ksiąg hinduizmu, będąca częścią eposu Mahabharata i zawierająca dialog Kryszny z Ardżuną?;Bhagawadgita;Rygweda;Upaniszady;Puranu
Tradycje i Religie;Buddyzm i Hinduizm;trudne;Jak nazywa się najważniejszy tekst filozofii hinduskiej, będący częścią eposu Mahabharata, w którym bóg Kryszna objaśnia wojownikowi Ardżunie sens obowiązku, duszy i drogi do wyzwolenia?;Bhagawadgita;Ramajana;Upaniszady;Rigweda
Tradycje i Religie;Buddyzm i Hinduizm;trudne;Jak w buddyzmie nazywa się stan całkowitego wygaśnięcia pragnień i cierpień, ostateczny cel drogi duchowej, oznaczający wyzwolenie z kręgu wcieleń (samsary)?;Nirwana;Moksha;Satori;Samadhi
Tradycje i Religie;Buddyzm i Hinduizm;trudne;Jak w hinduizmie nazywa się cykl narodzin i śmierci (reinkarnacji), z którego wyznawcy dążą do ostatecznego wyzwolenia?;Samsara;Dharma;Maja;Purdżal
Tradycje i Religie;Buddyzm i Hinduizm;trudne;Jaki tybetański tytuł nosi duchowy przywódca buddyzmu tybetańskiego, uważany za inkarnację bodhisattwy współczucia?;Dalajlama;Panczenlama;Karmapa;Rinpocze
Tradycje i Religie;Buddyzm i Hinduizm;trudne;Która rzeka w Indiach jest uważana przez wyznawców hinduizmu za najświętszą i mającą moc oczyszczania z grzechów?;Ganges;Brahmaputra;Indus;Jamuna
Tradycje i Religie;Buddyzm i Hinduizm;łatwe;Jak nazywa się mocno związany z hinduizmem, niezwykle rygorystyczny system podziału społeczeństwa w tradycyjnych Indiach?;Kasty;Stany;Klasy społeczne;Klany
Tradycje i Religie;Buddyzm i Hinduizm;łatwe;Jak nazywa się stan najwyższego oświecenia i wyzwolenia z cyklu narodzin w wierzeniach buddyjskich?;Nirwana;Samsara;Karma;Dharma
Tradycje i Religie;Buddyzm i Hinduizm;łatwe;Jaka ogromna rzeka w Indiach uchodzi za świętą i jest miejscem masowych, rytualnych kąpieli dla hinduistów?;Ganges;Indus;Brahmaputra;Jamuna
Tradycje i Religie;Buddyzm i Hinduizm;łatwe;Jaki stan ostatecznego wyzwolenia i wolności od cierpienia jest najwyższym celem każdego wyznawcy buddyzmu?;Nirwana;Moksza;Karma;Samsara
Tradycje i Religie;Buddyzm i Hinduizm;łatwe;Kto był historycznym założycielem buddyzmu, potocznie nazywanym Przebudzonym?;Siddhartha Gautama;Dalajlama;Wisznu;Śiwa
Tradycje i Religie;Buddyzm i Hinduizm;łatwe;Które potężne, hinduskie bóstwo, często przedstawiane jako niszczyciel, należy do Trimurti razem z Brahmą i Wisznu?;Śiwa;Ganeśa;Kryszna;Hanuman
Tradycje i Religie;Mitologia Grecka i Rzymska;trudne;Jak miał na imię król Troi, ojciec Hektora i Parysa, który panował w mieście podczas słynnej dziesięcioletniej wojny z Grekami opisanej w Iliadzie Homera?;Priam;Agamemnon;Menelaos;Odyseusz
Tradycje i Religie;Mitologia Grecka i Rzymska;trudne;Jak miał na imię syn Dedala, który wypadł z łask bogów po tym, jak przylecił zbyt blisko słońca, co stopiło jego woskowe skrzydła i spowodowało jego śmierć w morzu?;Ikar;Orfeus;Perseusz;Tezeusz
Tradycje i Religie;Mitologia Grecka i Rzymska;trudne;Jak nazywał się heros, który musiał wykonać 12 trudnych prac?;Herakles (Hercules);Achilles;Tezeusz;Jazon
Tradycje i Religie;Mitologia Grecka i Rzymska;trudne;Jak nazywała się rzymska bogini ogniska domowego, której świętego ognia w Rzymie strzegły wyznaczone kapłanki?;Westa;Wenera;Diana;Cerera
Tradycje i Religie;Mitologia Grecka i Rzymska;trudne;Jak w mitologii rzymskiej nazywano oficjalnego odpowiednika bezwzględnego, greckiego boga wojny, Aresa?;Mars;Jowisz;Merkury;Wulkan
Tradycje i Religie;Mitologia Grecka i Rzymska;trudne;Kto był przewoźnikiem dusz przez rzekę Styks w Hadesie?;Charon;Cerber;Tanatos;Hermes
Tradycje i Religie;Mitologia Grecka i Rzymska;trudne;Która bogini mądrości wyskoczyła z głowy Zeusa w pełnej zbroi?;Atena;Hera;Afrodyta;Artemida
Tradycje i Religie;Mitologia Grecka i Rzymska;trudne;Który z tytanów został skazany przez Zeusa na wieczne podtrzymywanie sklepienia niebieskiego na swoich barkach?;Atlas;Prometeusz;Kronos;Epimeteusz
Tradycje i Religie;Mitologia Grecka i Rzymska;trudne;Z ilu głów składała się mityczna Hydra lernejska, której na miejsce każdej odciętej głowy wyrastały dwie nowe?;Dziewięciu;Siedmiu;Dwunastu;Trzech
Tradycje i Religie;Mitologia Grecka i Rzymska;trudne;Z krwi jakiego potwora, po odcięciu jej najeżonej wężami głowy przez Perseusza, narodził się skrzydlaty koń Pegaz?;Z Meduzy;Z Chimery;Ze Sfinksa;Z Hydry lernejskiej
Tradycje i Religie;Mitologia Grecka i Rzymska;łatwe;Jak nazywał się rzymski odpowiednik greckiego boga wojny, Aresa?;Mars;Jowisz;Merkury;Wulkan
Tradycje i Religie;Mitologia Grecka i Rzymska;łatwe;Jaki potężny grecki bóg, władca mórz i oceanów, był powszechnie i zawsze przedstawiany z wielkim trójzębem w dłoni?;Posejdon;Zeus;Ares;Hades
Tradycje i Religie;Mitologia Grecka i Rzymska;łatwe;Jakie bardzo dostojne imię i planetarną nazwę nosił rzymski władca wszystkich bogów, uosabiający władzę greckiego Zeusa?;Jowisz;Saturn;Merkury;Pluton
Tradycje i Religie;Mitologia Grecka i Rzymska;łatwe;Jakim długim, rozwidlonym i morderczym atrybutem na co dzień posługiwał się grecki bóg mórz i oceanów, Posejdon?;Trójzębem;Piorunem;Mieczem obosiecznym;Złotym łukiem
Tradycje i Religie;Mitologia Grecka i Rzymska;łatwe;Kto był królem bogów w mitologii greckiej, władcą Olimpu?;Zeus;Posejdon;Hades;Apollo
Tradycje i Religie;Mitologia Grecka i Rzymska;łatwe;Kto był najpotężniejszym i absolutnym władcą góry Olimp oraz greckim bogiem nieba i błyskawic?;Zeus;Posejdon;Hades;Ares
Tradycje i Religie;Mitologia Grecka i Rzymska;łatwe;Rzymskim bóstwem i idealnym odpowiednikiem greckiego, krwiożerczego boga wojny Aresa był...;Mars;Jowisz;Neptun;Apollo
Tradycje i Religie;Mitologia Grecka i Rzymska;łatwe;Z jakiej części ciała Zeusa miała wyskoczyć i niespodziewanie narodzić się w pełnej zbroi Atena - słynna bogini mądrości?;Z rozłupanej głowy;Z rozciętego uda;Z wyjętego żebra;Ze zranionego ramienia
Tradycje i Religie;Mitologia Nordycka i Słowiańska;trudne;Jak nazywa się w mitologii skandynawskiej wielki jesion, Drzewo Świata, łączące wszystkie krainy?;Yggdrasil;Bifröst;Gungnir;Muspelheim
Tradycje i Religie;Mitologia Nordycka i Słowiańska;trudne;Jak nazywał się ogromny wilk, potomek Lokiego, który w czasie końca świata (Ragnaröku) miał pożreć samego Odyna?;Fenrir;Jormungand;Skoll;Hati
Tradycje i Religie;Mitologia Nordycka i Słowiańska;trudne;Jak nazywał się ośmionogi koń boga Odyna, najszybsze zwierzę we wszystkich dziewięciu światach?;Sleipnir;Fenrir;Garm;Ratatosk
Tradycje i Religie;Mitologia Nordycka i Słowiańska;trudne;Jak nazywała się mityczna, wspaniała kraina zmarłych wojowników, do której chwalebnie trafiali po śmierci w walce?;Walhalla;Asgard;Midgard;Helheim
Tradycje i Religie;Mitologia Nordycka i Słowiańska;trudne;Jak w mitologii nordyckiej nazywa się wielki dąb lub jesion kosmiczny, którego korzenie i konary podtrzymują dziewięć światów, a u którego podstawy mieszka smok Nídhöggr?;Yggdrasil;Bifröst;Mimisbrunn;Urdarbrunn
Tradycje i Religie;Mitologia Nordycka i Słowiańska;trudne;Jak w mitologii nordyckiej nazywały się dwa kruki Odyna – symbolizujące Myśl i Pamięć – które każdego dnia oblatywały cały świat i przynosiły bogu wieści o wszystkim, co się dzieje?;Huginn i Muninn;Mimir i Baldur;Fenrir i Jörmungandr;Freyr i Freja
Tradycje i Religie;Mitologia Nordycka i Słowiańska;trudne;W jaki sposób bóg Odyn według mitów stracił jedno oko?;Oddał je w zamian za łyk ze studni mądrości Mimira;Stracił je w walce z lodowymi olbrzymami;Zostało mu wydłubane przez Lokiego;Utracił je podczas Ragnaröku
Tradycje i Religie;Mitologia Nordycka i Słowiańska;łatwe;Co symbolizuje w przepowiedniach wikingów straszliwy i tragiczny w skutkach 'Ragnarök', będący zmierzchem bogów?;Epicki koniec i ostateczne zniszczenie świata;Stworzenie pierwszego z ludzi przez bogów;Odkrycie nowego kontynentu (Winlandii);Powrót zmarłych na statkach
Tradycje i Religie;Mitologia Nordycka i Słowiańska;łatwe;Jak nazywał się podstępny bóg oszustów, bardzo psotny i zmiennokształtny, którego dzieci doprowadziły świat do upadku?;Loki;Odyn;Baldur;Fenrir
Tradycje i Religie;Mitologia Nordycka i Słowiańska;łatwe;Jak nazywała się gigantyczna i wieczna sala, w której mężni wojownicy spędzali czas po chwalebnej, mężnej śmierci?;Walhalla;Asgard;Midgard;Helheim
Tradycje i Religie;Mitologia Nordycka i Słowiańska;łatwe;Jaki groźny, niezwykle silny bóg, chroniący ludzi przed gigantami, dysponował niszczycielskim młotem (Mjölnirem)?;Thor;Odyn;Tyr;Heimdall
Tradycje i Religie;Mitologia Nordycka i Słowiańska;łatwe;Jaki nieustraszony bóg w mitologii wikingów władał potężnymi piorunami za pomocą swojego magicznego młota Mjölnira?;Thor;Odyn;Loki;Tyr
Tradycje i Religie;Mitologia Nordycka i Słowiańska;łatwe;Kto był absolutnie i niepodważalnie najwyższym, nieskończenie mądrym oraz potężnym bóstwem w mitologii wikingów?;Odyn (Odin);Thor;Loki;Frey
Tradycje i Religie;Obrzędy i Zwyczaje Ludowe;trudne;Jak nazywa się oficjalny japoński rytuał i święto przejścia z okazji osiągnięcia pełnoletności przez obywateli w wieku 20 lat?;Seijin shiki;Shichi-Go-San;O-miyamairi;Kekkonshiki
Tradycje i Religie;Obrzędy i Zwyczaje Ludowe;trudne;Jak nazywa się uroczysta żydowska ceremonia, podczas której 13-letni chłopiec staje się pełnoprawnym członkiem wspólnoty religijnej?;Bar Micwa;Brit mila;Chanuka;Purim
Tradycje i Religie;Obrzędy i Zwyczaje Ludowe;trudne;Jak w islamie nazywa się rytualna kąpiel całego ciała wymagana w określonych sytuacjach przed modlitwą?;Ghusl;Wudu;Tayammum;Zakat
Tradycje i Religie;Obrzędy i Zwyczaje Ludowe;trudne;Jak w starożytnym Rzymie nazywano uroczyste nadanie dziecku imienia i nałożenie mu ochronnej bulli (dziewiątego dnia dla chłopców)?;Lustratio;Confarreatio;Liberalia;Parentalia
Tradycje i Religie;Obrzędy i Zwyczaje Ludowe;trudne;Jak w tradycji japońskiej nazywa się oficjalne święto państwowe celebrujące wejście 20-latków w dorosłość, obchodzone corocznie w drugi poniedziałek stycznia?;Seijin no Hi;Tanabata;Shichi-go-san;Obon
Tradycje i Religie;Obrzędy i Zwyczaje Ludowe;trudne;Jak w tradycji muzułmańskiej nazywa się obrzęd rytualnego obrzezania chłopców, będący jednym z najważniejszych obrzędów przejścia i symbolicznie włączający ich do wspólnoty wiernych?;Khitan;Aqiqah;Sunna;Maulid
Tradycje i Religie;Obrzędy i Zwyczaje Ludowe;trudne;W jakiej religii (wywodzącej się z Indii) po śmierci ciało zmarłego jest tradycyjnie poddawane kremacji na stosie, a prochy wrzucane do rzeki?;W hinduizmie;W sikhizmie;W dżinizmie;W zoroastryzmie
Tradycje i Religie;Obrzędy i Zwyczaje Ludowe;łatwe;Czym nowożeńcy w polskiej, ludowej i wciąż bardzo popularnej tradycji witani są przez rodziców zaraz przed wejściem na salę weselną?;Chlebem i solą;Kieliszkiem z czerwoną wódką;Gorzkim miodem;Słodkim kołaczem
Tradycje i Religie;Obrzędy i Zwyczaje Ludowe;łatwe;Jak nazywa się absolutnie pierwszy i fundamentalny sakrament chrześcijański, polegający na polaniu głowy wodą?;Chrzest;Bierzmowanie;Pierwsza Komunia;Namaszczenie Chorych
Tradycje i Religie;Obrzędy i Zwyczaje Ludowe;łatwe;Jak w bogatej kulturze i religii żydowskiej nazywa się niezwykle uroczyste wejście 13-letniego chłopca w dorosłość?;Bar micwa;Brit mila;Szabat;Purim
Tradycje i Religie;Obrzędy i Zwyczaje Ludowe;łatwe;Jaki chrześcijański sakrament, polegający na polaniu głowy wodą, symbolicznie zmywa grzech pierworodny z dziecka?;Chrzest;Bierzmowanie;Komunia Święta;Namaszczenie chorych
Tradycje i Religie;Obrzędy i Zwyczaje Ludowe;łatwe;Jaki specyficzny kolor ubrania, w całkowitym przeciwieństwie do Europy, jest kolorem głębokiej żałoby w wielu krajach Azji (np. w Chinach)?;Biały;Czarny;Czerwony;Fioletowy
Tradycje i Religie;Obrzędy i Zwyczaje Ludowe;łatwe;W jakiej żywej tradycji religijnej bliscy zmarli chowani są bardzo szybko, a ich ciało układa się z twarzą w stronę Mekki?;W islamie;W judaizmie;W hinduizmie;W prawosławiu
Tradycje i Religie;Obrzędy i Zwyczaje Ludowe;trudne;Jak nazywa się ludowe święto (obchodzone 2 lutego), podczas którego święci się w kościele duże świece mające chronić przed wilkami i gromami?;Matki Boskiej Gromnicznej;Święto Trzech Króli;Matki Boskiej Zielnej;Ofiarowanie Pańskie
Tradycje i Religie;Obrzędy i Zwyczaje Ludowe;trudne;Jak w polskiej tradycji ludowej nazywa się wieczór wróżb miłosnych odprawiany przez kawalerów w wigilię św. Jana (23 czerwca)?;Noc Kupały;Andrzejki;Katarzynki;Zielone Świątki
Tradycje i Religie;Obrzędy i Zwyczaje Ludowe;trudne;Jak w polskim folklorze Kurpiów i Łowicza nazywa się kolorowa, symetryczna ozdoba wycinana z papieru, niegdyś wieszana na ścianach wiejskich chat jako barwna dekoracja?;Wycinanka;Pisanka;Pająk;Palma
Tradycje i Religie;Obrzędy i Zwyczaje Ludowe;trudne;Jak w polskim folklorze nazywa się zwyczaj śmigania witkami wierzbowymi lub palmowymi w Poniedziałek Wielkanocny, niegdyś mający zapewniać zdrowie i płodność?;Śmigus-dyngus;Sobótka;Chodzenie z gaikiem;Szczepanki
Tradycje i Religie;Obrzędy i Zwyczaje Ludowe;trudne;Jaki zwyczaj ludowy polega na chodzeniu po domach z gwiazdą lub szopką i śpiewaniu pieśni obrzędowych w okresie Bożego Narodzenia?;Kolędowanie;Pucheroki;Darcie pierza;Dyngus
Tradycje i Religie;Obrzędy i Zwyczaje Ludowe;trudne;W jaki konkretnie dzień tygodnia, tuż przed Wielkanocą, przynosi się do kościoła kolorowe gałązki do uroczystego poświęcenia?;W Niedzielę Palmową;W Wielki Czwartek;W Wielki Piątek;W Wielką Sobotę
Tradycje i Religie;Obrzędy i Zwyczaje Ludowe;trudne;Z wigilią jakiego święta i imienin (w listopadzie) łączy się polski ludowy zwyczaj lania wosku przez klucz?;Świętego Andrzeja;Świętej Katarzyny;Świętego Mikołaja;Świętego Marcina
Tradycje i Religie;Obrzędy i Zwyczaje Ludowe;łatwe;Co legendarnie kwitnie tylko raz w roku, podczas najkrótszej, czerwcowej Nocy Świętojańskiej?;Kwiat paproci;Kwiat lilii wodnej;Złota Róża;Górska Szarotka
Tradycje i Religie;Obrzędy i Zwyczaje Ludowe;łatwe;Jak nazywa się ludowy, magiczny wieczór wróżb w nocy z 29 na 30 listopada, słynący m.in. z lania rozgrzanego wosku?;Andrzejki;Katarzynki;Zaduszki;Ostatki
Tradycje i Religie;Obrzędy i Zwyczaje Ludowe;łatwe;Jak nazywa się słomiana kukła, którą zgodnie ze starym, polskim zwyczajem topi się na znak symbolicznego pożegnania zimy?;Marzanna;Topielica;Baba Jaga;Rusałka
Tradycje i Religie;Obrzędy i Zwyczaje Ludowe;łatwe;Jak nazywają się przebierańcy z turoniem, aniołem, diabłem i wielką gwiazdą, pukający zimą do domów?;Kolędnicy;Zapustnicy;Lajkoniki;Herody
Tradycje i Religie;Obrzędy i Zwyczaje Ludowe;łatwe;Jakie wielkie, polskie rolnicze święto jest uroczystym zwieńczeniem ciężkich, sierpniowych prac przy żniwach?;Dożynki;Wianki;Okrężne;Święto Wiosny
Tradycje i Religie;Obrzędy i Zwyczaje Ludowe;łatwe;Kogo tradycyjnie na wsiach, na pożegnanie zimy i powitanie wiosny, topi się lub widowiskowo podpala w marcu?;Marzannę;Kupałę;Śmiercichę;Dziewannę
Tradycje i Religie;Mitologia Grecka i Rzymska;trudne;Jak nazywa się mityczny wąż (lub smok) z wierzeń nordyckich, który opasuje cały świat, gryząc własny ogon?;Jormungand;Nidhogg;Fafnir;Garm
Tradycje i Religie;Mitologia Grecka i Rzymska;trudne;Jak nazywa się pradawny słowiański demon leśny, opiekun dzikich zwierząt i władca kniei, potrafiący dowolnie zmieniać swój wzrost?;Leszy;Upiór;Licho;Południca
Tradycje i Religie;Mitologia Grecka i Rzymska;trudne;Jak nazywa się w mitologii słowiańskiej demoniczna postać kobieca, mieszkająca w chacie na kurzej stopce i porywająca dzieci?;Baba Jaga;Południca;Rusałka;Strzyga
Tradycje i Religie;Mitologia Grecka i Rzymska;trudne;Jak nazywały się mityczne, niezwykle niebezpieczne pół kobiety, pół ptaki (później ryby), wabiące żeglarzy śpiewem?;Syreny;Nimfy;Gorgony;Mojry
Tradycje i Religie;Mitologia Grecka i Rzymska;trudne;Jak w mitologii greckiej miała na imię jedyna śmiertelna Gorgona, której odcięta głowa (z wężami zamiast włosów) miała moc zamieniania ludzi w kamień?;Meduza;Syrena;Charybda;Scylla
Tradycje i Religie;Mitologia Grecka i Rzymska;trudne;Jak w mitologii greckiej nazywało się ogniem ziejące monstrum z głową lwa, tułowiem kozy i ogonem w postaci węża, pokonane przez herosa Bellerofonta dosiadającego Pegaza?;Chimera;Harpia;Sfinks;Hydra
Tradycje i Religie;Mitologia Grecka i Rzymska;trudne;Która postać z mitologii greckiej była tkaczką tak dumną, że wyzwała Atenę na pojedynek i została zamieniona w pająka?;Arachne;Ariadna;Antygona;Andromacha
Tradycje i Religie;Mitologia Grecka i Rzymska;łatwe;Jak grecy starożytni określali w swoich opowieściach wielkich, mało mądrych i brzydkich olbrzymów, którzy posiadali na czele tylko jedno oko?;Cyklopi;Tytani;Hekatonchejrowie;Centaury
Tradycje i Religie;Mitologia Grecka i Rzymska;łatwe;Jaki magiczny, płonący ptak według starożytnych mitów odradzał się z własnych popiołów, stając się symbolem nieśmiertelności?;Feniks;Gryf;Harpia;Mantykora
Tradycje i Religie;Mitologia Grecka i Rzymska;łatwe;Jaki niesamowity, śnieżnobiały, latający i cudowny wierzchowiec (skrzydlaty koń) narodził się podobno z krwi pokonanej Meduzy Gorgony?;Pegaz;Gryf;Mantykora;Sfinks
Tradycje i Religie;Mitologia Grecka i Rzymska;łatwe;Jaki przerażający potwór z greckich mitów posiadał ludzkie ciało oraz głowę groźnego byka, a żył uwięziony w kreteńskim labiryncie?;Minotaur;Centaur;Cerber;Cyklop
Tradycje i Religie;Mitologia Grecka i Rzymska;łatwe;Jakie bohaterskie imię nosił najsilniejszy z herosów mitologii, znany i podziwiany za zrealizowanie u króla aż 12 beznadziejnie trudnych prac?;Herakles (Herkules);Achilles;Tezeusz;Perseusz
Tradycje i Religie;Mitologia Grecka i Rzymska;łatwe;Kogo w starożytnych greckich bajkach przerażający, wężowy wzrok potrafił dosłownie zamienić ofiarę w wielki, martwy głaz?;Meduzę;Lernejską Hydrę;Ziejącą ogniem Chimerę;Skrzydlatą Harpię
Tradycje i Religie;Chrześcijaństwo;trudne;Jak nazywa się ruch religijny zapoczątkowany w XVI wieku przez Jana Kalwina, kładący nacisk na doktrynę predestynacji?;Kalwinizm;Luteranizm;Anglikanizm;Anabaptyzm
Tradycje i Religie;Chrześcijaństwo;trudne;Jak nazywał się dokument wydany w 313 r. przez Konstantyna Wielkiego, który przyznał chrześcijanom wolność wyznania w Cesarstwie Rzymskim?;Edykt mediolański;Edykt nantejski;Edykt tesalonicki;Wielka Karta Swobód
Tradycje i Religie;Chrześcijaństwo;trudne;Jak w teologii katolickiej nazywa się dogmat ogłoszony przez papieża Piusa IX w 1854 roku, głoszący że Maryja, Matka Boża, została poczęta bez zmazy grzechu pierworodnego?;Niepokalane Poczęcie;Wniebowzięcie Maryi;Boskie Macierzyństwo;Theotokos
Tradycje i Religie;Chrześcijaństwo;trudne;Kto w 1517 roku przybił swoje słynne 95 tez do drzwi kościoła w niemieckiej Wittenberdze, zapoczątkowując falę reformacji?;Marcin Luter;Jan Kalwin;Jan Hus;Ulrich Zwingli
Tradycje i Religie;Chrześcijaństwo;trudne;Który sobór powszechny w 325 roku n.e. uchwalił Credo Nicejskie i potępił arianizm jako herezję, potwierdzając boskość Jezusa Chrystusa?;Sobór Nicejski I;Sobór Chalcedoński;Sobór Efeski;Sobór Konstantynopolitański I
Tradycje i Religie;Chrześcijaństwo;trudne;W którym mieście odbył się pierwszy sobór powszechny (w 325 r.), na którym sformułowano chrześcijańskie wyznanie wiary?;W Nicei;W Konstantynopolu;W Efezie;W Chalcedonie
Tradycje i Religie;Chrześcijaństwo;trudne;W którym roku miało miejsce historyczne wydarzenie tzw. wielkiej schizmy, która trwale podzieliła chrześcijaństwo na wschód i zachód?;1054;313;1517;1453
Tradycje i Religie;Chrześcijaństwo;łatwe;Jak nazywa się niezwykle obszerna i podstawowa, absolutnie najświętsza księga wyznawców chrześcijaństwa?;Biblia (Pismo Święte);Tora;Koran;Talmud
Tradycje i Religie;Chrześcijaństwo;łatwe;Jaki jest najwyższy i najważniejszy tytuł głowy kościoła, pełniącego obecnie swoją służbę na Watykanie?;Papież;Patriarcha;Prymas;Kardynał
Tradycje i Religie;Chrześcijaństwo;łatwe;Jaki wschodni i dominujący odłam wyznania chrześcijańskiego posługuje się w kościołach pięknymi ikonami?;Prawosławie;Luteranizm;Kalwinizm;Anglikanizm
Tradycje i Religie;Chrześcijaństwo;łatwe;W jaki szczególny i symboliczny sposób chrześcijanie (niezależnie od odłamu) przyjmują i inicjują wiarę w kościele?;Przez sakrament chrztu wodą;Przez namaszczenie czoła krwią;Przez przejście przez ogień;Przez pielgrzymkę do Rzymu
Tradycje i Religie;Chrześcijaństwo;łatwe;W jakim mieście, położonym na Bliskim Wschodzie, według Biblii i religijnej tradycji miał narodzić się Jezus Chrystus?;W Betlejem;W Nazarecie;W Jerozolimie;W Rzymie
Tradycje i Religie;Chrześcijaństwo;łatwe;W jakim niezwykle ważnym, niewielkim mieście położonym w dawnej Judei narodził się Jezus Chrystus?;W Betlejem;W Jerozolimie;W Nazarecie;W Kafarnaum
Tradycje i Religie;Islam;trudne;Jak nazywa się kierunek w modlitwie muzułmańskiej, wyznaczany przez położenie Mekki?;Kibla;Mihrab;Minaret;Kaaba
Tradycje i Religie;Islam;trudne;Jak nazywa się mniejszościowy, ale znaczący odłam islamu, którego wyznawcy uważają Alego ibn Abi Taliba za prawowitego następcę Mahometa?;Szyizm;Sunnizm;Ibadytami;Wahhabizm
Tradycje i Religie;Islam;trudne;Jak określa się coroczny, niezwykle surowy i obowiązkowy post w islamie, trwający od wschodu do zachodu słońca?;Ramadan;Szahada;Zakât;Hadżdż
Tradycje i Religie;Islam;trudne;Jak w islamie nazywa się miesięczny post przypadający na dziewiąty miesiąc kalendarza muzułmańskiego, podczas którego wierni wstrzymują się od jedzenia i picia od świtu do zachodu słońca?;Ramadan;Muharram;Dhul Hidżdża;Radżab
Tradycje i Religie;Islam;trudne;Jak w islamie nazywa się zapis wypowiedzi, czynów i milczącej zgody proroka Mahometa, stanowiący obok Koranu drugie główne źródło prawa islamskiego (szariatu)?;Hadis;Fatwa;Sura;Hidżra
Tradycje i Religie;Islam;trudne;Jakim terminem określa się tradycję ustną dotyczącą czynów i wypowiedzi proroka Mahometa, będącą źródłem prawa muzułmańskiego?;Hadis;Sunna;Szariat;Fatwa
Tradycje i Religie;Islam;trudne;W którym roku naszej ery miała miejsce ucieczka Mahometa do Medyny (Hidżra), wyznaczająca pierwszy rok kalendarza muzułmańskiego?;622;610;632;570
Tradycje i Religie;Islam;łatwe;Do jakiego konkretnego i niezwykle świętego miasta muzułmanie z całego świata odbywają raz w życiu pielgrzymkę (Hadżdż)?;Do Mekki;Do Medyny;Do Jerozolimy;Do Dubaju
Tradycje i Religie;Islam;łatwe;Jak fachowo określa się w architekturze wspaniały i często zwieńczony kopułą budynek muzułmańskich modlitw?;Meczet;Minaret;Synagoga;Cerkiew
Tradycje i Religie;Islam;łatwe;Jak nazywa się 30-dniowy muzułmański i bardzo rygorystyczny post, trwający przez okrągły, dziewiąty miesiąc roku?;Ramadan;Szabat;Wielki Post;Kurban Bajram
Tradycje i Religie;Islam;łatwe;Jak nazywa się święta księga islamu, podyktowana według wierzeń prorokowi Mahometowi bezpośrednio przez anioła Gabriela?;Koran;Tora;Biblia;Wedy
Tradycje i Religie;Islam;łatwe;Jak powszechnie na całym globie nazywa się jedyna i najświętsza księga objawień, z której korzystają muzułmanie?;Koran;Tora;Biblia;Wedy
Tradycje i Religie;Islam;łatwe;Kto według wierzeń wyznawców religii islamskiej, był ostatnim i zarazem największym bożym prorokiem na ziemi?;Mahomet;Abraham;Mojżesz;Jezus (Isa)
Tradycje i Religie;Judaizm;trudne;Jak brzmi hebrajska nazwa święta żydowskiego Nowego Roku, rozpoczynającego dziesięciodniowy, ważny okres duchowej pokuty?;Rosz ha-Szana;Sukkot;Pesach;Szawuot
Tradycje i Religie;Judaizm;trudne;Jak brzmi nazwa Dnia Pojednania, najbardziej uroczystego i świętego dnia w kalendarzu żydowskim, będącego czasem postu i pokuty?;Jom Kippur;Rosz ha-Szana;Sukkot;Szawuot
Tradycje i Religie;Judaizm;trudne;Jak nazywa się kodeks prawa żydowskiego zredagowany przez Józefa Karo w XVI wieku, będący do dziś podstawowym podręcznikiem religijno-prawnym dla ortodoksyjnych Żydów?;Szulchan Aruch;Miszna;Zohar;Talmud Jerozolimski
Tradycje i Religie;Judaizm;trudne;Jak nazywa się specjalna szafa w synagodze, w której przechowywane są zwoje Tory?;Aron ha-kodesz;Bima;Parochet;Jad
Tradycje i Religie;Judaizm;trudne;Jak nazywa się żydowskie Święto Świateł, upamiętniające ponowne poświęcenie Drugiej Świątyni w Jerozolimie po powstaniu Machabeuszy?;Chanuka;Pascha;Purim;Jom Kippur
Tradycje i Religie;Judaizm;trudne;Jak w judaizmie nazywa się uroczyste świętowanie szabatu kończącego tydzień, podczas którego zapalane są dwie świece i odmawiana jest modlitwa Kidusz nad kielichem wina?;Kabalat Szabat;Hawdala;Mincha;Maariv
Tradycje i Religie;Judaizm;trudne;Jaki złoty, siedmioramienny świecznik jest jednym z najważniejszych symboli judaizmu, widniejącym m.in. w oficjalnym herbie Izraela?;Menora;Chanukija;Mezuza;Tefilin
Tradycje i Religie;Judaizm;łatwe;Co to jest kipa (zwana powszechnie w Polsce jarmułką), noszona przez bardzo wielu Żydów i wyznawców religii?;Niewielka, płaska czapeczka na czubek głowy;Długi płaszcz noszony w trakcie modłów;Pasek z filakteriami obwijany na rękach;Biała chusta noszona na karku w święta
Tradycje i Religie;Judaizm;łatwe;Jak w architekturze nazywa się żydowski budynek przeznaczony zarówno do wspólnych modlitw, jak i studiowania pism?;Synagoga;Meczet;Bazylika;Pogańska Świątynia
Tradycje i Religie;Judaizm;łatwe;Jak w religii żydowskiej nazywa się święty i nakazany przez Boga absolutny dzień odpoczynku, świętowany w sobotę?;Szabat;Purim;Chanuka;Pesach
Tradycje i Religie;Judaizm;łatwe;Jaki majestatyczny budynek jest miejscem modlitw, zgromadzeń wiernych i studiowania Tory dla wszystkich wyznawców judaizmu?;Synagoga;Meczet;Cerkiew;Pagoda
Tradycje i Religie;Judaizm;łatwe;Jaki specjalny siedmioramienny kandelabr i świecznik stał się po wiekach jednym z najważniejszych żydowskich symboli?;Menora;Gwiazda Dawida;Mezuza;Cadyk
Tradycje i Religie;Judaizm;łatwe;Z czego składa się Tora, będąca najważniejszą, zwojową księgą praw oraz objawienia w religii wyznawców judaizmu?;Z pierwszych pięciu ksiąg Biblii (Pięcioksięgu Mojżesza);Z całej Starego i Nowego Testamentu;Z 10 przykazań i proroctw wersetów Koranu;Z psalmów i ksiąg mądrości Salomona
Tradycje i Religie;Religie Świata - Przegląd;trudne;Jak nazywa się indyjskie święto świateł?;Diwali;Holi;Eids;Chanuka
Tradycje i Religie;Religie Świata - Przegląd;trudne;Jak nazywa się stan wyzwolenia od cierpienia w buddyzmie?;Nirwana;Karma;Dharma;Samsara
Tradycje i Religie;Religie Świata - Przegląd;trudne;Kto jest uważany za twórcę judaizmu (ojca narodów)?;Abraham;Mojżesz;Dawid;Salomon
Tradycje i Religie;Religie Świata - Przegląd;łatwe;Jak nazywa się święta księga islamu?;Koran;Biblia;Tora;Wedy
Tradycje i Religie;Religie Świata - Przegląd;łatwe;W jakim mieście znajduje się Watykan, siedziba papieża?;W Rzymie;W Madrycie;W Paryżu;W Jerozolimie
Tradycje i Religie;Święta Bożego Narodzenia i Wielkanoc;trudne;Jak nazywa się ludowe przedstawienie pasyjne (odgrywane m.in. w Kalwarii Zebrzydowskiej), odtwarzające mękę i śmierć Jezusa?;Misterium;Pasja;Gorzkie Żale;Droga Krzyżowa
Tradycje i Religie;Święta Bożego Narodzenia i Wielkanoc;trudne;Jak nazywa się regionalne święto (odbywające się w poniedziałek wielkanocny w Krakowie), będące połączeniem odpustu i tradycyjnego jarmarku?;Emaus;Rękawka;Wianki;Lajkonik
Tradycje i Religie;Święta Bożego Narodzenia i Wielkanoc;trudne;Jak nazywa się tradycyjny wielkanocny placek z Mazowsza i wschodniej Polski, pieczony z drożdżowego ciasta w okrągłej formie, posypywany cukrem pudrem?;Babka wielkanocna;Mazurek;Sernik;Paska
Tradycje i Religie;Święta Bożego Narodzenia i Wielkanoc;trudne;Jaka polska, tradycyjna, bardzo gęsta i mocna zupa na bazie zakwasu i białej kiełbasy stanowi kulinarną podstawę wielkanocnego śniadania?;Żurek;Barszcz czerwony;Krupnik;Czernina
Tradycje i Religie;Święta Bożego Narodzenia i Wielkanoc;trudne;Jaką historyczną, podwójną nazwę nosi popularny w całej Polsce ludowy zwyczaj polewania się wodą w poniedziałek wielkanocny?;Śmigus-dyngus;Zielone Świątki;Noc Kupały;Topienie Marzanny
Tradycje i Religie;Święta Bożego Narodzenia i Wielkanoc;trudne;W której małopolskiej miejscowości odbywa się coroczna procesja z najwyższymi w Polsce palmami wielkanocnymi, a tradycja ta została wpisana na listę dziedzictwa niematerialnego UNESCO?;Lipnica Murowana;Łowicz;Tokarnia;Kalwaria Zebrzydowska
Tradycje i Religie;Święta Bożego Narodzenia i Wielkanoc;trudne;Z czego tradycyjnie wykonuje się palmy wielkanocne w regionie Kurpiów, znane z tego, że osiągają nawet kilkanaście metrów wysokości?;Z bibuły i suszonych roślin;Z gałązek wierzbowych;Z liści palmowych;Z wikliny
Tradycje i Religie;Święta Bożego Narodzenia i Wielkanoc;łatwe;Co tradycyjnie, ubrane w serwetkę, wkładamy do małego koszyczka, by w Wielką Sobotę zanieść to do kościoła do poświęcenia?;Święconkę;Opłatek;Siano;Znicze
Tradycje i Religie;Święta Bożego Narodzenia i Wielkanoc;łatwe;Co wkłada się w Wielką Sobotę do małych wiklinowych koszyczków, by ksiądz pobłogosławił to w kościele?;Święconkę;Hostię;Popiół;Olej Krzyżma
Tradycje i Religie;Święta Bożego Narodzenia i Wielkanoc;łatwe;Jak popularnie i pieszczotliwie nazywa się drugi dzień polskich Świąt Wielkanocnych, słynący z oblewania się wodą?;Lany Poniedziałek (Śmigus-dyngus);Mokra Niedziela;Tłusty Czwartek;Wielki Wtorek
Tradycje i Religie;Święta Bożego Narodzenia i Wielkanoc;łatwe;Jakie specjalne, kolorowe lub zdobione woskiem kurze jaja od stuleci królują na polskich wielkanocnych stołach?;Pisanki / Kraszanki;Sadzone;Białka wielkanocne;Faberge
Tradycje i Religie;Święta Bożego Narodzenia i Wielkanoc;łatwe;W który posępny, wyciszony dzień Wielkiego Tygodnia Kościół wspomina bezpośrednio mękę i śmierć Jezusa na krzyżu?;W Wielki Piątek;W Wielki Czwartek;W Wielką Sobotę;W Niedzielę Palmową
Tradycje i Religie;Święta Bożego Narodzenia i Wielkanoc;łatwe;Z jakiej słodkiej masy najczęściej wypiekany jest jadalny baranek, zajmujący centralne miejsce w koszyczku wielkanocnym?;Z cukru lub marcepanu (także ciasta);Z mięsa jagnięcego;Z białego sera;Z topionego wosku
Tradycje i Religie;Mitologia Nordycka i Słowiańska;trudne;Jak nazywał się czteroosobowy posąg bóstwa o czterech twarzach, odnaleziony w rzece Zbrucz, będący symbolem słowiańskiego politeizmu?;Światowid;Perun;Weles;Trzygłów
Tradycje i Religie;Mitologia Nordycka i Słowiańska;trudne;Jak nazywało się radosne, słowiańskie święto obchodzone w najkrótszą noc w roku, nierozerwalnie związane z kultem żywiołów ognia i wody?;Noc Kupały;Szczodre Gody;Dziady;Jare Święto
Tradycje i Religie;Mitologia Nordycka i Słowiańska;trudne;Jak w dawnych wierzeniach nazywano demony wodne powstałe z dusz młodych kobiet, które zmarły gwałtowną śmiercią?;Rusałki;Południce;Beboki;Mamuny
Tradycje i Religie;Mitologia Nordycka i Słowiańska;trudne;Jak w mitologii słowiańskiej nazywał się leśny demon wyobrażany jako wysoki, brodaty mężczyzna z odwróconymi stopami, który lubił mylić i gubić podróżnych w gęstwinie leśnej?;Leszy;Południca;Kikimora;Strzyga
Tradycje i Religie;Mitologia Nordycka i Słowiańska;trudne;Jak w mitologii słowiańskiej nazywała się bogini zimy, mroku i śmierci, której imię jest etymologicznie spokrewnione ze słowem oznaczającym moc lub potęgę?;Morena;Mokosz;Żywa;Łada
Tradycje i Religie;Mitologia Nordycka i Słowiańska;trudne;Jak w przedchrześcijańskiej mitologii słowiańskiej nazywano boga zaświatów (Nawii) oraz tajemniczego opiekuna magii, bydła i bogactwa?;Weles;Strzybóg;Mokosz;Rod
Tradycje i Religie;Mitologia Nordycka i Słowiańska;trudne;Jaki słowiański bóg ognia i kowalstwa był uważany za ojca słońca?;Swaróg;Dadźbóg;Swarożyc;Trzygłów
Tradycje i Religie;Mitologia Nordycka i Słowiańska;łatwe;Jak nazywa się słowiańskie, potężne bóstwo gromowładne, władca burz i piorunów, będący kulturowym odpowiednikiem Thora i Zeusa?;Perun;Swaróg;Weles;Światowid
Tradycje i Religie;Mitologia Nordycka i Słowiańska;łatwe;Jak nazywano niebezpieczne, powabne i bardzo wodne żeńskie demony, które bardzo gęsto wabiły w topiel mężów?;Rusałki;Upiory;Domowiki;Lesze
Tradycje i Religie;Mitologia Nordycka i Słowiańska;łatwe;Jak nazywał się domowy, zwykle pożyteczny i dbający o ognisko duszek, któremu zostawiano np. resztki kaszy w misce?;Domowik;Utopiec;Leszy;Południca
Tradycje i Religie;Mitologia Nordycka i Słowiańska;łatwe;Jak nazywało się najważniejsze, letnie pogańskie święto żywiołów (wody i ognia), w czasie którego panny wiły wianki?;Noc Kupały (Sobótki);Szczodre Gody;Dziady;Zielone Świątki
Tradycje i Religie;Mitologia Nordycka i Słowiańska;łatwe;Jaki wielki słowiański i mroczny władca zasiadał potężnie w zaświatach, w mrocznej i chłodnej krainie Nawii?;Weles;Perun;Swarożyc;Strzybóg
Tradycje i Religie;Mitologia Nordycka i Słowiańska;łatwe;Kto był jednym z głównych słowiańskich bogów, władcą piorunów i nieba, uważanym za odpowiednika nordyckiego Thora?;Perun;Weles;Swaróg;Trzygłów
Tradycje i Religie;Wierzenia i Zabobony;trudne;Co według marynarskiego przesądu zwiastuje zabicie albatrosa podczas rejsu?;Wielkie nieszczęście dla statku i załogi;Pomyślne wiatry;Koniec sztormu;Bliskość lądu
Tradycje i Religie;Wierzenia i Zabobony;trudne;Jak w tradycji europejskiej nazywa się noc z 30 kwietnia na 1 maja, kiedy według dawnych wierzeń wiedźmy i demony zbierały się na sabat na górskich szczytach, witając nadejście wiosny?;Noc Walpurgii;Halloween;Noc Świętojańska;Noc Kupały
Tradycje i Religie;Wierzenia i Zabobony;trudne;Przesąd o "odpukiwaniu w niemalowane drewno" ma na celu uniknięcie czego?;Zapeszenia (złego losu);Choroby;Kradzieży;Gniewu bogów
Tradycje i Religie;Wierzenia i Zabobony;trudne;Stłuczenie jakiego delikatnego przedmiotu domowego powszechnie i nieubłaganie zapowiada według przesądu aż siedem lat nieszczęścia?;Lustra;Wazonu;Szklanki;Porcelany
Tradycje i Religie;Wierzenia i Zabobony;trudne;W jakiej kulturze narodził się przesąd o liczbie 4 jako pechowej, ponieważ jej wymowa jest niemal identyczna ze słowem "śmierć"?;W chińskiej;W japońskiej;W indyjskiej;W greckiej
Tradycje i Religie;Wierzenia i Zabobony;trudne;Według polskiego (i szerzej europejskiego) przesądu, ile lat złego losu grozi osobie, która przypadkowo rozbije lustro?;Siedem lat;Trzy lata;Dziesięć lat;Rok i jeden dzień
Tradycje i Religie;Wierzenia i Zabobony;trudne;Z jakim warzywem wiązał się dawny polski zabobon odstraszający wampiry i złe moce, wieszany w pęczkach przy drzwiach i oknach?;Czosnek;Cebula;Marchew;Pasternak
Tradycje i Religie;Wierzenia i Zabobony;łatwe;Co według wierzeń ludowych należy zrobić ze znalezioną podkową, aby przynosiła domowi szczęście zawieszona nad drzwiami?;Powiesić ją rogami do góry (jak literę U);Powiesić ją rogami do dołu;Pomalować na czerwono;Zakopać pod progiem
Tradycje i Religie;Wierzenia i Zabobony;łatwe;Jaka konkretna liczba jest w wielu krajach zachodnich powszechnie uznawana za pechową, przez co często omija się ją np. w windach hoteli?;Liczba 13;Liczba 7;Liczba 666;Liczba 4
Tradycje i Religie;Wierzenia i Zabobony;łatwe;Jaki kolor sierści ma kot, który przebiegając komuś drogę, zwiastuje według najpopularniejszego, globalnego przesądu nagłego pecha?;Czarny;Biały;Rudy;Szary
Tradycje i Religie;Wierzenia i Zabobony;łatwe;Jakie wspaniałe zwierzę, jeśli tylko nagle przetnie i przebiegnie nam drogę, w klasycznym przesądzie zwiastuje murowanego pecha?;Czarny kot;Rudy lis;Szary wilk;Czarny kruk
Tradycje i Religie;Wierzenia i Zabobony;łatwe;W co należy profilaktycznie zapukać, aby 'nie zapeszyć' i nie sprowadzić pecha po głośnym wypowiedzeniu swoich wielkich planów?;W niemalowane drewno;W przezroczystą szybę;W prawy nadgarstek;W żelazny pręt
Tradycje i Religie;Wierzenia i Zabobony;łatwe;Z jakiego bardzo kruchego, codziennego przedmiotu, uszkodzenie lub rozbicie wróży podobno w przesądach aż 7 lat nieszczęścia?;Z lustra;Z solniczki;Z kryształowego wazonu;Z kieliszka ślubnego
Tradycje i Religie;Święta Bożego Narodzenia i Wielkanoc;trudne;Jak nazywa się cienki, wypiekany z samej mąki i wody płatek chlebowy, którym Polacy łamią się podczas Wigilii przy składaniu życzeń?;Opłatek;Maca;Proskura;Hostia
Tradycje i Religie;Święta Bożego Narodzenia i Wielkanoc;trudne;Jak nazywa się pasterka odprawiana tradycyjnie w polskich kościołach o północy w Wigilię Bożego Narodzenia?;Pasterka;Jutrznia;Nieszpory;Kompleta
Tradycje i Religie;Święta Bożego Narodzenia i Wielkanoc;trudne;Jak w tradycji kościelnej nazywa się okres czterech tygodni poprzedzający Boże Narodzenie, będący czasem oczekiwania i przygotowania do przyjścia Chrystusa?;Adwent;Epifania;Oktawa;Nowenna
Tradycje i Religie;Święta Bożego Narodzenia i Wielkanoc;trudne;Jak w tradycji polskich Kresów Wschodnich i Ukrainy nazywa się wigilijna potrawa przyrządzana z gotowanej pszenicy, miodu, maku i bakalii, obowiązkowo spożywana podczas Wigilii?;Kutia;Siemieniotka;Kasza z makiem;Uzwar
Tradycje i Religie;Święta Bożego Narodzenia i Wielkanoc;trudne;Która z biblijnych krain była ojczyzną Trzech Króli (Mędrców), którzy przybyli do Betlejem?;Ze Wschodu (brak konkretnego państwa w Biblii);Egipt;Persja;Indie
Tradycje i Religie;Święta Bożego Narodzenia i Wielkanoc;trudne;W jakim europeckim państwie narodziła się w XVI wieku piękna, rozpropagowana dziś na cały świat tradycja ozdabiania choinki na święta?;W Niemczech;We Francji;W Polsce;W Szwecji
Tradycje i Religie;Święta Bożego Narodzenia i Wielkanoc;trudne;W którym roku (według tradycji) św. Franciszek z Asyżu zorganizował we włoskim Greccio pierwszą w historii żywą szopkę bożonarodzeniową?;1223;1200;1150;1300
Tradycje i Religie;Święta Bożego Narodzenia i Wielkanoc;łatwe;Czym w chrześcijańskiej Polsce dzielimy się z rodziną, składając sobie życzenia, zanim rozpoczniemy kolację?;Białym opłatkiem;Chlebem maczanym w soli;Czerwonym winem;Słodką kutią
Tradycje i Religie;Święta Bożego Narodzenia i Wielkanoc;łatwe;Dla kogo od pokoleń i zwyczajowo kładzie się puste nakrycie i dodatkowy talerz przy polskim wigilijnym stole?;Dla niespodziewanego wędrowca;Dla księdza po kolędzie;Dla Anioła Stróża;Dla świętego Mikołaja
Tradycje i Religie;Święta Bożego Narodzenia i Wielkanoc;łatwe;Ile tradycyjnych, przygotowanych bez użycia mięsa potraw powinno znaleźć się na wigilijnym polskim stole tuż po pierwszej gwiazdce?;Dwanaście;Dziesięć;Siedem;Trzy
Tradycje i Religie;Święta Bożego Narodzenia i Wielkanoc;łatwe;Jak nazywa się niezwykle radosna, wesoła Msza Święta odprawiana w katolickich kościołach o północy w Wigilię?;Pasterka;Jutrznia;Rezurekcja;Suma Bożonarodzeniowa
Tradycje i Religie;Święta Bożego Narodzenia i Wielkanoc;łatwe;Pod jaką zieloną gałązką, zawieszaną zazwyczaj pod samym sufitem, bezkarnie całują się zakochani w czasie Świąt?;Pod jemiołą;Pod świerkiem;Pod ostrokrzewem;Pod sosną
Tradycje i Religie;Święta Bożego Narodzenia i Wielkanoc;łatwe;Zgodnie z piękną, polską tradycją kulinarną, ile bezmięsnych potraw powinno znaleźć się na stole wigilijnym?;Dwanaście potraw;Siedem potraw;Dziesięć potraw;Jedenaście potraw
Tradycje i Religie;Święta w Innych Kulturach;trudne;Jak nazywa się afrykańsko-amerykańskie święto obchodzone w USA od 26 grudnia do 1 stycznia, oparte na tradycjach afrykańskich?;Kwanzaa;Juneteenth;Umoja;Kujichagulia
Tradycje i Religie;Święta w Innych Kulturach;trudne;Jak nazywa się chińskie Święto Środka Jesieni, podczas którego tradycyjnie spożywa się "ciastka księżycowe"?;Zhongqiu Jie;Chunjie;Qingming;Duanwu
Tradycje i Religie;Święta w Innych Kulturach;trudne;Jak nazywa się historyczne, amerykańskie święto (zawsze w czwarty czwartek listopada), którego symbolem kulinarnym jest pieczony indyk?;Święto Dziękczynienia;Dzień Niepodległości;Halloween;Columbus Day
Tradycje i Religie;Święta w Innych Kulturach;trudne;Jak nazywa się irańskie i perskie Nowe Roku, obchodzone podczas astronomicznej równonocy wiosennej, będące najważniejszym świętem w Iranie i wśród diaspory perskiej na całym świecie?;Nouruz;Eid al-Fitr;Diwali;Holi
Tradycje i Religie;Święta w Innych Kulturach;trudne;Jak nazywa się japońskie święto obserwowania kwitnących wiśni, podczas którego rodziny i przyjaciele gromadzą się w parkach na piknikach, podziwiając krótkotrwałe kwitnienie sakury?;Hanami;Matsuri;Obon;Setsubun
Tradycje i Religie;Święta w Innych Kulturach;trudne;Jakie bardzo radosne, hinduistyczne święto polega na wzajemnym i masowym obrzucaniu się na ulicach jaskrawymi, kolorowymi proszkami?;Holi;Diwali;Maha Śiwaratri;Navaratri
Tradycje i Religie;Święta w Innych Kulturach;trudne;W jakim kraju obchodzone jest Święto Zmarłych pod nazwą "Día de Muertos", charakteryzujące się radosną atmosferą i kolorowymi ołtarzami?;W Meksyku;W Hiszpanii;W Brazylii;W Peru
Tradycje i Religie;Święta w Innych Kulturach;łatwe;14 lutego na całym niemal świecie z ogromnym komercyjnym zaangażowaniem obchodzimy popularne...;Walentynki;Andrzejki;Mikołajki;Halloween
Tradycje i Religie;Święta w Innych Kulturach;łatwe;Czego symbolem są wydrążone, upiornie uśmiechnięte i świecące dynie (Jack-o'-lantern) podczas obchodów Halloween?;Odstraszania złych duchów;Podziękowania za obfite plony;Powitania nadchodzącej wiosny;Oddawania czci bogu słońca
Tradycje i Religie;Święta w Innych Kulturach;łatwe;Jakie wesołe i bardzo głośne marcowe święto, patrona całej Irlandii, na całym świecie kojarzy się z kolorem zielonym?;Dzień Świętego Patryka;Dzień Świętego Jerzego;Dzień Świętego Andrzeja;Dzień Świętego Marcina
Tradycje i Religie;Święta w Innych Kulturach;łatwe;Jakie wielkie święto w USA obchodzi się w czwarty czwartek listopada, przygotowując tradycyjnie pieczonego indyka?;Święto Dziękczynienia;Halloween;Dzień Niepodległości;Dzień Pamięci
Tradycje i Religie;Święta w Innych Kulturach;łatwe;W jakim gigantycznym, azjatyckim kraju wyjątkowo hucznie świętuje się nadejście nowego roku m.in. w rytmie niezwykłego Tańca Smoka?;W Chinach;W Indiach;W Japonii;W Tajlandii
Tradycje i Religie;Święta w Innych Kulturach;łatwe;W jakim państwie na przełomie października i listopada hucznie, radośnie i bardzo kolorowo obchodzi się Dzień Zmarłych (Día de Muertos)?;W Meksyku;W Hiszpanii;W Brazylii;W USA
Tradycje i Religie;Islam;łatwe;Jak nazywa się miasto będące najświętszym miejscem dla muzułmanów?;Mekka;Medyna;Jerozolima;Kair
Tradycje i Religie;Islam;łatwe;Jak nazywa się żydowskie święto upamiętniające wyjście Izraelitów z niewoli egipskiej?;Pascha;Chanuka;Jom Kippur;Szabat
Tradycje i Religie;Islam;trudne;Który dzień tygodnia jest dniem świętym w judaizmie?;Szabat;Niedziela;Piątek;Poniedziałek
Tradycje i Religie;Islam;trudne;Ile filarów wiary obowiązuje w islamie?;5;3;7;10
Tradycje i Religie;Islam;trudne;Jak nazywa się głowa społeczności żydowskiej pełniąca funkcje religijne?;Rabin;Imam;Mufti;Kardynał
Tradycje i Religie;Islam;trudne;Który kierunek islamu jest dominujący w Iranie?;Szyizm;Sunnizm;Sufizm;Wahhabizm
Tradycje i Religie;Islam;bardzo trudne;Jak nazywa się muzułmański kalendarz oparty na cyklu księżycowym?;Hidżry;Gregoriański;Julianowski;Hebrajski
Tradycje i Religie;Islam;bardzo trudne;Która żydowska księga stanowi zbiór praw religijnych i tradycji ustnej, skompilowany około V wieku?;Talmud;Tora;Tanach;Zohar
Tradycje i Religie;Islam;bardzo trudne;Jak nazywa się nocna podróż proroka Mahometa z Mekki do Jerozolimy i jego wniebowstąpienie?;Isra i Miraj;Hidżra;Ramadan;Aszura
Tradycje i Religie;Islam;bardzo trudne;Jak nazywa się najstarsza część Tory, czyli Pięcioksiąg Mojżeszowy?;Chumasz;Miszna;Gemara;Haftara
Tradycje i Religie;Buddyzm i Hinduizm;łatwe;Kto jest założycielem buddyzmu?;Siddhartha Gautama;Laozi;Konfucjusz;Mahawira
Tradycje i Religie;Buddyzm i Hinduizm;łatwe;W jakim kraju narodził się hinduizm?;Indie;Chiny;Japonia;Tajlandia
Tradycje i Religie;Buddyzm i Hinduizm;trudne;Jak nazywa się stan pełnego wyzwolenia i spokoju w buddyzmie?;Nirwana;Moksza;Samsara;Dharma
Tradycje i Religie;Buddyzm i Hinduizm;trudne;Która religia opiera się na kulcie sił natury i przodków, będąc rdzenną religią Japonii?;Shinto;Taoizm;Konfucjanizm;Dżinizm
Tradycje i Religie;Buddyzm i Hinduizm;trudne;Jak nazywa się centralne pojęcie taoizmu, oznaczające "drogę" lub "zasadę wszechświata"?;Tao;Yin;Yang;Qi
Tradycje i Religie;Buddyzm i Hinduizm;trudne;Która z wymienionych ksiąg jest zbiorem nauk Konfucjusza?;Dialogi konfucjańskie;Księga Przemian;Księga Drogi i Cnoty;Bhagawadgita
Tradycje i Religie;Buddyzm i Hinduizm;bardzo trudne;Jak nazywa się japońska koncepcja estetyczna i filozoficzna, podkreślająca piękno niedoskonałości i przemijalności?;Wabi-sabi;Bushido;Ikigai;Kaizen
Tradycje i Religie;Buddyzm i Hinduizm;bardzo trudne;Która szkoła buddyzmu dominuje w Tybecie?;Wadżrajana;Mahajana;Theravada;Zen
Tradycje i Religie;Buddyzm i Hinduizm;bardzo trudne;Jak nazywają się cztery najstarsze święte księgi hinduizmu?;Wedy;Upanszady;Purany;Sutry
Tradycje i Religie;Buddyzm i Hinduizm;bardzo trudne;Kto jest uważany za mitycznego autora "Księgi Drogi i Cnoty" (Tao Te Ching)?;Laozi;Zhuangzi;Mencjusz;Han Fei
Tradycje i Religie;Mitologie Świata;łatwe;Kto był bogiem piorunów i najwyższym władcą Olimpu w mitologii greckiej?;Zeus;Hades;Posejdon;Ares
Tradycje i Religie;Mitologie Świata;łatwe;Jak nazywa się kraina zmarłych w mitologii nordyckiej, do której trafiali wojownicy polegli w walce?;Walhalla;Helheim;Midgard;Asgard
Tradycje i Religie;Mitologie Świata;trudne;Jak nazywał się egipski bóg o głowie szakala, patron balsamowania i przewodnika dusz?;Anubis;Ozyrys;Horus;Set
Tradycje i Religie;Mitologie Świata;trudne;Kto w mitologii nordyckiej był bogiem podstępu i zmiany postaci?;Loki;Thor;Odyn;Baldur
Tradycje i Religie;Mitologie Świata;trudne;Jak nazywała się postać z mitologii greckiej, która podtrzymywała sklepienie niebieskie na swoich barkach?;Atlas;Prometeusz;Herakles;Syzyf
Tradycje i Religie;Mitologie Świata;trudne;Jak nazywa się w mitologii rzymskiej odpowiednik greckiej bogini miłości Afrodyty?;Wenera;Diana;Minerwa;Junona
Tradycje i Religie;Mitologie Świata;bardzo trudne;Jak nazywał się w mitologii azteckiej "Pierzasty Wąż", bóg wiatru, nieba i wiedzy?;Quetzalcoatl;Huitzilopochtli;Tezcatlipoca;Tlaloc
Tradycje i Religie;Mitologie Świata;bardzo trudne;W mitologii mezopotamskiej, kto był bohaterem eposu poszukującym nieśmiertelności po śmierci przyjaciela Enkidu?;Gilgamesz;Marduk;Enlil;Etana
Tradycje i Religie;Mitologie Świata;bardzo trudne;Jak nazywały się w mitologii słowiańskiej demony wodne, powstałe z dusz utopionych dziewcząt?;Rusałki;Południce;Beboki;Licho
Tradycje i Religie;Mitologie Świata;bardzo trudne;Jak nazywał się rzymski bóg o dwóch twarzach, patron początków, drzwi i przejść?;Janus;Quirinus;Wulkan;Mars
Tradycje i Religie;Mitologie Świata;łatwe;Jak nazywał się bóg słońca w starożytnym Egipcie?;Ra;Anubis;Ozyrys;Izyda
Tradycje i Religie;Mitologie Świata;łatwe;Kto w mitologii rzymskiej był odpowiednikiem greckiego boga Zeusa?;Jowisz;Mars;Neptun;Pluton
Tradycje i Religie;Mitologie Świata;trudne;Jak nazywał się skandynawski bóg mądrości i wojny, który oddał oko za łyk ze źródła wiedzy?;Odyn;Thor;Tyr;Frejr
Tradycje i Religie;Mitologie Świata;trudne;Jak nazywały się kapłanki w starożytnym Rzymie, które pilnowały świętego ognia w świątyni bogini ogniska domowego?;Westalki;Pytie;Sybille;Augurzy
Tradycje i Religie;Mitologie Świata;trudne;Kto według mitologii rzymskiej był założycielem Rzymu i pierwszym królem?;Romulus;Remus;Eneasz;Numa Pompiliusz
Tradycje i Religie;Mitologie Świata;trudne;Które bóstwo greckie wyłoniło się z piany morskiej u wybrzeży Cypru?;Afrodyta;Hera;Atena;Artemida
Tradycje i Religie;Mitologie Świata;bardzo trudne;Jak nazywało się najwyższe bóstwo w religii perskiej (zoroastryzmie), uosobienie dobra i światła?;Ahura Mazda;Aryman;Mitra;Anahita
Tradycje i Religie;Mitologie Świata;bardzo trudne;Jak nazywała się sumeryjska bogini miłości, wojny i płodności, odpowiedniczka babilońskiej Isztar?;Inanna;Ninhursag;Eriszkigal;Nansze
Tradycje i Religie;Mitologie Świata;bardzo trudne;W religii Azteków, komu składano ofiary z ludzi, wierząc, że słońce potrzebuje krwi, by wschodzić każdego dnia?;Huitzilopochtli;Quetzalcoatl;Tlaloc;Tezcatlipoca
Tradycje i Religie;Mitologie Świata;bardzo trudne;Jak nazywa się święty tekst zoroastryzmu?;Awesta;Księga Umarłych;Rigweda;Gaty
Tradycje i Religie;Chrześcijaństwo;łatwe;Kto był pierwszym papieżem Polakiem?;Jan Paweł II;Benedykt XVI;Pius XII;Jan XXIII
Tradycje i Religie;Chrześcijaństwo;łatwe;Jak nazywa się sanktuarium w Częstochowie, cel licznych pielgrzymek?;Jasna Góra;Licheń;Kalwaria Zebrzydowska;Łagiewniki
Tradycje i Religie;Chrześcijaństwo;trudne;Kto jest autorem tekstu "Bogurodzicy"?;Autor nieznany;Jan Kochanowski;Mikołaj Rej;Piotr Skarga
Tradycje i Religie;Chrześcijaństwo;trudne;Jak nazywa się tradycyjne nabożeństwo odprawiane w Polsce w okresie Wielkiego Postu?;Gorzkie żale;Roraty;Majowe;Nieszpory
Tradycje i Religie;Chrześcijaństwo;trudne;Kto był prymasem Polski nazywanym "Prymasem Tysiąclecia"?;Stefan Wyszyński;August Hlond;Józef Glemp;Karol Wojtyła
Tradycje i Religie;Chrześcijaństwo;trudne;Jak nazywa się wigilijny opłatek w tradycji chrześcijańskiej symbolizujący jedność i pojednanie?;Eucharystia;Chleb;Opłatek;Manna
Tradycje i Religie;Chrześcijaństwo;bardzo trudne;W którym roku odbył się pierwszy synod plenarny w niepodległej Polsce po 1918 r.?;1936;1925;1948;1919
Tradycje i Religie;Chrześcijaństwo;bardzo trudne;Jak nazywa się zakon, który założył św. Maksymilian Maria Kolbe w Niepokalanowie?;Franciszkanie;Dominikanie;Jezuici;Benedyktyni
Tradycje i Religie;Chrześcijaństwo;bardzo trudne;Który święty jest patronem Polski obok św. Wojciecha i św. Stanisława?;Św. Andrzej Bobola;Św. Jacek Odrowąż;Św. Kazimierz Królewicz;Św. Maksymilian Kolbe
Tradycje i Religie;Chrześcijaństwo;bardzo trudne;Jak nazywa się najstarsze polskie opactwo benedyktyńskie?;W Tyńcu;W Mogile;W Lubiniu;W Krzeszowie
Tradycje i Religie;Obrzędy i Zwyczaje Ludowe;łatwe;Jak nazywa się zwyczaj oblewania się wodą w Poniedziałek Wielkanocny?;Śmigus-dyngus;Dożynki;Andrzejki;Kupała
Tradycje i Religie;Obrzędy i Zwyczaje Ludowe;łatwe;W którą noc szuka się legendarnego kwiatu paproci?;Noc Kupały;Noc Świętojańska;Andrzejki;Mikołajki
Tradycje i Religie;Obrzędy i Zwyczaje Ludowe;trudne;Jak nazywa się tradycyjna słowiańska lalka, która miała chronić dom przed nieszczęściem?;Motanka;Marzanna;Kukła;Lalka
Tradycje i Religie;Obrzędy i Zwyczaje Ludowe;trudne;Z jakim świętem kojarzony jest zwyczaj topienia marzanny?;Pierwszy dzień wiosny;Wielkanoc;Boże Narodzenie;Wszystkich Świętych
Tradycje i Religie;Obrzędy i Zwyczaje Ludowe;trudne;Jak nazywa się święto plonów obchodzone po zakończeniu żniw?;Dożynki;Gody;Zapusty;Ostatki
Tradycje i Religie;Obrzędy i Zwyczaje Ludowe;trudne;Czym są "Dziady" w tradycji przedchrześcijańskiej?;Obrzęd ku czci zmarłych;Zabawa karnawałowa;Święto lasu;Powitanie lata
Tradycje i Religie;Obrzędy i Zwyczaje Ludowe;bardzo trudne;Jak nazywa się okres od Bożego Narodzenia do Trzech Króli w tradycji ludowej?;Szczodre Gody;Zapusty;Adwent;Oktawa
Tradycje i Religie;Obrzędy i Zwyczaje Ludowe;bardzo trudne;Kim w folklorze wiejskim był "Południca"?;Demonem pól atakującym w samo południe;Opiekunem domowego ogniska;Duchem leśnym;Wodnikiem
Tradycje i Religie;Obrzędy i Zwyczaje Ludowe;bardzo trudne;Jak nazywa się tradycyjny instrument pasterski z Podhala o długiej rurze?;Trombita;Dudy;Lira korbowa;Ocarina
Tradycje i Religie;Obrzędy i Zwyczaje Ludowe;bardzo trudne;Jak brzmi nazwa obrzędu polegającego na wspólnym darciu pierza przez kobiety?;Wyskubki;Oczepiny;Zrękowiny;Pochowiny
Tradycje i Religie;Islam;łatwe;Jak nazywa się post w islamie trwający przez jeden miesiąc?;Ramadan;Hidżra;Zakat;Salat
Tradycje i Religie;Islam;łatwe;Jak nazywa się wieża przy meczecie, z której nawołuje się do modlitwy?;Minaret;Kopuła;Mihrab;Minbar
Tradycje i Religie;Islam;trudne;W którym kierunku muszą zwracać się muzułmanie podczas modlitwy?;W stronę Mekki;W stronę wschodu;W stronę Jerozolimy;W stronę południa
Tradycje i Religie;Islam;trudne;Jak nazywa się rytualna pielgrzymka do Mekki, którą każdy muzułmanin powinien odbyć raz w życiu?;Hadżdż;Dżihad;Szariat;Sunna
Tradycje i Religie;Islam;trudne;Kto według tradycji muzułmańskiej podyktował Mahometowi treść Koranu?;Archanioł Gabriel;Archanioł Michał;Prorok Abraham;Prorok Mojżesz
Tradycje i Religie;Islam;trudne;Jak nazywa się wspólnota wszystkich wyznawców islamu?;Umma;Kalifat;Szejkanat;Imamat
Tradycje i Religie;Islam;bardzo trudne;Jak nazywa się czarna budowla w kształcie sześcianu znajdująca się w centrum Wielkiego Meczetu w Mekce?;Kaaba;Meczet Al-Aksa;Kopuła na Skale;Ziggurat
Tradycje i Religie;Islam;bardzo trudne;Który kalif z dynastii prawowiernych jako pierwszy nakazał spisanie Koranu w jednej wersji?;Osman;Abu Bakr;Umar;Ali
Tradycje i Religie;Islam;bardzo trudne;Jak nazywa się zbiór opowieści o czynach i wypowiedziach Mahometa, uzupełniający Koran?;Hadisy;Sury;Aje;Fiqh
Tradycje i Religie;Islam;bardzo trudne;Który mistyczny nurt islamu kładzie nacisk na duchowe doświadczenie bóstwa, m.in. poprzez taniec?;Sufizm;Wahhabizm;Salafizm;Ibadytyzm
Tradycje i Religie;Judaizm;łatwe;Jak nazywa się siedmioramienny świecznik, symbol judaizmu?;Menora;Chanukija;Mezuza;Tora
Tradycje i Religie;Judaizm;łatwe;Który król Izraela zbudował Pierwszą Świątynię w Jerozolimie?;Salomon;Dawid;Saul;Ezechiasz
Tradycje i Religie;Judaizm;trudne;Jak nazywa się małe pudełeczko zawierające wersety Tory, przytwierdzane do framugi drzwi?;Mezuza;Tefilin;Kipa;Tallit
Tradycje i Religie;Judaizm;trudne;W którym roku powstało współczesne państwo Izrael?;1948;1945;1918;1967
Tradycje i Religie;Judaizm;trudne;Jak nazywa się żydowski Nowy Rok?;Rosz Haszana;Sukkot;Purim;Szawuot
Tradycje i Religie;Judaizm;trudne;Które miasto jest uważane za najświętsze w judaizmie?;Jerozolima;Tel Awiw;Hebron;Hajfa
Tradycje i Religie;Judaizm;bardzo trudne;Jak nazywa się uroczystość przyjęcia dorosłości religijnej przez 13-letniego chłopca?;Bar Micwa;Bat Micwa;Brit Mila;Hupa
Tradycje i Religie;Judaizm;bardzo trudne;Jak nazywa się mistycyzm żydowski, którego głównym dziełem jest Zohar?;Kabała;Hasydyzm;Haskala;Talmudyzm
Tradycje i Religie;Judaizm;bardzo trudne;Które z wymienionych świąt jest "Świętem Świateł"?;Chanuka;Jom Kippur;Pascha;Purim
Tradycje i Religie;Judaizm;bardzo trudne;Jak nazywa się rytualna łaźnia w judaizmie służąca do oczyszczenia?;Mikwa;Synagoga;Kirkut;Jesziwa
Tradycje i Religie;Religie Azji Wschodniej;łatwe;W jakim kraju narodził się hinduizm?;Indie;Iran;Pakistan;Afganistan
Tradycje i Religie;Religie Azji Wschodniej;łatwe;Jak nazywa się system podziału społeczeństwa w tradycyjnym hinduizmie?;System kastowy;Feudalizm;Apartheid;Meritokracja
Tradycje i Religie;Religie Azji Wschodniej;trudne;Kto jest uważany za założyciela zaratusztrianizmu?;Zaratusztra;Brahma;Wisznu;Śiwa
Tradycje i Religie;Religie Azji Wschodniej;trudne;Jak nazywa się święta rzeka hinduistów, w której odbywają rytualne kąpiele?;Ganges;Indus;Brahmaputra;Jamuna
Tradycje i Religie;Religie Azji Wschodniej;trudne;Które z bóstw hinduistycznych tworzy tzw. Trimurti (trójcę) wraz z Brahmą i Wisznu?;Śiwa;Ganeśa;Hanuman;Indra
Tradycje i Religie;Religie Azji Wschodniej;trudne;Jak nazywa się sikhijska świątynia w Amritsarze, pokryta złotem?;Złota Świątynia;Tadź Mahal;Angkor Wat;Borobudur
Tradycje i Religie;Religie Azji Wschodniej;bardzo trudne;Jak nazywa się główna święta księga zaratusztrianizmu?;Awesta;Wedy;Koran;Tanach
Tradycje i Religie;Religie Azji Wschodniej;bardzo trudne;Kim w religii sikhów był Guru Nanak?;Założycielem religii;Ostatnim guru;Wojownikiem;Królem Pendżabu
Tradycje i Religie;Religie Azji Wschodniej;bardzo trudne;Jak nazywa się w hinduizmie zasada niekrzywdzenia żadnych istot żywych?;Ahinsa;Dharma;Karma;Maja
Tradycje i Religie;Religie Azji Wschodniej;bardzo trudne;Jak nazywają się najstarsze hymny hinduizmu, będące częścią Wed?;Rigweda;Samaweda;Jadźurweda;Atharwaweda
Tradycje i Religie;Chrześcijaństwo;łatwe;Kto jest uważany za pierwszego papieża?;Święty Piotr;Święty Paweł;Święty Jan;Święty Andrzej
Tradycje i Religie;Chrześcijaństwo;łatwe;Z którego kraju pochodził papież Franciszek?;Z Argentyny;Z Włoch;Z Polski;Z Niemiec
Tradycje i Religie;Chrześcijaństwo;trudne;Który święty jest patronem zakochanych?;Święty Walenty;Święty Antoni;Święty Franciszek;Święty Józef
Tradycje i Religie;Chrześcijaństwo;trudne;Kto założył zakon jezuitów?;Ignacy Loyola;Dominik Guzmàn;Benedykt z Nursji;Filip Neri
Tradycje i Religie;Chrześcijaństwo;trudne;Który papież zwołał Sobór Watykański II?;Jan XXIII;Paweł VI;Pius XII;Jan Paweł I
Tradycje i Religie;Chrześcijaństwo;trudne;Święta Faustyna Kowalska kojarzona jest z kultem:;Bożego Miłosierdzia;Najświętszego Serca;Cudownego Medalika;Różańca
Tradycje i Religie;Chrześcijaństwo;bardzo trudne;Który teolog średniowieczny stworzył tzw. "pięć dróg" na istnienie Boga?;Tomasz z Akwinu;Anzelm z Canterbury;Bernard z Clairvaux;Albert Wielki
Tradycje i Religie;Chrześcijaństwo;bardzo trudne;Jak nazywał się papież, który w 1075 roku wydał dokument "Dictatus Papae"?;Grzegorz VII;Urban II;Innocenty III;Bonifacy VIII
Tradycje i Religie;Chrześcijaństwo;bardzo trudne;Kto był założycielem zakonu trapistów?;Armand Jean de Rancé;Brunon z Kolonii;Robert z Molesme;Stefan Harding
Tradycje i Religie;Chrześcijaństwo;bardzo trudne;Który święty z II wieku n.e. był autorem dzieła "Adversus Haereses"?;Ireneusz z Lyonu;Justyn Męczennik;Polikarp ze Smyrny;Ignacy Antiocheński
Tradycje i Religie;Mitologia Nordycka i Słowiańska;łatwe;Kto był najważniejszym bogiem Słowian, władcą piorunów?;Perun;Weles;Swaróg;Dadźbóg
Tradycje i Religie;Mitologia Nordycka i Słowiańska;łatwe;Jak nazywa się demon żeński kradnący dzieci, według wierzeń słowiańskich?;Mamuna;Rusałka;Południca;Zmora
Tradycje i Religie;Mitologia Nordycka i Słowiańska;trudne;Który bóg słowiański był opiekunem magii, przysiąg i zaświatów?;Weles;Perun;Jarowit;Radogost
Tradycje i Religie;Mitologia Nordycka i Słowiańska;trudne;Jak nazywało się słowiańskie święto zmarłych obchodzone wiosną i jesienią?;Dziady;Szczodre Gody;Jare Gody;Dożynki
Tradycje i Religie;Mitologia Nordycka i Słowiańska;trudne;Który bóg uosabiał słońce i ogień niebiański?;Swaróg;Perun;Mokosz;Zorza
Tradycje i Religie;Mitologia Nordycka i Słowiańska;trudne;Jak nazywa się mityczny ptak ze złocistymi piórami występujący w baśniach słowiańskich?;Raróg;Żar-ptak;Alkonost;Gamaun
Tradycje i Religie;Mitologia Nordycka i Słowiańska;bardzo trudne;Która bogini była jedynym bóstwem żeńskim w panteonie księcia Włodzimierza?;Mokosz;Marzanna;Dziewanna;Żywia
Tradycje i Religie;Mitologia Nordycka i Słowiańska;bardzo trudne;Jak nazywał się czterotwarzowy posąg boga wyłowiony z rzeki Zbrucz?;Światowid;Trzygłów;Simargł;Chors
Tradycje i Religie;Mitologia Nordycka i Słowiańska;bardzo trudne;Gdzie znajdowała się główna wyrocznia boga Świętowita, zniszczona w 1168 roku?;Arkona;Retra;Szczecin;Wolin
Tradycje i Religie;Mitologia Nordycka i Słowiańska;bardzo trudne;Jak nazywały się w wierzeniach słowiańskich trzy bóstwa przeznaczenia?;Rodzanice;Południce;Boginki;Wieszczyce
Tradycje i Religie;Chrześcijaństwo;łatwe;Jak nazywa się charakterystyczna ściana z ikonami w cerkwi?;Ikonostas;Ołtarz;Ambona;Absyda
Tradycje i Religie;Chrześcijaństwo;łatwe;Jak nazywa się zwierzchnik Cerkwi Prawosławnej w danym kraju lub regionie?;Patriarcha;Biskup;Kardynał;Papież
Tradycje i Religie;Chrześcijaństwo;trudne;Który kraj jest historycznym centrum prawosławia i siedzibą Patriarchatu Ekumenicznego?;Turcja (Konstantynopol);Grecja;Rosja;Serbia
Tradycje i Religie;Chrześcijaństwo;trudne;Jak nazywa się najważniejsze święto w kalendarzu prawosławnym?;Pascha;Boże Narodzenie;Teofania;Zaśnięcie Bogurodzicy
Tradycje i Religie;Chrześcijaństwo;trudne;Który kalendarz jest używany do wyznaczania dat świąt w większości kościołów prawosławnych?;Juliański;Gregoriański;Hebrajski;Muzułmański
Tradycje i Religie;Chrześcijaństwo;trudne;Jak nazywa się tradycyjny śpiew wielogłosowy bez akompaniamentu instrumentów w cerkwi?;A cappella;Chorał;Psalmodia;Liturgia
Tradycje i Religie;Chrześcijaństwo;bardzo trudne;Jak nazywa się doktryna dotycząca pochodzenia Ducha Świętego, będąca sporem między Wschodem a Zachodem?;Filioque;Transsubstancja;Niepokalane Poczęcie;Prymat Piotrowy
Tradycje i Religie;Chrześcijaństwo;bardzo trudne;Kim byli bracia Cyryl i Metody?;Misjonarzami i twórcami głagolicy;Władcami Bizancjum;Teologami z Antiochii;Założycielami monastycyzmu
Tradycje i Religie;Chrześcijaństwo;bardzo trudne;Jak nazywa się centralna część nabożeństwa prawosławnego, odpowiednik katolickiej Mszy?;Boska Liturgia;Nieszpory;Jutrznia;Powieczerze
Tradycje i Religie;Chrześcijaństwo;bardzo trudne;Co oznacza termin "autokefalia" w odniesieniu do Kościoła prawosławnego?;Niezależność hierarchiczną;Podporządkowanie papieżowi;Wspólnotę z Rzymem;Kult relikwii
Tradycje i Religie;Budownictwo Sakralne;łatwe;Jak nazywa się wieża przy kościele katolickim?;Dzwonnica;Minaret;Ikonostas;Pagoda
Tradycje i Religie;Budownictwo Sakralne;łatwe;Który styl architektoniczny charakteryzuje się strzelistymi wieżami i witrażami?;Gotyk;Romański;Barok;Klasycyzm
Tradycje i Religie;Budownictwo Sakralne;trudne;Jak nazywa się główna, podłużna część kościoła przeznaczona dla wiernych?;Nawa;Prezbiterium;Transept;Narteks
Tradycje i Religie;Budownictwo Sakralne;trudne;Która słynna katedra w Paryżu ucierpiała w pożarze w 2019 roku?;Notre-Dame;Sacre-Coeur;Saint-Denis;Katedra w Chartres
Tradycje i Religie;Budownictwo Sakralne;trudne;Jak nazywa się wielopoziomowa wieża buddyjska?;Pagoda;Ziggurat;Stupa;Meczet
Tradycje i Religie;Budownictwo Sakralne;trudne;Czym charakteryzuje się styl romański w architekturze sakralnej?;Grubymi murami i małymi oknami;Bogactwem złoceń;Dużymi przeszkleniami;Smukłymi kolumnami
Tradycje i Religie;Budownictwo Sakralne;bardzo trudne;Jak nazywa się niszowa konstrukcja w meczecie wskazująca kierunek Mekki?;Mihrab;Minbar;Maksura;Sahn
Tradycje i Religie;Budownictwo Sakralne;bardzo trudne;Czym jest "rozeta" w architekturze gotyckiej?;Okrągłym oknem z witrażem;Podporą zewnętrzną;Sklepieniem żebrowym;Portalem wejściowym
Tradycje i Religie;Budownictwo Sakralne;bardzo trudne;Który architekt zaprojektował bazylikę Sagrada Familia w Barcelonie?;Antoni Gaudi;Le Corbusier;Frank Lloyd Wright;Walter Gropius
Tradycje i Religie;Budownictwo Sakralne;bardzo trudne;Jak nazywa się poprzeczna nawa w kościołach na planie krzyża?;Transept;Ambit;Chór;Empory
Tradycje i Religie;Bogowie Starożytnego Egiptu i Mezopotamii;łatwe;Jak nazywała się egipska bogini magii i ogniska domowego, żona Ozyrysa?;Izyda;Hathor;Neftyda;Nut
Tradycje i Religie;Bogowie Starożytnego Egiptu i Mezopotamii;łatwe;Który faraon próbował wprowadzić monoteistyczny kult tarczy słonecznej Atona?;Echnaton;Ramzes II;Tutanchamon;Seti I
Tradycje i Religie;Bogowie Starożytnego Egiptu i Mezopotamii;trudne;Jak nazywało się pismo obrazkowe starożytnych Egipcjan?;Hieroglify;Pismo klinowe;Alfabet;Pismo demotyczne
Tradycje i Religie;Bogowie Starożytnego Egiptu i Mezopotamii;trudne;Kim był Anubis w mitologii egipskiej?;Bogiem mumifikacji i zmarłych;Bogiem słońca;Bogiem wojny;Bogiem pisma
Tradycje i Religie;Bogowie Starożytnego Egiptu i Mezopotamii;trudne;Jak nazywały się sumeryjskie świątynie w formie schodkowych piramid?;Zigguraty;Mastaby;Pagody;Stupy
Tradycje i Religie;Bogowie Starożytnego Egiptu i Mezopotamii;trudne;Kto według mitologii babilońskiej stworzył świat po zwycięstwie nad potworem Tiamat?;Marduk;Enlil;Gilgamesz;Anu
Tradycje i Religie;Bogowie Starożytnego Egiptu i Mezopotamii;bardzo trudne;Jak nazywało się "ważenie serca" zmarłego przed sądem Ozyrysa?;Psychostazja;Metempsychoza;Mifikacja;Transmutacja
Tradycje i Religie;Bogowie Starożytnego Egiptu i Mezopotamii;bardzo trudne;Która egipska bogini była przedstawiana pod postacią lwicy i uosabiała gniew?;Sachmet;Bastet;Tefnut;Maat
Tradycje i Religie;Bogowie Starożytnego Egiptu i Mezopotamii;bardzo trudne;Jak nazywał się sumeryjski bóg mądrości i wód słodkich?;Enki (Ea);Enlil;Szamasz;Nannar
Tradycje i Religie;Bogowie Starożytnego Egiptu i Mezopotamii;bardzo trudne;Jak brzmiała egipska nazwa duszy, która według wierzeń mogła opuszczać ciało?;Ba;Ka;Akh;Ren
Tradycje i Religie;Religie Azji Wschodniej;łatwe;Jak nazywa się system filozoficzny oparty na naukach Konfucjusza?;Konfucjanizm;Taoizm;Buddyzm;Sintoizm
Tradycje i Religie;Religie Azji Wschodniej;łatwe;Która religia jest rodzimą, rdzenną wiarą Japończyków?;Sintoizm;Buddyzm;Chrześcijaństwo;Taoizm
Tradycje i Religie;Religie Azji Wschodniej;trudne;Jak nazywa się brama do świątyni sintoistycznej, zwykle malowana na czerwono?;Torii;Pagoda;Stupa;Zikkurat
Tradycje i Religie;Religie Azji Wschodniej;trudne;Kto jest uważany za twórcę taoizmu?;Laozi;Konfucjusz;Mencjusz;Sun Zi
Tradycje i Religie;Religie Azji Wschodniej;trudne;Jak nazywa się w sintoizmie bóstwo lub duch obecny w naturze?;Kami;Bodhisattwa;Avatar;Dżin
Tradycje i Religie;Religie Azji Wschodniej;trudne;Która japońska bogini słońca jest uznawana za przodkinię rodziny cesarskiej?;Amaterasu;Izanami;Kannon;Benten
Tradycje i Religie;Religie Azji Wschodniej;bardzo trudne;Jak nazywa się klasyczne dzieło konfucjanizmu będące zapisem rozmów mistrza z uczniami?;Dialogi Konfucjańskie (Lunyu);Yijing;Tao Te Ching;Księga Pieśni
Tradycje i Religie;Religie Azji Wschodniej;bardzo trudne;Jak nazywa się japoński festiwal lampionów ku czci dusz zmarłych?;Obon;Matsuri;Hanami;Setsubun
Tradycje i Religie;Religie Azji Wschodniej;bardzo trudne;Czym w taoizmie jest zasada "wu wei"?;Działaniem bez wysiłku / niedziałaniem;Kultem przodków;Ofiarą ze zwierząt;Dyscypliną wojskową
Tradycje i Religie;Religie Azji Wschodniej;bardzo trudne;Która dynastia chińska wprowadziła konfucjanizm jako oficjalną ideologię państwową?;Dynastia Han;Dynastia Qin;Dynastia Tang;Dynastia Ming
Tradycje i Religie;Religie Afryki i Ameryk;łatwe;Jak nazywały się schodkowe świątynie budowane przez Majów i Azteków?;Piramidy;Zigguraty;Pagody;Meczety
Tradycje i Religie;Religie Afryki i Ameryk;łatwe;Który lud prekolumbijski czcił boga słońca Inti i budował Machu Picchu?;Inkowie;Majowie;Aztekowie;Olmekowie
Tradycje i Religie;Religie Afryki i Ameryk;trudne;Jak nazywa się tradycyjny afrykański system wierzeń oparty na kulcie duchów przodków i sił natury?;Animizm;Totemizm;Szamanizm;Teizm
Tradycje i Religie;Religie Afryki i Ameryk;trudne;Kto w wierzeniach Azteków był "Pierzastym Wężem", bogiem wiatru i wiedzy?;Quetzalcoatl;Huitzilopochtli;Tezcatlipoca;Tlaloc
Tradycje i Religie;Religie Afryki i Ameryk;trudne;Jak nazywa się religia synkretyczna powstała na Karaibach, łącząca katolicyzm z wierzeniami afrykańskimi?;Voodoo;Hinduizm;Sintoizm;Judaizm
Tradycje i Religie;Religie Afryki i Ameryk;trudne;Czym jest totem w wierzeniach ludów pierwotnych?;Symbolem pokrewieństwa grupy z istotą mityczną;Narzędziem tortur;Rodzajem broni;Ozdobą stroju
Tradycje i Religie;Religie Afryki i Ameryk;bardzo trudne;Jak nazywa się bóstwo najwyższe w mitologii Jorubów (Afryka Zachodnia)?;Olodumare;Eshu;Shango;Ogun
Tradycje i Religie;Religie Afryki i Ameryk;bardzo trudne;W mitologii Inków, kto był stwórcą świata, który wyłonił się z jeziora Titicaca?;Wirakocza;Pachacamac;Mama Quilla;Manco Capac
Tradycje i Religie;Religie Afryki i Ameryk;bardzo trudne;Jak nazywa się rytualna gra w piłkę Majów, mająca wymiar religijny?;Pok-ta-pok;Ulama;Pelota;Tlachtli
Tradycje i Religie;Religie Afryki i Ameryk;bardzo trudne;Jak nazywają się lalki duchów w religii Indian Hopi i Zuni?;Kaczyny;Manitu;Totemy;Laleczki voodoo
Tradycje i Religie;Chrześcijaństwo;łatwe;Który zakon powstał w ramach kontrreformacji, by edukować i walczyć z herezją?;Jezuici;Franciszkanie;Dominikanie;Benedyktyni
Tradycje i Religie;Chrześcijaństwo;łatwe;Jak nazywał się dokument, w którym Marcin Luter skrytykował sprzedaż odpustów?;95 tez;Edykt nantejski;Konfesja augsburska;Złota Bulla
Tradycje i Religie;Chrześcijaństwo;trudne;Który reformator działał w Genewie i stworzył doktrynę o predestynacji?;Jan Kalwin;Ulrich Zwingli;Filip Melanchton;Jan Hus
Tradycje i Religie;Chrześcijaństwo;trudne;Jak nazywa się kościół państwowy w Anglii, utworzony przez Henryka VIII?;Anglikanizm;Metodyzm;Prezbiterianizm;Baptyzm
Tradycje i Religie;Chrześcijaństwo;trudne;W którym roku podpisano pokój augsburski (zasada "czyj kraj, tego religia")?;1555;1517;1598;1618
Tradycje i Religie;Chrześcijaństwo;trudne;Jak nazywali się francuscy kalwiniści, prześladowani w XVI wieku?;Hugenoci;Purytanie;Arianie;Anabaptyści
Tradycje i Religie;Chrześcijaństwo;bardzo trudne;Który sobór katolicki (1545-1563) sformułował program kontrreformacji?;Sobór Trydencki;Sobór Florencki;Sobór Watykański I;Sobór w Konstancji
Tradycje i Religie;Chrześcijaństwo;bardzo trudne;Jak nazywała się radykalna grupa reformacyjna w Polsce, znana z pacyfizmu i negowania Trójcy Świętej?;Bracia Polscy (arianie);Bracia Czescy;Luteranie;Gedeonici
Tradycje i Religie;Chrześcijaństwo;bardzo trudne;Który dokument z 1534 roku ogłosił Henryka VIII głową Kościoła w Anglii?;Akt Supremacji;Akt Tolerancyjny;Wielka Karta Swobód;Statut z Westminsteru
Tradycje i Religie;Chrześcijaństwo;bardzo trudne;Kto był autorem "Institutio christianae religionis", głównego dzieła kalwinizmu?;Jan Kalwin;Marcin Luter;Teodor Beza;John Knox
Tradycje i Religie;Bogowie Starożytnego Egiptu i Mezopotamii;łatwe;Jak nazywała się babilońska bogini miłości, wojny i płodności?;Isztar;Tiamat;Ninhursag;Eriszkigal
Tradycje i Religie;Bogowie Starożytnego Egiptu i Mezopotamii;łatwe;Jak nazywały się schodkowe wieże świątynne budowane w Sumerze i Babilonii?;Zigguraty;Mastaby;Pagody;Obeliski
Tradycje i Religie;Bogowie Starożytnego Egiptu i Mezopotamii;trudne;Jak nazywał się babiloński bóg słońca i sprawiedliwości?;Szamasz;Marduk;Enlil;Anu
Tradycje i Religie;Bogowie Starożytnego Egiptu i Mezopotamii;trudne;Kto był głównym bogiem panteonu babilońskiego, zwycięzcą Tiamat?;Marduk;Gilgamesz;Ea;Nabu
Tradycje i Religie;Bogowie Starożytnego Egiptu i Mezopotamii;trudne;Jak nazywał się legendarny król Uruk, bohater najstarszego eposu świata?;Gilgamesz;Sargon;Hammurabi;Gudea
Tradycje i Religie;Bogowie Starożytnego Egiptu i Mezopotamii;trudne;Jak nazywało się podziemne królestwo zmarłych w mitologii sumeryjskiej?;Irkalla;Kur;Duat;Hades
Tradycje i Religie;Bogowie Starożytnego Egiptu i Mezopotamii;bardzo trudne;Jak nazywał się sumeryjski bóg wód słodkich i mądrości?;Enki;Enlil;An;Nannar
Tradycje i Religie;Bogowie Starożytnego Egiptu i Mezopotamii;bardzo trudne;Jak nazywała się bogini, siostra Isztar, władczyni krainy zmarłych?;Eriszkigal;Baszt;Aruru;Tiamat
Tradycje i Religie;Bogowie Starożytnego Egiptu i Mezopotamii;bardzo trudne;Który król asyryjski stworzył w Niniwie ogromną bibliotekę tabliczek klinowych?;Asurbanipal;Sargon II;Sennacheryb;Asarhaddon
Tradycje i Religie;Bogowie Starożytnego Egiptu i Mezopotamii;bardzo trudne;Jak nazywał się bóg księżyca w mitologii sumeryjskiej, czczony szczególnie w Ur?;Nannar (Sin);Utu;Ningirsu;Nergal
Tradycje i Religie;Religie Afryki i Ameryk;łatwe;Który lud czcił boga słońca Inti i budował Machu Picchu?;Inkowie;Majowie;Aztekowie;Toltekowie
Tradycje i Religie;Religie Afryki i Ameryk;łatwe;Jak nazywała się stolica państwa Azteków?;Tenochtitlán;Cuzco;Chichén Itzá;Tikal
Tradycje i Religie;Religie Afryki i Ameryk;trudne;Kto w mitologii Azteków był bogiem wiatru i nieba, przedstawianym jako Pierzasty Wąż?;Quetzalcoatl;Huitzilopochtli;Tlaloc;Tezcatlipoca
Tradycje i Religie;Religie Afryki i Ameryk;trudne;Jak nazywały się kipu używane przez Inków?;Sznurkowe pismo węzełkowe;Kamienne tablice;Hieroglify;Złote maski
Tradycje i Religie;Religie Afryki i Ameryk;trudne;Który lud jako jedyny w Ameryce stworzył w pełni rozwinięte pismo ideograficzno-fonetyczne?;Majowie;Inkowie;Aztekowie;Olmekowie
Tradycje i Religie;Religie Afryki i Ameryk;trudne;Jak nazywał się bóg deszczu u Azteków, wymagający ofiar z dzieci?;Tlaloc;Centeotl;Mictlantecuhtli;Xipe Totec
Tradycje i Religie;Religie Afryki i Ameryk;bardzo trudne;Jak nazywa się święta księga Majów Quiché, opisująca stworzenie świata?;Popol Vuh;Chilam Balam;Codex Mendoza;Ollantay
Tradycje i Religie;Religie Afryki i Ameryk;bardzo trudne;Kim był Viracocha w mitologii Inków?;Bogiem stwórcą;Bogiem wojny;Bogiem rolnictwa;Pierwszym królem
Tradycje i Religie;Religie Afryki i Ameryk;bardzo trudne;Jak nazywała się u Azteków "Góra Świątynna" w centrum stolicy, miejsce krwawych ofiar?;Templo Mayor;Piramida Słońca;Piramida Księżyca;El Castillo
Tradycje i Religie;Religie Afryki i Ameryk;bardzo trudne;Który lud był znany z tworzenia gigantycznych kamiennych głów?;Olmekowie;Zapotekowie;Mistekowie;Totonacy
Tradycje i Religie;Buddyzm i Hinduizm;łatwe;Jak nazywa się stan wyzwolenia z cyklu narodzin i śmierci w buddyzmie?;Nirwana;Karma;Dharma;Maja
Tradycje i Religie;Buddyzm i Hinduizm;łatwe;Która rzeka w Indiach jest uważana za świętą przez wyznawców hinduizmu?;Ganges;Indus;Brahmaputra;Narmada
Tradycje i Religie;Buddyzm i Hinduizm;trudne;Jak nazywa się system podziału społecznego w hinduizmie oparty na urodzeniu?;Kasty (Warny);Feudalizm;Stany;Gildie
Tradycje i Religie;Buddyzm i Hinduizm;trudne;Kto jest uważany za historycznego twórcę buddyzmu?;Siddhartha Gautama;Mahawira;Brahma;Wisznu
Tradycje i Religie;Buddyzm i Hinduizm;trudne;Jak nazywa się w hinduizmie prawo przyczyny i skutku decydujące o przyszłym wcieleniu?;Karma;Moksza;Jogin;Samsara
Tradycje i Religie;Buddyzm i Hinduizm;trudne;Który z bogów hinduistycznych jest przedstawiany z głową słonia?;Ganeśa;Śiwa;Kriszna;Indra
Tradycje i Religie;Buddyzm i Hinduizm;bardzo trudne;Jak nazywają się najstarsze święte teksty hinduizmu?;Wedy;Purany;Sutry;Agamy
Tradycje i Religie;Buddyzm i Hinduizm;bardzo trudne;Który odłam buddyzmu dominuje na Sri Lance i w Tajlandii?;Theravada;Mahajana;Wadżrajana;Zen
Tradycje i Religie;Buddyzm i Hinduizm;bardzo trudne;Jak nazywa się filozoficzna część Wed, traktująca o naturze rzeczywistości i Atmanie?;Upanišady;Bhagawadgita;Ramajana;Mahabharata
Tradycje i Religie;Buddyzm i Hinduizm;bardzo trudne;Która religia indyjska głosi zasadę "ahinsy" (niekrzywdzenia) tak rygorystycznie, że jej wyznawcy zamiatają drogę przed sobą?;Dżinizm;Sikhizm;Zaratusztrianizm;Ajurweda
Tradycje i Religie;Islam;łatwe;Jak nazywa się święta księga islamu?;Koran;Biblia;Tora;Wedy
Tradycje i Religie;Islam;łatwe;W którym mieście urodził się prorok Mahomet?;Mekka;Medyna;Jerozolima;Damaszek
Tradycje i Religie;Islam;trudne;Ile wynosi liczba "filarów islamu"?;5;3;7;10
Tradycje i Religie;Islam;trudne;Jak nazywa się muzułmański post w dziewiątym miesiącu kalendarza?;Ramadan;Pascha;Szabat;Bajram
Tradycje i Religie;Islam;trudne;Który odłam islamu jest najliczniejszy na świecie?;Sunnizm;Szyizm;Sufizm;Wahhabizm
Tradycje i Religie;Islam;trudne;Jak nazywa się wieża przy meczecie, z której nawołuje się do modlitwy?;Minaret;Mihrab;Kopuła;Arkada
Tradycje i Religie;Islam;bardzo trudne;Jak nazywa się ucieczka Mahometa z Mekki do Medyny w 622 roku?;Hidżra;Hadżdż;Zakat;Salat
Tradycje i Religie;Islam;bardzo trudne;Który kalif był zięciem Mahometa i jest centralną postacią dla szyitów?;Ali;Abu Bakr;Umar;Osman
Tradycje i Religie;Islam;bardzo trudne;Jak nazywa się zbiór opowieści o życiu Mahometa, stanowiący uzupełnienie Koranu?;Sunna (Hadisy);Szariat;Fatwa;Fikh
Tradycje i Religie;Islam;bardzo trudne;Czym w architekturze meczetu jest mihrab?;Niszą wskazującą kierunek Mekki;Amboną do kazań;Dziedzińcem;Fontanną do ablucji
Tradycje i Religie;Chrześcijaństwo;łatwe;Jak nazywa się święta księga chrześcijaństwa, dzieląca się na Stary i Nowy Testament?;Biblia;Koran;Tora;Talmud
Tradycje i Religie;Chrześcijaństwo;trudne;Jak nazywa się największy odłam chrześcijaństwa na świecie pod względem liczby wyznawców?;Kościół katolicki;Prawosławie;Protestantyzm;Anglikanizm
Tradycje i Religie;Chrześcijaństwo;trudne;Jak nazywa się wydarzenie z XVI wieku zapoczątkowane przez Marcina Lutra, które doprowadziło do podziału zachodniego chrześcijaństwa?;Reformacja;Kontrreformacja;Sobór trydencki;Wielka Schizma
Tradycje i Religie;Chrześcijaństwo;bardzo trudne;Jak nazywa się rozłam z 1054 roku, w wyniku którego chrześcijaństwo podzieliło się na Kościół katolicki i prawosławny?;Wielka Schizma Wschodnia;Reformacja;Schizma zachodnia;Sobór nicejski
Tradycje i Religie;Chrześcijaństwo;bardzo trudne;Jak nazywa się dokument, w którym Marcin Luter w 1517 roku sformułował zarzuty wobec Kościoła katolickiego, przybity podobno do drzwi kościoła w Wittenberdze?;95 tez;Confessio Augustana;Bulla papieska;Edykt wormacki
Tradycje i Religie;Biblia;łatwe;Jak nazywa się pierwsza część Biblii, wspólna dla chrześcijan i żydów?;Stary Testament;Nowy Testament;Talmud;Apokryfy
Tradycje i Religie;Biblia;trudne;Jak nazywają się cztery księgi Nowego Testamentu opisujące życie i nauczanie Jezusa?;Ewangelie;Listy apostolskie;Dzieje Apostolskie;Apokalipsa
Tradycje i Religie;Biblia;trudne;Jak nazywa się ostatnia księga Nowego Testamentu, zawierająca proroctwa o końcu świata, autorstwa św. Jana?;Apokalipsa;Dzieje Apostolskie;List do Rzymian;Ewangelia Jana
Tradycje i Religie;Biblia;bardzo trudne;Jak nazywają się teksty religijne związane z Biblią, które nie zostały włączone do oficjalnego kanonu?;Apokryfy;Pseudoepigrafy;Talmud;Midrasz
Tradycje i Religie;Biblia;bardzo trudne;Jak nazywa się starożytny zbiór zwojów odnalezionych w Qumran w latach 1947-1956, zawierających najstarsze znane kopie tekstów biblijnych?;Zwoje znad Morza Martwego;Kodeks Synajski;Septuaginta;Wulgata
Tradycje i Religie;Islam;trudne;Jak nazywa się miasto w Arabii Saudyjskiej, najświętsze miejsce islamu, cel corocznej pielgrzymki hadżdż?;Mekka;Medyna;Jerozolima;Rijad
Tradycje i Religie;Islam;trudne;Jak nazywa się pięć podstawowych obowiązków religijnych muzułmanina, filary jego wiary?;Pięć filarów islamu;Dziesięć przykazań;Ośmioraka ścieżka;Trzy klejnoty
Tradycje i Religie;Islam;bardzo trudne;Jak nazywa się święty budynek w Mekce, w kierunku którego zwracają się muzułmanie podczas modlitwy?;Al-Kaaba;Meczet Al-Aksa;Meczet Proroka;Kopuła na Skale
Tradycje i Religie;Islam;bardzo trudne;Jak nazywają się dwa główne odłamy islamu, powstałe po sporze o sukcesję po śmierci Mahometa?;Sunnizm i szyizm;Sufizm i wahhabizm;Salafizm i sufizm;Ismailizm i alawizm
Tradycje i Religie;Judaizm;łatwe;Jak nazywa się święta księga judaizmu, pierwsze pięć ksiąg Biblii hebrajskiej?;Tora;Talmud;Koran;Kabała
Tradycje i Religie;Judaizm;trudne;Jak nazywa się żydowskie miejsce modlitwy i zgromadzeń religijnych?;Synagoga;Meczet;Kościół;Świątynia
Tradycje i Religie;Judaizm;bardzo trudne;Jak nazywa się zbiór żydowskich komentarzy i interpretacji prawa religijnego, uzupełniający Torę?;Talmud;Miszna;Kabała;Midrasz
Tradycje i Religie;Judaizm;bardzo trudne;Jak nazywa się żydowski mistycyzm, system ezoterycznej interpretacji Tory, rozwijany od średniowiecza?;Kabała;Talmud;Halacha;Miszna
Tradycje i Religie;Buddyzm i Hinduizm;łatwe;Jak nazywa się założyciel buddyzmu, indyjski książę, który osiągnął oświecenie?;Siddhartha Gautama;Konfucjusz;Mahawira;Lao-Tsy
Tradycje i Religie;Buddyzm i Hinduizm;trudne;Jak nazywa się stan pełnego wyzwolenia z cyklu narodzin i śmierci w buddyzmie, cel duchowych dążeń?;Nirwana;Karma;Samsara;Dharma
Tradycje i Religie;Buddyzm i Hinduizm;trudne;Jak nazywa się hinduistyczny bóg z trójcy głównych bóstw, odpowiedzialny za niszczenie i przekształcanie świata?;Śiwa;Wisznu;Brahma;Ganesh
Tradycje i Religie;Buddyzm i Hinduizm;bardzo trudne;Jak nazywa się ośmioetapowa ścieżka wskazana przez Buddę, prowadząca do zakończenia cierpienia?;Szlachetna Ośmioraka Ścieżka;Cztery Szlachetne Prawdy;Pięć Filarów;Dziesięć Przykazań
Tradycje i Religie;Buddyzm i Hinduizm;bardzo trudne;Jak nazywa się hinduistyczny system filozoficzny i praktyka duchowa mająca na celu zjednoczenie ciała, umysłu i ducha, obejmująca m.in. asany?;Joga;Ajurweda;Tantra;Wedanta
Tradycje i Religie;Religie Azji Wschodniej;łatwe;Jak nazywa się chińska filozofia i system etyczny stworzony przez Konfucjusza, kładący nacisk na harmonię społeczną?;Konfucjanizm;Taoizm;Legizm;Moizm
Tradycje i Religie;Religie Azji Wschodniej;trudne;Jak nazywa się chińska filozofia/religia oparta na koncepcji "Tao", której twórcą miał być Lao-Tsy?;Taoizm;Konfucjanizm;Buddyzm;Legizm
Tradycje i Religie;Religie Azji Wschodniej;trudne;Jak nazywa się japońska rdzenna religia, oparta na czci duchów natury i przodków?;Shinto;Buddyzm;Taoizm;Konfucjanizm
Tradycje i Religie;Religie Azji Wschodniej;bardzo trudne;Jak nazywa się chińska księga wróżebna, jedna z najstarszych ksiąg klasycznych, wykorzystująca heksagramy?;I Ching;Tao Te King;Analekty;Zhuangzi
Tradycje i Religie;Religie Azji Wschodniej;bardzo trudne;Jak nazywa się japoński mityczny pierwszy cesarz, uznawany za potomka bogini słońca Amaterasu?;Jimmu;Meiji;Hirohito;Susanoo
Tradycje i Religie;Mitologia Grecka i Rzymska;łatwe;Jak nazywał się grecki bóg wojny, rzymski odpowiednik Marsa?;Ares;Hermes;Hefajstos;Apollo
Tradycje i Religie;Mitologia Grecka i Rzymska;trudne;Jak nazywała się grecka bogini mądrości, patronka Aten, córka Zeusa zrodzona z jego głowy?;Atena;Hera;Afrodyta;Artemida
Tradycje i Religie;Mitologia Grecka i Rzymska;trudne;Jak nazywał się rzymski odpowiednik greckiego Zeusa, władca bogów i nieba?;Jowisz;Neptun;Pluton;Mars
Tradycje i Religie;Mitologia Grecka i Rzymska;bardzo trudne;Jak nazywał się grecki bohater, który wykonał dwanaście prac zleconych przez Eurysteusza, w tym zabicie Hydry Lernejskiej?;Herakles;Tezeusz;Perseusz;Jazon
Tradycje i Religie;Mitologia Grecka i Rzymska;bardzo trudne;Jak nazywała się rzeka w Hadesie, przez którą Charon przewoził dusze zmarłych?;Styks;Acheron;Lete;Kokytos
Tradycje i Religie;Mitologia Nordycka i Słowiańska;łatwe;Jak nazywał się główny bóg w mitologii nordyckiej, władca Asgardu, ojciec Thora?;Odyn;Thor;Loki;Baldur
Tradycje i Religie;Mitologia Nordycka i Słowiańska;trudne;Jak nazywa się nordycka sala poległych wojowników, rządzona przez Odyna?;Walhalla;Asgard;Midgard;Niflheim
Tradycje i Religie;Mitologia Nordycka i Słowiańska;trudne;Jak nazywał się słowiański bóg piorunów i wojny, odpowiednik nordyckiego Thora?;Perun;Świętowit;Weles;Dadźbóg
Tradycje i Religie;Mitologia Nordycka i Słowiańska;bardzo trudne;Jak nazywa się w mitologii nordyckiej ostateczna bitwa bogów, prowadząca do zniszczenia i odrodzenia świata?;Ragnarok;Valhalla;Yggdrasil;Fimbulwinter
Tradycje i Religie;Mitologia Nordycka i Słowiańska;bardzo trudne;Jak nazywał się słowiański bóg podziemi, bydła i magii, przeciwstawiany Perunowi?;Weles;Świętowit;Dadźbóg;Strzybóg
Tradycje i Religie;Mitologie Świata;łatwe;Jak nazywa się zbiór opowieści i wierzeń o bogach i bohaterach danej kultury?;Mitologia;Teologia;Filozofia;Historiografia
Tradycje i Religie;Mitologie Świata;trudne;Jak nazywa się mitologia opowiadająca o bogach i stworzeniu świata, spisana w Eddzie poetyckiej i prozaicznej?;Mitologia nordycka;Mitologia celtycka;Mitologia słowiańska;Mitologia germańska
Tradycje i Religie;Mitologie Świata;trudne;Jak nazywa się mitologia rdzennych mieszkańców Ameryki Środkowej, opowiadająca o bogu Quetzalcoatlu?;Mitologia aztecka;Mitologia Majów;Mitologia Inków;Mitologia Olmeków
Tradycje i Religie;Mitologie Świata;bardzo trudne;Jak nazywa się święta księga mitologii Majów, opisująca stworzenie świata i dzieje bohaterów-bliźniaków?;Popol Vuh;Chilam Balam;Codex Borgia;Codex Mendoza
Tradycje i Religie;Mitologie Świata;bardzo trudne;Jak nazywa się celtycki bóg płodności i dobrobytu, znany z posągu na kotle z Gundestrup?;Cernunnos;Lugh;Dagda;Belenus
Tradycje i Religie;Bogowie Starożytnego Egiptu i Mezopotamii;łatwe;Jak nazywa się egipski bóg słońca, jedno z najważniejszych bóstw egipskiego panteonu?;Ra;Ozyrys;Anubis;Horus
Tradycje i Religie;Bogowie Starożytnego Egiptu i Mezopotamii;trudne;Jak nazywa się egipski bóg zmarłych i mumifikacji, przedstawiany z głową szakala?;Anubis;Ozyrys;Horus;Set
Tradycje i Religie;Bogowie Starożytnego Egiptu i Mezopotamii;trudne;Jak nazywa się mezopotamski bóg burzy, władca bogów w panteonie babilońskim?;Marduk;Enlil;Enki;Anu
Tradycje i Religie;Bogowie Starożytnego Egiptu i Mezopotamii;bardzo trudne;Jak nazywa się sumeryjski epos o legendarnym królu Uruk poszukującym nieśmiertelności, jedno z najstarszych dzieł literatury świata?;Epos o Gilgameszu;Enuma Elisz;Atrahasis;Kodeks Hammurabiego
Tradycje i Religie;Bogowie Starożytnego Egiptu i Mezopotamii;bardzo trudne;Jak nazywa się egipska bogini nieba, przedstawiana jako kobieta z ciałem pokrytym gwiazdami, wygięta nad ziemią?;Nut;Izyda;Hathor;Sechmet
Tradycje i Religie;Religie Afryki i Ameryk;łatwe;Jak nazywa się religia synkretyczna z Karaibów, łącząca wierzenia afrykańskie z katolicyzmem, znana m.in. z Haiti?;Voodoo;Santeria;Candomblé;Rastafarianizm
Tradycje i Religie;Religie Afryki i Ameryk;trudne;Jak nazywa się afro-brazylijska religia synkretyczna, łącząca wierzenia joruba z katolicyzmem?;Candomblé;Voodoo;Santeria;Umbanda
Tradycje i Religie;Religie Afryki i Ameryk;trudne;Jak nazywa się religijny i kulturowy ruch jamajski, czczący Haile Selassie, znany z muzyki reggae?;Rastafarianizm;Voodoo;Candomblé;Santeria
Tradycje i Religie;Religie Afryki i Ameryk;bardzo trudne;Jak nazywa się afro-kubańska religia synkretyczna, łącząca wierzenia joruba z katolicyzmem, praktykowana głównie na Kubie?;Santeria;Candomblé;Voodoo;Umbanda
Tradycje i Religie;Religie Afryki i Ameryk;bardzo trudne;Jak nazywa się najwyższy bóg w religii ludu Joruba w Afryce Zachodniej, stwórca świata?;Olodumare;Shango;Ogun;Eshu
Tradycje i Religie;Religie Świata - Przegląd;łatwe;Ile jest głównych religii monoteistycznych wywodzących się z tradycji abrahamowej?;3;2;4;5
Tradycje i Religie;Religie Świata - Przegląd;trudne;Jak nazywa się nauka zajmująca się badaniem religii jako zjawiska społecznego i kulturowego?;Religioznawstwo;Teologia;Antropologia;Socjologia
Tradycje i Religie;Religie Świata - Przegląd;trudne;Jak nazywa się największa religia świata pod względem liczby wyznawców?;Chrześcijaństwo;Islam;Hinduizm;Buddyzm
Tradycje i Religie;Religie Świata - Przegląd;bardzo trudne;Jak nazywa się religia monoteistyczna założona w Persji przez Zaratustrę, wciąż praktykowana przez Parsów w Indiach?;Zaratusztrianizm;Mitraizm;Manicheizm;Mandeizm
Tradycje i Religie;Religie Świata - Przegląd;bardzo trudne;Jak nazywa się nowa religia monoteistyczna założona w XIX wieku w Persji przez Baháʼu'lláha, głosząca jedność religii?;Baháʼí;Sikhizm;Zaratusztrianizm;Jainizm
Tradycje i Religie;Budownictwo Sakralne;łatwe;Jak nazywa się chrześcijańska budowla sakralna, główny kościół diecezji, siedziba biskupa?;Katedra;Kaplica;Klasztor;Bazylika
Tradycje i Religie;Budownictwo Sakralne;trudne;Jak nazywa się buddyjska budowla sakralna w kształcie kopuły lub wieży, zawierająca relikwie?;Stupa;Pagoda;Wat;Ashram
Tradycje i Religie;Budownictwo Sakralne;trudne;Jak nazywa się hinduistyczna świątynia, miejsce kultu bóstw hinduskich?;Mandir;Stupa;Wat;Gurudwara
Tradycje i Religie;Budownictwo Sakralne;bardzo trudne;Jak nazywa się miejsce kultu sikhijskiego, gdzie przechowywana jest święta księga Guru Granth Sahib?;Gurudwara;Mandir;Stupa;Ashram
Tradycje i Religie;Budownictwo Sakralne;bardzo trudne;Jak nazywa się japońska świątynia shintoistyczna, poprzedzona charakterystyczną bramą torii?;Jinja;Wat;Pagoda;Stupa
Tradycje i Religie;Obrzędy i Zwyczaje Ludowe;łatwe;Jak nazywa się polski zwyczaj palenia kukły zimy, symbolizujący pożegnanie zimy i powitanie wiosny?;Topienie Marzanny;Andrzejki;Kupała;Dziady
Tradycje i Religie;Obrzędy i Zwyczaje Ludowe;trudne;Jak nazywa się słowiańskie i polskie święto przesilenia letniego, obchodzone w noc z 23 na 24 czerwca?;Noc Kupały;Andrzejki;Dziady;Zapusty
Tradycje i Religie;Obrzędy i Zwyczaje Ludowe;trudne;Jak nazywa się polski zwyczaj wróżb w nocy z 29 na 30 listopada, popularny wśród panien wróżących zamążpójście?;Andrzejki;Kupała;Dziady;Zapusty
Tradycje i Religie;Obrzędy i Zwyczaje Ludowe;bardzo trudne;Jak nazywa się słowiański obrzęd ku czci zmarłych przodków, opisany przez Adama Mickiewicza w dramacie o tym tytule?;Dziady;Kupała;Andrzejki;Zaduszki
Tradycje i Religie;Obrzędy i Zwyczaje Ludowe;bardzo trudne;Jak nazywa się okres karnawału poprzedzający Wielki Post w Polsce, kończący się we wtorek przed Popielcem?;Zapusty;Andrzejki;Kupała;Adwent
Tradycje i Religie;Wierzenia i Zabobony;łatwe;Co według popularnego zabobonu przynosi pecha, jeśli się je rozbije?;Lustro;Talerz;Szklankę;Wazon
Tradycje i Religie;Wierzenia i Zabobony;trudne;Jaka liczba uznawana jest w wielu kulturach zachodnich za pechową, szczególnie w połączeniu z piątkiem?;13;7;4;666
Tradycje i Religie;Wierzenia i Zabobony;trudne;Jakie zwierzę, według popularnego zabobonu, przynosi pecha, gdy przebiegnie drogę?;Czarny kot;Czarny pies;Kruk;Sowa
Tradycje i Religie;Wierzenia i Zabobony;bardzo trudne;Jaka liczba uznawana jest w Japonii za pechową ze względu na podobne brzmienie do słowa "śmierć"?;4;9;13;8
Tradycje i Religie;Wierzenia i Zabobony;bardzo trudne;Jak nazywa się słowiańskie wierzenie o istocie zamieszkującej domowe zacisza, opiekującej się domem, jeśli jest dobrze traktowana?;Domowik;Skrzat;Karzeł;Zmora
Tradycje i Religie;Święta Bożego Narodzenia i Wielkanoc;łatwe;Jak nazywa się tradycyjna polska wieczerza wigilijna spożywana 24 grudnia?;Wigilia;Pasterka;Szczodry Wieczór;Gwiazdka
Tradycje i Religie;Święta Bożego Narodzenia i Wielkanoc;trudne;Ile tradycyjnie dań powinno znaleźć się na polskim stole wigilijnym?;12;7;9;13
Tradycje i Religie;Święta Bożego Narodzenia i Wielkanoc;trudne;Jak nazywa się polska tradycja wielkanocna polegająca na oblewaniu się wodą w poniedziałek wielkanocny?;Śmigus-dyngus;Święconka;Rezurekcja;Palma wielkanocna
Tradycje i Religie;Święta Bożego Narodzenia i Wielkanoc;bardzo trudne;Jak nazywa się opłatek dzielony tradycyjnie przez rodzinę podczas wieczerzy wigilijnej?;Opłatek;Hostia;Prosphora;Chleb wigilijny
Tradycje i Religie;Święta Bożego Narodzenia i Wielkanoc;bardzo trudne;Jak nazywa się msza odprawiana w nocy z 24 na 25 grudnia, tuż po północy, upamiętniająca narodziny Jezusa?;Pasterka;Rezurekcja;Nieszpory;Jutrznia
Tradycje i Religie;Święta w Innych Kulturach;łatwe;Jak nazywa się żydowskie święto świateł, obchodzone przez osiem dni, upamiętniające ponowne poświęcenie Świątyni Jerozolimskiej?;Chanuka;Pesach;Purim;Sukot
Tradycje i Religie;Święta w Innych Kulturach;trudne;Jak nazywa się hinduskie i sikhijskie święto świateł, obchodzone jesienią, symbolizujące zwycięstwo dobra nad złem?;Diwali;Holi;Navratri;Dasera
Tradycje i Religie;Święta w Innych Kulturach;trudne;Jak nazywa się chiński Nowy Rok, obchodzony według kalendarza księżycowego, na przełomie stycznia i lutego?;Chiński Nowy Rok;Święto Latarni;Święto Smoczych Łodzi;Święto Środka Jesieni
Tradycje i Religie;Święta w Innych Kulturach;bardzo trudne;Jak nazywa się meksykańskie święto upamiętniające zmarłych, obchodzone 1-2 listopada, znane z kolorowych czaszek?;Dzień Zmarłych;Halloween;Wszystkich Świętych;Zaduszki
Tradycje i Religie;Święta w Innych Kulturach;bardzo trudne;Jak nazywa się hinduskie święto kolorów, obchodzone wiosną, podczas którego uczestnicy obrzucają się kolorowym proszkiem?;Holi;Diwali;Navratri;Dasera
Tradycje i Religie;Chrześcijaństwo;łatwe;Jak nazywa się sakrament pokuty, podczas którego wierny wyznaje grzechy księdzu?;spowiedź (sakrament pokuty);bierzmowanie;komunia;namaszczenie chorych
Tradycje i Religie;Chrześcijaństwo;trudne;Jak nazywa się główna modlitwa chrześcijańska, nauczona przez Jezusa uczniom, zaczynająca się od słów "Ojcze nasz"?;Modlitwa Pańska;Skład Apostolski;Zdrowaś Maryjo;Anioł Pański
Tradycje i Religie;Chrześcijaństwo;trudne;Jak nazywa się okres 40 dni pokuty i przygotowania przed Wielkanocą w kalendarzu liturgicznym?;Wielki Post;Adwent;Triduum Paschalne;Oktawa Wielkanocy
Tradycje i Religie;Chrześcijaństwo;bardzo trudne;Który sobór ekumeniczny w 431 roku ogłosił Maryję "Theotokos" (Bogurodzicą), potępiając nestorianizm?;Sobór Efeski;Sobór Nicejski;Sobór Chalcedoński;Sobór Konstantynopolitański
Tradycje i Religie;Chrześcijaństwo;bardzo trudne;Jak nazywał się rzymski cesarz, który w 380 roku (edykt tesaloński) uczynił chrześcijaństwo religią państwową Cesarstwa Rzymskiego?;Teodozjusz Wielki;Konstantyn Wielki;Justynian I;Julian Apostata
Tradycje i Religie;Biblia;łatwe;Jak nazywa się druga część Biblii, opisująca życie, nauczanie, śmierć i zmartwychwstanie Jezusa Chrystusa?;Nowy Testament;Stary Testament;Talmud;Apokryfy
Tradycje i Religie;Biblia;trudne;Jak nazywał się syn Jakuba, sprzedany przez braci do niewoli w Egipcie, gdzie później został wysoko postawionym urzędnikiem?;Józef;Beniamin;Ruben;Juda
Tradycje i Religie;Biblia;trudne;Jak nazywała się żona Abrahama, matka Izaaka, uznawana za jedną z matriarchiń biblijnych?;Sara;Rebeka;Rachela;Lea
Tradycje i Religie;Biblia;bardzo trudne;Jak nazywał się prorok, który został połknięty przez wielką rybę, gdy próbował uciec przed misją głoszenia w Niniwie?;Jonasz;Eliasz;Jeremiasz;Ezechiel
Tradycje i Religie;Biblia;bardzo trudne;Ile lat, według Księgi Rodzaju i Wyjścia, trwała wędrówka Izraelitów po pustyni, zanim dotarli do Ziemi Obiecanej?;40 lat;20 lat;70 lat;100 lat
Tradycje i Religie;Islam;łatwe;Jak nazywa się modlitwa muzułmańska, odmawiana pięć razy dziennie?;salat (salah);zakat;sawm;szahada
Tradycje i Religie;Islam;trudne;Jak nazywa się jałmużna, obowiązkowy podatek religijny na rzecz biednych, będący jednym z pięciu filarów islamu?;zakat;salat;hadżdż;sawm
Tradycje i Religie;Islam;trudne;Jak nazywa się święto kończące ramadan, obchodzone ucztą po zakończeniu miesiąca postu?;Id al-Fitr;Id al-Adha;Laylat al-Qadr;Mawlid
Tradycje i Religie;Islam;bardzo trudne;Jak nazywa się święto ofiarowania w islamie, obchodzone pod koniec pielgrzymki hadżdż, upamiętniające gotowość Ibrahima do złożenia w ofierze syna?;Id al-Adha;Id al-Fitr;Aszura;Mawlid
Tradycje i Religie;Islam;bardzo trudne;Jak nazywa się drugie po Mekce najświętsze miasto islamu, gdzie znajduje się grób proroka Mahometa?;Medyna;Jerozolima;Damaszek;Bagdad
Tradycje i Religie;Judaizm;łatwe;Jak nazywa się żydowski rytuał obrzezania chłopca, odbywany ósmego dnia po narodzinach?;brit mila (obrzezanie);kidusz;brit bat;szabat
Tradycje i Religie;Judaizm;trudne;Jak nazywa się żydowskie święto upamiętniające budowę szałasów podczas wędrówki przez pustynię, obchodzone jesienią?;Sukot;Purim;Szawuot;Tu bi-Szwat
Tradycje i Religie;Judaizm;trudne;Jak nazywa się osoba prowadząca modlitwy i śpiewy liturgiczne w synagodze?;kantor (chazzan);rabin;rebe;gabaj
Tradycje i Religie;Judaizm;bardzo trudne;Jak nazywa się żydowskie prawo dietetyczne, określające, które pokarmy są dozwolone (koszerne)?;kaszrut;halacha;Talmud;Miszna
Tradycje i Religie;Judaizm;bardzo trudne;Jak nazywał się starożytny żydowski ruch religijno-polityczny z I wieku n.e., dążący do zbrojnego wypędzenia Rzymian z Judei?;zeloci;faryzeusze;saduceusze;esseńczycy
Tradycje i Religie;Buddyzm i Hinduizm;łatwe;Jak nazywa się pozycja siedząca ze skrzyżowanymi nogami, stosowana podczas medytacji w buddyzmie i jodze?;pozycja lotosu;pozycja psa z głową w dół;mudra;asana wojownika
Tradycje i Religie;Buddyzm i Hinduizm;trudne;Jak nazywa się mnich buddyjski, który zrezygnował z życia świeckiego i przestrzega surowych zasad ascezy?;mnich (bhikkhu);guru;brahmin;sadhu
Tradycje i Religie;Buddyzm i Hinduizm;trudne;Jak nazywa się tybetańska mantra, uważana za jedną z najświętszych, brzmiąca "Om Mani Padme Hum"?;mantra "Om Mani Padme Hum";mantra Gayatri;mantra Hare Kryszna;sutra serca
Tradycje i Religie;Buddyzm i Hinduizm;bardzo trudne;Jak nazywa się pierwszy sobór buddyjski, zwołany krótko po śmierci Buddy w celu spisania jego nauk?;Pierwszy Sobór Buddyjski w Radźagryha;Drugi Sobór Buddyjski w Wajśali;Trzeci Sobór Buddyjski w Pataliputrze;Sobór w Kandaharze
Tradycje i Religie;Buddyzm i Hinduizm;bardzo trudne;Jak nazywa się indyjski, święty język, w którym spisano Wedy i wiele klasycznych tekstów hinduistycznych?;sanskryt;pali;hindi;tamilski
Tradycje i Religie;Religie Azji Wschodniej;łatwe;Jak nazywa się japońska szkoła buddyzmu, kładąca nacisk na medytację siedzącą (zazen)?;buddyzm zen;buddyzm tybetański;buddyzm therawada;hinduizm
Tradycje i Religie;Religie Azji Wschodniej;trudne;Jak nazywa się koreańska odmiana buddyzmu zen, znana pod lokalną nazwą "Seon"?;buddyzm Seon;buddyzm zen;buddyzm therawada;buddyzm Nichiren
Tradycje i Religie;Religie Azji Wschodniej;trudne;Jak nazywa się chińska koncepcja dwóch przeciwstawnych, uzupełniających się sił, symbolizowanych czarno-białym kołem?;jin i jang;wu wei;tao;chi (qi)
Tradycje i Religie;Religie Azji Wschodniej;bardzo trudne;Jak nazywał się chiński cesarz, założyciel dynastii Qin, który zjednoczył Chiny i rozpoczął budowę Wielkiego Muru?;Qin Shi Huang;Konfucjusz;Cesarz Wu z Han;Sun Tzu
Tradycje i Religie;Religie Azji Wschodniej;bardzo trudne;Jak nazywa się japońska ascetyczna praktyka górskich mnichów, łącząca elementy shinto i buddyzmu, obejmująca m.in. medytację pod wodospadem?;shugendō;zazen;seppuku;bushido
Tradycje i Religie;Mitologia Grecka i Rzymska;łatwe;Jak nazywał się grecki bóg słońca, jeżdżący rydwanem po niebie każdego dnia?;Helios;Apollo;Hyperion;Faeton
Tradycje i Religie;Mitologia Grecka i Rzymska;trudne;Jak nazywała się grecka bogini zbiorów i urodzaju, matka Persefony, której smutek po utracie córki tłumaczył nadejście zimy?;Demeter;Hera;Persefona;Artemida
Tradycje i Religie;Mitologia Grecka i Rzymska;trudne;Jak nazywał się grecki bóg wina, ekstazy i teatru, syn Zeusa i Semele?;Dionizos;Apollo;Hermes;Pan
Tradycje i Religie;Mitologia Grecka i Rzymska;bardzo trudne;Jak nazywała się rzymska bogini rolnictwa i urodzaju, odpowiedniczka greckiej Demeter, od której imienia pochodzi słowo "cereal"?;Ceres;Junona;Minerwa;Diana
Tradycje i Religie;Mitologia Grecka i Rzymska;bardzo trudne;Jak nazywał się grecki tytan, który wykradł ogień bogom i podarował go ludziom, za co został ukarany przez Zeusa?;Prometeusz;Atlas;Epimeteusz;Herakles
Tradycje i Religie;Mitologia Nordycka i Słowiańska;łatwe;Jak nazywała się nordycka bogini miłości, piękna i płodności, siostra Freya?;Freja;Frigg;Idun;Skadi
Tradycje i Religie;Mitologia Nordycka i Słowiańska;trudne;Jak nazywał się słowiański bóg płodności i urodzaju, czczony m.in. w Radogoszczy według Kroniki Thietmara?;Radogost (Swarożyc);Perun;Trzygław;Weles
Tradycje i Religie;Mitologia Nordycka i Słowiańska;trudne;Jak nazywał się piękny bóg nordycki, syn Odyna, którego śmierć spowodowana podstępem Lokiego zapowiadała nadejście Ragnaröku?;Baldur;Tyr;Heimdall;Bragi
Tradycje i Religie;Mitologia Nordycka i Słowiańska;bardzo trudne;Jak nazywał się słowiański bóg światła i wojny, czczony w Arkonie na wyspie Rugia, którego posąg miał cztery głowy?;Świętowit;Trzygłów;Radogost;Weles
Tradycje i Religie;Mitologia Nordycka i Słowiańska;bardzo trudne;Jak nazywała się kraina umarłych w mitologii nordyckiej, rządzona przez boginię o tym samym imieniu, córkę Lokiego?;Hel;Asgard;Utgard;Vanaheim
Tradycje i Religie;Mitologie Świata;łatwe;Jak nazywał się grecki bóg podziemnego świata zmarłych, brat Zeusa i Posejdona?;Hades;Posejdon;Hermes;Ares
Tradycje i Religie;Mitologie Świata;trudne;Jak nazywa się celtycki festiwal oznaczający koniec lata i początek zimy, uznawany za pierwowzór Halloween?;Samhain;Beltane;Yule;Imbolc
Tradycje i Religie;Mitologie Świata;trudne;Jak nazywa się chiński mityczny cesarz, uznawany za wynalazcę rolnictwa i medycyny ziołowej, jeden z "Trzech Wzniosłych"?;Shennong;Fu Xi;Huang Di (Żółty Cesarz);Yao
Tradycje i Religie;Mitologie Świata;bardzo trudne;Jak nazywał się polinezyjski bóg oceanu i stworzenia, czczony na Hawajach i w innych kulturach Pacyfiku?;Kanaloa;Pele;Maui;Lono
Tradycje i Religie;Mitologie Świata;bardzo trudne;Jak nazywała się fenicka bogini miłości i płodności, odpowiedniczka mezopotamskiej Isztar, czczona m.in. w Kartaginie?;Asztarte (Astarte);Baal;Molech;Dagon
Tradycje i Religie;Bogowie Starożytnego Egiptu i Mezopotamii;łatwe;Jak nazywał się egipski bóg z ciałem człowieka i głową sokoła, syn Ozyrysa i Izydy, uosabiający władzę faraona?;Horus;Ozyrys;Set;Anubis
Tradycje i Religie;Bogowie Starożytnego Egiptu i Mezopotamii;trudne;Jak nazywał się egipski bóg chaosu i burzy, brat i zabójca Ozyrysa?;Set;Horus;Ozyrys;Apophis
Tradycje i Religie;Bogowie Starożytnego Egiptu i Mezopotamii;trudne;Jak nazywała się mezopotamska bogini-matka, stwórczyni pierwszych ludzi z gliny w micie sumeryjskim?;Ninhursag;Isztar;Ereszkigal;Inanna
Tradycje i Religie;Bogowie Starożytnego Egiptu i Mezopotamii;bardzo trudne;Jak nazywał się egipski bóg-karzeł, opiekun domowego ogniska, porodów i dzieci, przedstawiany w groteskowej postaci?;Bes;Thoth;Chnum;Ptah
Tradycje i Religie;Bogowie Starożytnego Egiptu i Mezopotamii;bardzo trudne;Jak nazywał się asyryjski bóg wojny, patron miasta Aszur, od którego pochodzi nazwa całego państwa?;Aszur;Marduk;Enlil;Ninurta
Tradycje i Religie;Religie Afryki i Ameryk;łatwe;Jak nazywał się bóg wojny i słońca u Azteków, patron stolicy Tenochtitlan, wymagający ofiar z ludzkiej krwi?;Huitzilopochtli;Quetzalcoatl;Tlaloc;Tezcatlipoca
Tradycje i Religie;Religie Afryki i Ameryk;trudne;Jak nazywa się afrykański system wróżbiarski Jorubów, oparty na interpretacji 16 podstawowych wzorów (odu)?;Ifá;Voodoo;Santería;Candomblé
Tradycje i Religie;Religie Afryki i Ameryk;trudne;Jak nazywał się najwyższy władca Inków, uznawany za bezpośredniego potomka boga słońca Inti?;Sapa Inca;faraon;tlatoani;cacique
Tradycje i Religie;Religie Afryki i Ameryk;bardzo trudne;Jak nazywał się zachodnioafrykański bóg-trickster, czczony przez Jorubów, pośrednik między ludźmi a bogami?;Eszu (Eshu);Ogun;Shango;Obatala
Tradycje i Religie;Religie Afryki i Ameryk;bardzo trudne;Jak nazywała się stolica imperium Inków, dziś znajdująca się w Peru?;Cusco;Machu Picchu;Nazca;Tiwanaku
Tradycje i Religie;Religie Świata - Przegląd;łatwe;Jak nazywa się druga co do liczby wyznawców religia świata, założona przez Mahometa?;islam;hinduizm;buddyzm;judaizm
Tradycje i Religie;Religie Świata - Przegląd;trudne;Jak nazywa się religia monoteistyczna, powstała w Indiach w XV wieku, łącząca elementy hinduizmu i islamu, założona przez Guru Nanaka?;sikhizm;dżinizm;zaratusztrianizm;baha'izm
Tradycje i Religie;Religie Świata - Przegląd;trudne;Jak nazywa się chińska filozofia religijna, nieuznająca osobowego boga, skupiona na etyce i harmonii społecznej, stworzona przez Konfucjusza?;konfucjanizm;taoizm;shintoizm;legalizm
Tradycje i Religie;Religie Świata - Przegląd;bardzo trudne;Ile w przybliżeniu wyznawców liczy dziś na świecie dżinizm, jedna z najstarszych religii Indii, głosząca skrajną ahinsę?;ok. 4-5 milionów;ok. 50 milionów;ok. 500 tysięcy;ok. 20 milionów
Tradycje i Religie;Religie Świata - Przegląd;bardzo trudne;Która z religii abrahamowych ma najmniej wyznawców na świecie?;judaizm;islam;chrześcijaństwo;baha'izm
Tradycje i Religie;Budownictwo Sakralne;łatwe;Jak nazywa się okrągłe lub wielokątne pomieszczenie w kościele, w którym udzielany jest sakrament chrztu?;baptysterium;prezbiterium;kruchta;zakrystia
Tradycje i Religie;Budownictwo Sakralne;trudne;Jak nazywa się boczna część kościoła, oddzielona od nawy głównej rzędem kolumn lub filarów?;nawa boczna;transept;absyda;krużganek
Tradycje i Religie;Budownictwo Sakralne;trudne;Jak nazywa się podziemna część kościoła, często służąca jako miejsce pochówku?;krypta;zakrystia;kruchta;prezbiterium
Tradycje i Religie;Budownictwo Sakralne;bardzo trudne;Jak nazywa się charakterystyczny, wielopoziomowy dach chińskich i japońskich świątyń, z zadartymi ku górze narożnikami?;dach pagodowy;dach mansardowy;dach kopułowy;dach namiotowy
Tradycje i Religie;Budownictwo Sakralne;bardzo trudne;Jak nazywa się technika iluzjonistycznego malowania sklepień w kościołach barokowych, sprawiająca wrażenie otwartej przestrzeni nieba?;quadratura;fresk;mozaika;witraż
Tradycje i Religie;Obrzędy i Zwyczaje Ludowe;łatwe;Jak nazywa się tradycyjny, polski zwyczaj malowania i zdobienia jajek na Wielkanoc?;pisanki;baranek wielkanocny;święconka;palmy wielkanocne
Tradycje i Religie;Obrzędy i Zwyczaje Ludowe;trudne;Jak nazywa się chiński zwyczaj wręczania czerwonych kopert z pieniędzmi podczas Nowego Roku, szczególnie dzieciom?;hongbao (czerwona koperta);otoshidama;amulet szczęścia;czerwona wstążka
Tradycje i Religie;Obrzędy i Zwyczaje Ludowe;trudne;Jak nazywa się meksykański zwyczaj rozbijania kolorowej, wypełnionej słodyczami figury podczas przyjęć i świąt?;piniata;posada;ofrenda;altar de muertos
Tradycje i Religie;Obrzędy i Zwyczaje Ludowe;bardzo trudne;Jak nazywa się starosłowiański obrzęd weselny, podczas którego panna młoda zdejmowała wianek i zakładała czepiec zamężnej kobiety?;oczepiny;swaty;zrękowiny;wiano
Tradycje i Religie;Obrzędy i Zwyczaje Ludowe;bardzo trudne;Jak nazywa się tradycyjny, żydowski baldachim weselny, pod którym odbywa się ceremonia zaślubin?;chupa;menora;mezuza;tałes
Tradycje i Religie;Wierzenia i Zabobony;łatwe;Jaki dzień tygodnia w połączeniu z datą 13 uznawany jest w wielu kulturach zachodnich za wyjątkowo pechowy?;piątek trzynastego;sobota trzynastego;wtorek trzynastego;niedziela trzynastego
Tradycje i Religie;Wierzenia i Zabobony;trudne;Według popularnego przesądu, co należy zrobić, gdy przypadkowo rozsypie się sól przy stole, by odwrócić zły los?;rzucić szczyptę soli przez lewe ramię;splunąć trzy razy przez ramię;zapukać w drewno;przekręcić się dookoła własnej osi
Tradycje i Religie;Wierzenia i Zabobony;trudne;Jaki przedmiot, według ludowego przesądu, nie powinien być otwierany wewnątrz domu, bo "przynosi pecha"?;parasol;nożyczki;lustro;but
Tradycje i Religie;Wierzenia i Zabobony;bardzo trudne;Jak nazywa się irracjonalny lęk przed liczbą 13, którego nazwa pochodzi z języka greckiego?;triskaidekafobia;arachnofobia;agorafobia;nyktofobia
Tradycje i Religie;Wierzenia i Zabobony;bardzo trudne;Jaki starorzymski gest dłoni (zaciśnięta pięść z kciukiem ukrytym w środku) uznawano za odstraszający złe duchy, będący pierwowzorem współczesnego "trzymania kciuków"?;pollice compresso;mano cornuta;pollice verso;victory sign
Tradycje i Religie;Święta Bożego Narodzenia i Wielkanoc;łatwe;Jak nazywa się ozdobne drzewko iglaste, tradycyjnie dekorowane bombkami i lampkami na Boże Narodzenie?;choinka;wieniec adwentowy;szopka bożonarodzeniowa;gwiazda betlejemska
Tradycje i Religie;Święta Bożego Narodzenia i Wielkanoc;trudne;Jak nazywa się charakterystyczna, długa strucla przekładana makiem, tradycyjnie pieczona na polskie święta?;makowiec;sernik;piernik;mazurek
Tradycje i Religie;Święta Bożego Narodzenia i Wielkanoc;trudne;Jak nazywa się dzień poprzedzający Wielki Piątek w Wielkim Tygodniu, upamiętniający Ostatnią Wieczerzę Jezusa z apostołami?;Wielki Czwartek;Wielki Piątek;Wielka Środa;Niedziela Palmowa
Tradycje i Religie;Święta Bożego Narodzenia i Wielkanoc;bardzo trudne;W którym roku po raz pierwszy opublikowano anonimowo wiersz "A Visit from St. Nicholas", który ukształtował współczesny wizerunek Świętego Mikołaja?;1823;1843;1800;1863
Tradycje i Religie;Święta Bożego Narodzenia i Wielkanoc;bardzo trudne;Jak brzmiała dawna, staropolska nazwa Wigilii Bożego Narodzenia?;wilia;kolęda;pasterka;gody
Tradycje i Religie;Święta w Innych Kulturach;łatwe;Jak nazywa się amerykańskie i kanadyjskie święto obchodzone 31 października, kiedy dzieci przebierają się za straszne postacie i chodzą po domach po słodycze?;Halloween;Dzień Zmarłych;Dziękczynienie;Karnawał
Tradycje i Religie;Święta w Innych Kulturach;trudne;Jak nazywa się żydowskie karnawałowe święto z przebraniami, upamiętniające ocalenie Żydów w Persji dzięki królowej Esterze?;Purim;Chanuka;Sukot;Pesach
Tradycje i Religie;Święta w Innych Kulturach;trudne;Jak nazywa się koreańskie i chińskie święto środka jesieni, podczas którego rodziny podziwiają pełnię księżyca i jedzą specjalne ciastka?;Chuseok;Diwali;Songkran;Holi
Tradycje i Religie;Święta w Innych Kulturach;bardzo trudne;Jak nazywa się etiopskie, prawosławne święto Objawienia Pańskiego, obchodzone w styczniu z masowymi kąpielami w wodzie święconej?;Timkat;Meskel;Ramadan;Nowruz
Tradycje i Religie;Święta w Innych Kulturach;bardzo trudne;Jak nazywa się japońskie święto dziewczynek, obchodzone 3 marca, podczas którego wystawia się lalki hina ningyō na specjalnych schodkach?;Hinamatsuri;Tanabata;Shichi-Go-San;Obon
